,time,volume,Timestamp,close,open,high,low,RF_BuySignal,RF_SellSignal,GreenArrow,RedArrow,Signal_Final
1970-01-01 00:00:00.000000359,1748687400,181,2025-05-31 10:30:00,0.187135,0.1881034078891214,0.1881034078891214,0.1863,0,0,False,True,0
1970-01-01 00:00:00.000000360,1748688300,1,2025-05-31 10:45:00,0.18694,0.1876192039445607,0.1876192039445607,0.18694,0,0,False,False,0
1970-01-01 00:00:00.000000361,1748689200,99,2025-05-31 11:00:00,0.18663000000000002,0.18727960197228033,0.18727960197228033,0.18607,0,0,False,False,0
1970-01-01 00:00:00.000000362,1748690100,153,2025-05-31 11:15:00,0.186645,0.18695480098614017,0.18695480098614017,0.18659,0,0,False,False,0
1970-01-01 00:00:00.000000363,1748691000,36,2025-05-31 11:30:00,0.1860875,0.1867999004930701,0.1867999004930701,0.18571,0,0,False,False,0
1970-01-01 00:00:00.000000364,1748691900,12,2025-05-31 11:45:00,0.18631,0.18644370024653506,0.18644370024653506,0.18631,0,0,False,False,0
1970-01-01 00:00:00.000000365,1748692800,492,2025-05-31 12:00:00,0.187135,0.18637685012326755,0.18794,0.18633,0,0,True,False,0
1970-01-01 00:00:00.000000366,1748693700,193,2025-05-31 12:15:00,0.188605,0.18675592506163377,0.18864,0.18675592506163377,0,0,False,False,0
1970-01-01 00:00:00.000000367,1748694600,273,2025-05-31 12:30:00,0.188461,0.18768046253081688,0.188462,0.18768046253081688,0,0,False,False,0
1970-01-01 00:00:00.000000368,1748695500,180,2025-05-31 12:45:00,0.19003,0.18807073126540844,0.1907,0.18807073126540844,1,0,True,False,1
1970-01-01 00:00:00.000000369,1748696400,3854,2025-05-31 13:00:00,0.19208599999999998,0.18905036563270422,0.193984,0.18905036563270422,0,0,False,False,0
1970-01-01 00:00:00.000000370,1748697300,319,2025-05-31 13:15:00,0.1925,0.1905681828163521,0.193,0.1905681828163521,0,0,False,False,0
1970-01-01 00:00:00.000000371,1748698200,0,2025-05-31 13:30:00,0.19203,0.19153409140817607,0.19203,0.19153409140817607,0,0,False,False,0
1970-01-01 00:00:00.000000372,1748699100,1539,2025-05-31 13:45:00,0.19149,0.19178204570408802,0.19178204570408802,0.19149,0,0,False,False,0
1970-01-01 00:00:00.000000373,1748700000,0,2025-05-31 14:00:00,0.19149,0.191636022852044,0.191636022852044,0.19149,0,0,False,False,0
1970-01-01 00:00:00.000000374,1748700900,3743,2025-05-31 14:15:00,0.192475,0.191563011426022,0.19285,0.191563011426022,0,0,True,False,0
1970-01-01 00:00:00.000000375,1748701800,2347,2025-05-31 14:30:00,0.19256800000000002,0.192019005713011,0.192616,0.192019005713011,0,0,False,False,0
1970-01-01 00:00:00.000000376,1748702700,510,2025-05-31 14:45:00,0.192525,0.1922935028565055,0.19262,0.1922935028565055,0,0,False,False,0
1970-01-01 00:00:00.000000377,1748703600,12,2025-05-31 15:00:00,0.19255,0.19240925142825277,0.19285,0.19225,0,0,False,False,0
1970-01-01 00:00:00.000000378,1748704500,6,2025-05-31 15:15:00,0.19386499999999998,0.19247962571412638,0.19393,0.19247962571412638,0,0,True,False,0
1970-01-01 00:00:00.000000379,1748705400,271,2025-05-31 15:30:00,0.193405,0.19317231285706318,0.19419,0.19272,0,0,False,False,0
1970-01-01 00:00:00.000000380,1748706300,500,2025-05-31 15:45:00,0.19161,0.1932886564285316,0.1932886564285316,0.19161,0,0,False,True,0
1970-01-01 00:00:00.000000381,1748707200,394,2025-05-31 16:00:00,0.192165,0.1924493282142658,0.19277,0.19156,0,0,False,False,0
1970-01-01 00:00:00.000000382,1748708100,424,2025-05-31 16:15:00,0.19309199999999999,0.1923071641071329,0.193154,0.1923071641071329,0,0,False,False,0
1970-01-01 00:00:00.000000383,1748709000,109,2025-05-31 16:30:00,0.19288,0.19269958205356644,0.19313,0.19263,0,0,False,False,0
1970-01-01 00:00:00.000000384,1748709900,214,2025-05-31 16:45:00,0.1927325,0.19278979102678323,0.19297,0.19251,0,0,False,False,0
1970-01-01 00:00:00.000000385,1748710800,1191,2025-05-31 17:00:00,0.19271,0.19276114551339163,0.19276114551339163,0.19267,0,0,False,False,0
1970-01-01 00:00:00.000000386,1748711700,10,2025-05-31 17:15:00,0.19329,0.1927355727566958,0.19329,0.1927355727566958,0,0,True,False,0
1970-01-01 00:00:00.000000387,1748712600,112,2025-05-31 17:30:00,0.192465,0.1930127863783479,0.1930127863783479,0.19219,0,0,False,False,0
1970-01-01 00:00:00.000000388,1748713500,0,2025-05-31 17:45:00,0.19274,0.19273889318917395,0.19274,0.19273889318917395,0,0,False,False,0
1970-01-01 00:00:00.000000389,1748714400,24,2025-05-31 18:00:00,0.191995,0.19273944659458697,0.19273944659458697,0.19166,0,0,False,True,0
1970-01-01 00:00:00.000000390,1748715300,937,2025-05-31 18:15:00,0.19264599999999998,0.1923672232972935,0.19298,0.1923672232972935,0,0,False,False,0
1970-01-01 00:00:00.000000391,1748716200,12,2025-05-31 18:30:00,0.19282,0.19250661164864674,0.19282,0.19250661164864674,0,0,False,False,0
1970-01-01 00:00:00.000000392,1748717100,451,2025-05-31 18:45:00,0.19271499999999997,0.19266330582432337,0.19304,0.19241,0,0,False,False,0
1970-01-01 00:00:00.000000393,1748718000,125,2025-05-31 19:00:00,0.19332,0.19268915291216165,0.19334,0.19268915291216165,0,0,True,False,0
1970-01-01 00:00:00.000000394,1748718900,15,2025-05-31 19:15:00,0.19375,0.19300457645608082,0.19375,0.19300457645608082,0,0,False,False,0
1970-01-01 00:00:00.000000395,1748719800,10,2025-05-31 19:30:00,0.19436,0.1933772882280404,0.19436,0.1933772882280404,0,0,False,False,0
1970-01-01 00:00:00.000000396,1748720700,0,2025-05-31 19:45:00,0.19436,0.19386864411402022,0.19436,0.19386864411402022,0,0,False,False,0
1970-01-01 00:00:00.000000397,1748721600,0,2025-05-31 20:00:00,0.19436,0.19411432205701012,0.19436,0.19411432205701012,0,0,False,False,0
1970-01-01 00:00:00.000000398,1748722500,0,2025-05-31 20:15:00,0.19436,0.19423716102850508,0.19436,0.19423716102850508,0,0,False,False,0
1970-01-01 00:00:00.000000399,1748723400,0,2025-05-31 20:30:00,0.19436,0.19429858051425253,0.19436,0.19429858051425253,0,0,False,False,0
1970-01-01 00:00:00.000000400,1748724300,0,2025-05-31 20:45:00,0.19436,0.19432929025712625,0.19436,0.19432929025712625,0,0,False,False,0
1970-01-01 00:00:00.000000401,1748725200,0,2025-05-31 21:00:00,0.19436,0.19434464512856314,0.19436,0.19434464512856314,0,0,False,False,0
1970-01-01 00:00:00.000000402,1748726100,0,2025-05-31 21:15:00,0.19436,0.1943523225642816,0.19436,0.1943523225642816,0,0,False,False,0
1970-01-01 00:00:00.000000403,1748727000,25,2025-05-31 21:30:00,0.19408,0.19435616128214078,0.19435616128214078,0.19408,0,0,False,False,0
1970-01-01 00:00:00.000000404,1748727900,0,2025-05-31 21:45:00,0.19408,0.19421808064107038,0.19421808064107038,0.19408,0,0,False,False,0
1970-01-01 00:00:00.000000405,1748728800,0,2025-05-31 22:00:00,0.19408,0.1941490403205352,0.1941490403205352,0.19408,0,0,False,False,0
1970-01-01 00:00:00.000000406,1748729700,0,2025-05-31 22:15:00,0.19408,0.1941145201602676,0.1941145201602676,0.19408,0,0,False,False,0
1970-01-01 00:00:00.000000407,1748730600,0,2025-05-31 22:30:00,0.19408,0.19409726008013378,0.19409726008013378,0.19408,0,0,False,False,0
1970-01-01 00:00:00.000000408,1748731500,0,2025-05-31 22:45:00,0.19408,0.19408863004006688,0.19408863004006688,0.19408,0,0,False,False,0
1970-01-01 00:00:00.000000409,1748732400,125,2025-05-31 23:00:00,0.19232,0.19408431502003343,0.19408431502003343,0.19232,0,1,False,True,-1
1970-01-01 00:00:00.000000410,1748733300,0,2025-05-31 23:15:00,0.19232,0.1932021575100167,0.1932021575100167,0.19232,0,0,False,False,0
1970-01-01 00:00:00.000000411,1748734200,10,2025-05-31 23:30:00,0.19262,0.19276107875500836,0.19276107875500836,0.19262,0,0,False,False,0
1970-01-01 00:00:00.000000412,1748735100,0,2025-05-31 23:45:00,0.19262,0.1926905393775042,0.1926905393775042,0.19262,0,0,False,False,0
1970-01-01 00:00:00.000000413,1748736000,0,2025-06-01 00:00:00,0.19262,0.1926552696887521,0.1926552696887521,0.19262,0,0,False,False,0
1970-01-01 00:00:00.000000414,1748736900,457,2025-06-01 00:15:00,0.19091,0.19263763484437607,0.19263763484437607,0.19091,0,0,False,True,0
1970-01-01 00:00:00.000000415,1748737800,53,2025-06-01 00:30:00,0.19092,0.19177381742218802,0.19177381742218802,0.19092,0,0,False,False,0
1970-01-01 00:00:00.000000416,1748738700,0,2025-06-01 00:45:00,0.19092,0.191346908711094,0.191346908711094,0.19092,0,0,False,False,0
1970-01-01 00:00:00.000000417,1748739600,0,2025-06-01 01:00:00,0.19092,0.19113345435554702,0.19113345435554702,0.19092,0,0,False,False,0
1970-01-01 00:00:00.000000418,1748740500,59,2025-06-01 01:15:00,0.191215,0.19102672717777353,0.19188,0.19055,0,0,False,False,0
1970-01-01 00:00:00.000000419,1748741400,3,2025-06-01 01:30:00,0.19043,0.19112086358888675,0.19112086358888675,0.19043,0,0,False,False,0
1970-01-01 00:00:00.000000420,1748742300,28,2025-06-01 01:45:00,0.18887500000000002,0.19077543179444337,0.19077543179444337,0.18847,0,0,False,False,0
1970-01-01 00:00:00.000000421,1748743200,3,2025-06-01 02:00:00,0.1883,0.18982521589722168,0.18982521589722168,0.1883,0,0,False,False,0
1970-01-01 00:00:00.000000422,1748744100,21,2025-06-01 02:15:00,0.18855999999999998,0.18906260794861085,0.18906260794861085,0.18846,0,0,False,False,0
1970-01-01 00:00:00.000000423,1748745000,17,2025-06-01 02:30:00,0.18954,0.1888113039743054,0.1896,0.1888113039743054,0,0,False,False,0
1970-01-01 00:00:00.000000424,1748745900,46,2025-06-01 02:45:00,0.18977,0.1891756519871527,0.18994,0.1891756519871527,0,0,False,False,0
1970-01-01 00:00:00.000000425,1748746800,449,2025-06-01 03:00:00,0.189266,0.18947282599357634,0.189564,0.18897,0,0,False,False,0
1970-01-01 00:00:00.000000426,1748747700,20,2025-06-01 03:15:00,0.18825999999999998,0.18936941299678817,0.18936941299678817,0.18817,0,0,False,True,0
1970-01-01 00:00:00.000000427,1748748600,16,2025-06-01 03:30:00,0.18957,0.18881470649839407,0.18957,0.18881470649839407,0,0,False,False,0
1970-01-01 00:00:00.000000428,1748749500,0,2025-06-01 03:45:00,0.18957,0.18919235324919703,0.18957,0.18919235324919703,0,0,False,False,0
1970-01-01 00:00:00.000000429,1748750400,15,2025-06-01 04:00:00,0.18976,0.18938117662459852,0.18976,0.18938117662459852,0,0,True,False,0
1970-01-01 00:00:00.000000430,1748751300,537,2025-06-01 04:15:00,0.190463,0.18957058831229928,0.190466,0.18957058831229928,0,0,False,False,0
1970-01-01 00:00:00.000000431,1748752200,561,2025-06-01 04:30:00,0.19137500000000002,0.19001679415614964,0.19162,0.19001679415614964,1,0,False,False,0
1970-01-01 00:00:00.000000432,1748753100,0,2025-06-01 04:45:00,0.19162,0.19069589707807483,0.19162,0.19069589707807483,0,0,False,False,0
1970-01-01 00:00:00.000000433,1748754000,55,2025-06-01 05:00:00,0.19144,0.19115794853903742,0.19144,0.19115794853903742,0,0,False,False,0
1970-01-01 00:00:00.000000434,1748754900,0,2025-06-01 05:15:00,0.19144,0.1912989742695187,0.19144,0.1912989742695187,0,0,False,False,0
1970-01-01 00:00:00.000000435,1748755800,0,2025-06-01 05:30:00,0.19144,0.19136948713475935,0.19144,0.19136948713475935,0,0,False,False,0
1970-01-01 00:00:00.000000436,1748756700,1,2025-06-01 05:45:00,0.19084,0.1914047435673797,0.1914047435673797,0.19084,0,0,False,False,0
1970-01-01 00:00:00.000000437,1748757600,65,2025-06-01 06:00:00,0.19039,0.19112237178368985,0.19112237178368985,0.19039,0,0,False,False,0
1970-01-01 00:00:00.000000438,1748758500,64,2025-06-01 06:15:00,0.1898175,0.19075618589184493,0.19075618589184493,0.18958,0,0,False,False,0
1970-01-01 00:00:00.000000439,1748759400,46,2025-06-01 06:30:00,0.1902025,0.19028684294592246,0.19044,0.19011,0,0,False,False,0
1970-01-01 00:00:00.000000440,1748760300,0,2025-06-01 06:45:00,0.19015,0.19024467147296123,0.19024467147296123,0.19015,0,0,False,False,0
1970-01-01 00:00:00.000000441,1748761200,206,2025-06-01 07:00:00,0.1893,0.19019733573648062,0.19019733573648062,0.18921,0,0,False,True,0
1970-01-01 00:00:00.000000442,1748762100,524,2025-06-01 07:15:00,0.18965749999999998,0.1897486678682403,0.1899,0.18935,0,0,False,False,0
1970-01-01 00:00:00.000000443,1748763000,1598,2025-06-01 07:30:00,0.18984049999999997,0.18970308393412014,0.18997,0.18966,0,0,False,False,0
1970-01-01 00:00:00.000000444,1748763900,1406,2025-06-01 07:45:00,0.18994499999999997,0.18977179196706007,0.1901,0.18973,0,0,False,False,0
1970-01-01 00:00:00.000000445,1748764800,92,2025-06-01 08:00:00,0.18955249999999998,0.18985839598353002,0.18985839598353002,0.18939,0,0,False,False,0
1970-01-01 00:00:00.000000446,1748765700,809,2025-06-01 08:15:00,0.1890955,0.189705447991765,0.189705447991765,0.18877,0,1,False,False,0
1970-01-01 00:00:00.000000447,1748766600,116,2025-06-01 08:30:00,0.189425,0.1894004739958825,0.18946,0.18939,0,0,False,False,0
1970-01-01 00:00:00.000000448,1748767500,30,2025-06-01 08:45:00,0.18940999999999997,0.18941273699794126,0.1896,0.18922,0,0,False,False,0
1970-01-01 00:00:00.000000449,1748768400,239,2025-06-01 09:00:00,0.18835,0.1894113684989706,0.1894113684989706,0.18835,0,0,False,True,0
1970-01-01 00:00:00.000000450,1748769300,469,2025-06-01 09:15:00,0.187925,0.1888806842494853,0.1888806842494853,0.18791,0,0,False,False,0
1970-01-01 00:00:00.000000451,1748770200,5,2025-06-01 09:30:00,0.18755,0.18840284212474265,0.18840284212474265,0.18755,0,0,False,False,0
1970-01-01 00:00:00.000000452,1748771100,9,2025-06-01 09:45:00,0.18717250000000002,0.18797642106237133,0.18797642106237133,0.18681,0,0,False,False,0
1970-01-01 00:00:00.000000453,1748772000,358,2025-06-01 10:00:00,0.18761174999999997,0.18757446053118568,0.18783,0.186977,0,0,False,False,0
1970-01-01 00:00:00.000000454,1748772900,11,2025-06-01 10:15:00,0.188035,0.1875931052655928,0.18828,0.1875931052655928,0,0,True,False,0
1970-01-01 00:00:00.000000455,1748773800,671,2025-06-01 10:30:00,0.1873665,0.1878140526327964,0.1878140526327964,0.18723,0,0,False,False,0
1970-01-01 00:00:00.000000456,1748774700,0,2025-06-01 10:45:00,0.18723,0.18759027631639819,0.18759027631639819,0.18723,0,0,False,False,0
1970-01-01 00:00:00.000000457,1748775600,72,2025-06-01 11:00:00,0.18811,0.1874101381581991,0.18811,0.1874101381581991,0,0,True,False,0
1970-01-01 00:00:00.000000458,1748776500,97,2025-06-01 11:15:00,0.18883499999999998,0.18776006907909953,0.18895,0.18776006907909953,0,0,False,False,0
1970-01-01 00:00:00.000000459,1748777400,128,2025-06-01 11:30:00,0.188895,0.18829753453954975,0.18904,0.18829753453954975,0,0,False,False,0
1970-01-01 00:00:00.000000460,1748778300,20,2025-06-01 11:45:00,0.18916,0.18859626726977488,0.18916,0.18859626726977488,0,0,True,False,0
1970-01-01 00:00:00.000000461,1748779200,0,2025-06-01 12:00:00,0.18916,0.18887813363488742,0.18916,0.18887813363488742,0,0,False,False,0
1970-01-01 00:00:00.000000462,1748780100,115,2025-06-01 12:15:00,0.189341,0.1890190668174437,0.189342,0.1890190668174437,0,0,True,False,0
1970-01-01 00:00:00.000000463,1748781000,1,2025-06-01 12:30:00,0.18804,0.18918003340872186,0.18918003340872186,0.18804,0,0,False,False,0
1970-01-01 00:00:00.000000464,1748781900,150,2025-06-01 12:45:00,0.18757000000000001,0.18861001670436095,0.18861001670436095,0.18726,0,0,False,False,0
1970-01-01 00:00:00.000000465,1748782800,0,2025-06-01 13:00:00,0.18788,0.18809000835218048,0.18809000835218048,0.18788,0,0,False,False,0
1970-01-01 00:00:00.000000466,1748783700,1345,2025-06-01 13:15:00,0.1887325,0.18798500417609024,0.18905,0.18798500417609024,0,0,True,False,0
1970-01-01 00:00:00.000000467,1748784600,6,2025-06-01 13:30:00,0.1892,0.18835875208804512,0.1892,0.18835875208804512,0,0,False,False,0
1970-01-01 00:00:00.000000468,1748785500,210,2025-06-01 13:45:00,0.189235,0.18877937604402256,0.18949,0.18877937604402256,0,0,False,False,0
1970-01-01 00:00:00.000000469,1748786400,77,2025-06-01 14:00:00,0.189715,0.18900718802201127,0.19009,0.18900718802201127,1,0,False,False,0
1970-01-01 00:00:00.000000470,1748787300,0,2025-06-01 14:15:00,0.19009,0.18936109401100565,0.19009,0.18936109401100565,0,0,False,False,0
1970-01-01 00:00:00.000000471,1748788200,616,2025-06-01 14:30:00,0.191485,0.18972554700550281,0.19156,0.18972554700550281,0,0,True,False,0
1970-01-01 00:00:00.000000472,1748789100,505,2025-06-01 14:45:00,0.191275,0.19060527350275142,0.19133,0.19060527350275142,0,0,False,False,0
1970-01-01 00:00:00.000000473,1748790000,72,2025-06-01 15:00:00,0.19112,0.19094013675137572,0.19112,0.19094013675137572,0,0,False,False,0
1970-01-01 00:00:00.000000474,1748790900,13,2025-06-01 15:15:00,0.19122,0.19103006837568787,0.19167,0.19077,0,0,False,False,0
1970-01-01 00:00:00.000000475,1748791800,32,2025-06-01 15:30:00,0.1920025,0.19112503418784393,0.19233,0.19112503418784393,0,0,False,False,0
1970-01-01 00:00:00.000000476,1748792700,3691,2025-06-01 15:45:00,0.19180999999999998,0.19156376709392198,0.19203,0.19147,0,0,False,False,0
1970-01-01 00:00:00.000000477,1748793600,545,2025-06-01 16:00:00,0.19207000000000002,0.19168688354696098,0.19231,0.19168688354696098,0,0,False,False,0
1970-01-01 00:00:00.000000478,1748794500,3,2025-06-01 16:15:00,0.19409,0.1918784417734805,0.19409,0.1918784417734805,0,0,False,False,0
1970-01-01 00:00:00.000000479,1748795400,14,2025-06-01 16:30:00,0.193415,0.19298422088674028,0.19355,0.19298422088674028,0,0,False,False,0
1970-01-01 00:00:00.000000480,1748796300,420,2025-06-01 16:45:00,0.194095,0.19319961044337014,0.19428,0.19319961044337014,0,0,True,False,0
1970-01-01 00:00:00.000000481,1748797200,1255,2025-06-01 17:00:00,0.19304300000000002,0.19364730522168505,0.19364730522168505,0.19286,0,0,False,False,0
1970-01-01 00:00:00.000000482,1748798100,675,2025-06-01 17:15:00,0.19278,0.19334515261084254,0.19334515261084254,0.19261,0,0,False,False,0
1970-01-01 00:00:00.000000483,1748799000,0,2025-06-01 17:30:00,0.19295,0.19306257630542129,0.19306257630542129,0.19295,0,0,False,False,0
1970-01-01 00:00:00.000000484,1748799900,1,2025-06-01 17:45:00,0.19278,0.19300628815271065,0.19300628815271065,0.19278,0,0,False,False,0
1970-01-01 00:00:00.000000485,1748800800,23,2025-06-01 18:00:00,0.19228,0.19289314407635533,0.19289314407635533,0.19201,0,0,False,False,0
1970-01-01 00:00:00.000000486,1748801700,501,2025-06-01 18:15:00,0.19161999999999998,0.19258657203817767,0.19258657203817767,0.19119,0,0,False,False,0
1970-01-01 00:00:00.000000487,1748802600,500,2025-06-01 18:30:00,0.19024,0.19210328601908883,0.19210328601908883,0.19024,0,1,False,False,0
1970-01-01 00:00:00.000000488,1748803500,0,2025-06-01 18:45:00,0.19024,0.19117164300954442,0.19117164300954442,0.19024,0,0,False,False,0
1970-01-01 00:00:00.000000489,1748804400,13,2025-06-01 19:00:00,0.19134,0.19070582150477222,0.19134,0.19070582150477222,0,0,False,False,0
1970-01-01 00:00:00.000000490,1748805300,0,2025-06-01 19:15:00,0.19134,0.19102291075238612,0.19134,0.19102291075238612,0,0,False,False,0
1970-01-01 00:00:00.000000491,1748806200,5,2025-06-01 19:30:00,0.19129,0.19118145537619308,0.19129,0.19118145537619308,0,0,False,False,0
1970-01-01 00:00:00.000000492,1748807100,26,2025-06-01 19:45:00,0.19164,0.19123572768809655,0.19164,0.19123572768809655,0,0,True,False,0
1970-01-01 00:00:00.000000493,1748808000,10,2025-06-01 20:00:00,0.191565,0.19143786384404826,0.19173,0.1914,0,0,False,False,0
1970-01-01 00:00:00.000000494,1748808900,0,2025-06-01 20:15:00,0.1914,0.19150143192202412,0.19150143192202412,0.1914,0,0,False,False,0
1970-01-01 00:00:00.000000495,1748809800,0,2025-06-01 20:30:00,0.1914,0.19145071596101204,0.19145071596101204,0.1914,0,0,False,False,0
1970-01-01 00:00:00.000000496,1748810700,0,2025-06-01 20:45:00,0.1914,0.19142535798050603,0.19142535798050603,0.1914,0,0,False,False,0
1970-01-01 00:00:00.000000497,1748811600,0,2025-06-01 21:00:00,0.1914,0.191412678990253,0.191412678990253,0.1914,0,0,False,False,0
1970-01-01 00:00:00.000000498,1748812500,40,2025-06-01 21:15:00,0.192095,0.19140633949512648,0.19215,0.19140633949512648,0,0,True,False,0
1970-01-01 00:00:00.000000499,1748813400,40,2025-06-01 21:30:00,0.19204,0.19175066974756322,0.19204,0.19175066974756322,0,0,False,False,0
1970-01-01 00:00:00.000000500,1748814300,0,2025-06-01 21:45:00,0.19204,0.1918953348737816,0.19204,0.1918953348737816,0,0,False,False,0
1970-01-01 00:00:00.000000501,1748815200,0,2025-06-01 22:00:00,0.19204,0.1919676674368908,0.19204,0.1919676674368908,0,0,False,False,0
1970-01-01 00:00:00.000000502,1748816100,0,2025-06-01 22:15:00,0.19204,0.1920038337184454,0.19204,0.1920038337184454,0,0,False,False,0
1970-01-01 00:00:00.000000503,1748817000,10,2025-06-01 22:30:00,0.19314,0.1920219168592227,0.19314,0.1920219168592227,1,0,True,False,1
1970-01-01 00:00:00.000000504,1748817900,0,2025-06-01 22:45:00,0.19314,0.19258095842961137,0.19314,0.19258095842961137,0,0,False,False,0
1970-01-01 00:00:00.000000505,1748818800,0,2025-06-01 23:00:00,0.19314,0.1928604792148057,0.19314,0.1928604792148057,0,0,False,False,0
1970-01-01 00:00:00.000000506,1748819700,0,2025-06-01 23:15:00,0.19314,0.19300023960740287,0.19314,0.19300023960740287,0,0,False,False,0
1970-01-01 00:00:00.000000507,1748820600,0,2025-06-01 23:30:00,0.19314,0.19307011980370142,0.19314,0.19307011980370142,0,0,False,False,0
1970-01-01 00:00:00.000000508,1748821500,0,2025-06-01 23:45:00,0.19314,0.19310505990185073,0.19314,0.19310505990185073,0,0,False,False,0
1970-01-01 00:00:00.000000509,1748822400,0,2025-06-02 00:00:00,0.19314,0.19312252995092538,0.19314,0.19312252995092538,0,0,False,False,0
1970-01-01 00:00:00.000000510,1748823300,0,2025-06-02 00:15:00,0.19314,0.19313126497546268,0.19314,0.19313126497546268,0,0,False,False,0
1970-01-01 00:00:00.000000511,1748824200,0,2025-06-02 00:30:00,0.19314,0.19313563248773136,0.19314,0.19313563248773136,0,0,False,False,0
1970-01-01 00:00:00.000000512,1748825100,100,2025-06-02 00:45:00,0.19267,0.19313781624386567,0.19313781624386567,0.19267,0,0,False,False,0
1970-01-01 00:00:00.000000513,1748826000,0,2025-06-02 01:00:00,0.19267,0.19290390812193284,0.19290390812193284,0.19267,0,0,False,False,0
1970-01-01 00:00:00.000000514,1748826900,1086,2025-06-02 01:15:00,0.19342900000000002,0.1927869540609664,0.194032,0.1927869540609664,0,0,True,False,0
1970-01-01 00:00:00.000000515,1748827800,0,2025-06-02 01:30:00,0.193054,0.1931079770304832,0.1931079770304832,0.193054,0,0,False,False,0
1970-01-01 00:00:00.000000516,1748828700,131,2025-06-02 01:45:00,0.1921955,0.1930809885152416,0.1930809885152416,0.19216,0,0,False,True,0
1970-01-01 00:00:00.000000517,1748829600,100,2025-06-02 02:00:00,0.19115,0.1926382442576208,0.1926382442576208,0.19115,0,1,False,False,-1
1970-01-01 00:00:00.000000518,1748830500,0,2025-06-02 02:15:00,0.19115,0.1918941221288104,0.1918941221288104,0.19115,0,0,False,False,0
1970-01-01 00:00:00.000000519,1748831400,0,2025-06-02 02:30:00,0.19115,0.1915220610644052,0.1915220610644052,0.19115,0,0,False,False,0
1970-01-01 00:00:00.000000520,1748832300,1000,2025-06-02 02:45:00,0.190803,0.1913360305322026,0.1913360305322026,0.19077,0,0,False,True,0
1970-01-01 00:00:00.000000521,1748833200,10,2025-06-02 03:00:00,0.18993,0.1910695152661013,0.1910695152661013,0.18987,0,0,False,False,0
1970-01-01 00:00:00.000000522,1748834100,131,2025-06-02 03:15:00,0.18928,0.19049975763305066,0.19049975763305066,0.18928,0,0,False,False,0
1970-01-01 00:00:00.000000523,1748835000,308,2025-06-02 03:30:00,0.19038,0.18988987881652533,0.19067,0.18988987881652533,0,0,False,False,0
1970-01-01 00:00:00.000000524,1748835900,319,2025-06-02 03:45:00,0.19057000000000002,0.19013493940826265,0.1907,0.19013493940826265,0,0,False,False,0
1970-01-01 00:00:00.000000525,1748836800,4,2025-06-02 04:00:00,0.1905,0.19035246970413133,0.1905,0.19035246970413133,0,0,False,False,0
1970-01-01 00:00:00.000000526,1748837700,12,2025-06-02 04:15:00,0.190945,0.19042623485206567,0.19101,0.19042623485206567,0,0,False,False,0
1970-01-01 00:00:00.000000527,1748838600,251,2025-06-02 04:30:00,0.191156,0.19068561742603285,0.191214,0.19068561742603285,0,0,False,False,0
1970-01-01 00:00:00.000000528,1748839500,275,2025-06-02 04:45:00,0.19028499999999998,0.19092080871301642,0.19092080871301642,0.19011,0,0,False,False,0
1970-01-01 00:00:00.000000529,1748840400,377,2025-06-02 05:00:00,0.19056,0.1906029043565082,0.19092,0.1902,0,0,False,False,0
1970-01-01 00:00:00.000000530,1748841300,1000,2025-06-02 05:15:00,0.190575,0.19058145217825412,0.19058145217825412,0.19057,0,0,False,False,0
1970-01-01 00:00:00.000000531,1748842200,0,2025-06-02 05:30:00,0.19058,0.19057822608912706,0.19058,0.19057822608912706,0,0,False,False,0
1970-01-01 00:00:00.000000532,1748843100,1500,2025-06-02 05:45:00,0.18999500000000002,0.19057911304456354,0.19057911304456354,0.18962,0,0,False,True,0
1970-01-01 00:00:00.000000533,1748844000,410,2025-06-02 06:00:00,0.19037500000000002,0.19028705652228178,0.19038,0.19028705652228178,0,0,False,False,0
1970-01-01 00:00:00.000000534,1748844900,0,2025-06-02 06:15:00,0.19037,0.1903310282611409,0.19037,0.1903310282611409,0,0,False,False,0
1970-01-01 00:00:00.000000535,1748845800,506,2025-06-02 06:30:00,0.19038299999999997,0.19035051413057047,0.190386,0.19035051413057047,0,0,False,False,0
1970-01-01 00:00:00.000000536,1748846700,444,2025-06-02 06:45:00,0.1903785,0.19036675706528522,0.190388,0.19036675706528522,0,0,False,False,0
1970-01-01 00:00:00.000000537,1748847600,0,2025-06-02 07:00:00,0.19037,0.1903726285326426,0.1903726285326426,0.19037,0,0,False,False,0
1970-01-01 00:00:00.000000538,1748848500,0,2025-06-02 07:15:00,0.19037,0.1903713142663213,0.1903713142663213,0.19037,0,0,False,False,0
1970-01-01 00:00:00.000000539,1748849400,0,2025-06-02 07:30:00,0.19037,0.19037065713316065,0.19037065713316065,0.19037,0,0,False,False,0
1970-01-01 00:00:00.000000540,1748850300,0,2025-06-02 07:45:00,0.19037,0.19037032856658032,0.19037032856658032,0.19037,0,0,False,False,0
1970-01-01 00:00:00.000000541,1748851200,0,2025-06-02 08:00:00,0.19037,0.19037016428329018,0.19037016428329018,0.19037,0,0,False,False,0
1970-01-01 00:00:00.000000542,1748852100,0,2025-06-02 08:15:00,0.19037,0.19037008214164508,0.19037008214164508,0.19037,0,0,False,False,0
1970-01-01 00:00:00.000000543,1748853000,297,2025-06-02 08:30:00,0.1922625,0.19037004107082256,0.19285,0.19037004107082256,1,0,True,False,1
1970-01-01 00:00:00.000000544,1748853900,2,2025-06-02 08:45:00,0.191285,0.19131627053541128,0.19131627053541128,0.19128,0,0,False,False,0
1970-01-01 00:00:00.000000545,1748854800,225,2025-06-02 09:00:00,0.1902175,0.19130063526770563,0.19130063526770563,0.18998,0,1,False,True,-1
1970-01-01 00:00:00.000000546,1748855700,190,2025-06-02 09:15:00,0.1899675,0.1907590676338528,0.1907590676338528,0.18975,0,0,False,False,0
1970-01-01 00:00:00.000000547,1748856600,494,2025-06-02 09:30:00,0.19007000000000002,0.1903632838169264,0.1903632838169264,0.18997,0,0,False,False,0
1970-01-01 00:00:00.000000548,1748857500,0,2025-06-02 09:45:00,0.19017,0.1902166419084632,0.1902166419084632,0.19017,0,0,False,False,0
1970-01-01 00:00:00.000000549,1748858400,2054,2025-06-02 10:00:00,0.19003499999999998,0.1901933209542316,0.19077,0.18912,0,0,False,False,0
1970-01-01 00:00:00.000000550,1748859300,509,2025-06-02 10:15:00,0.1902465,0.1901141604771158,0.190626,0.18971,0,0,False,False,0
1970-01-01 00:00:00.000000551,1748860200,1797,2025-06-02 10:30:00,0.18991,0.1901803302385579,0.1901803302385579,0.18991,0,0,False,False,0
1970-01-01 00:00:00.000000552,1748861100,0,2025-06-02 10:45:00,0.18991,0.19004516511927894,0.19004516511927894,0.18991,0,0,False,False,0
1970-01-01 00:00:00.000000553,1748862000,31,2025-06-02 11:00:00,0.18954500000000002,0.18997758255963948,0.18997758255963948,0.18944,0,0,False,False,0
1970-01-01 00:00:00.000000554,1748862900,66,2025-06-02 11:15:00,0.18991999999999998,0.18976129127981975,0.19012,0.18971,0,0,False,False,0
1970-01-01 00:00:00.000000555,1748863800,468,2025-06-02 11:30:00,0.18891,0.18984064563990988,0.18984064563990988,0.18891,0,0,False,True,0
1970-01-01 00:00:00.000000556,1748864700,1,2025-06-02 11:45:00,0.18862,0.18937532281995495,0.18937532281995495,0.18862,0,0,False,False,0
1970-01-01 00:00:00.000000557,1748865600,103,2025-06-02 12:00:00,0.18924000000000002,0.18899766140997748,0.18931,0.18899766140997748,0,0,False,False,0
1970-01-01 00:00:00.000000558,1748866500,0,2025-06-02 12:15:00,0.18917,0.18911883070498875,0.18917,0.18911883070498875,0,0,False,False,0
1970-01-01 00:00:00.000000559,1748867400,1190,2025-06-02 12:30:00,0.1899855,0.18914441535249438,0.19038,0.18914441535249438,0,0,True,False,0
1970-01-01 00:00:00.000000560,1748868300,2717,2025-06-02 12:45:00,0.19005149999999998,0.1895649576762472,0.190236,0.1895649576762472,0,0,False,False,0
1970-01-01 00:00:00.000000561,1748869200,11,2025-06-02 13:00:00,0.18984499999999999,0.1898082288381236,0.18988,0.1898082288381236,0,0,False,False,0
1970-01-01 00:00:00.000000562,1748870100,1954,2025-06-02 13:15:00,0.18965300000000002,0.1898266144190618,0.189922,0.18916,0,0,False,False,0
1970-01-01 00:00:00.000000563,1748871000,1448,2025-06-02 13:30:00,0.190911,0.1897398072095309,0.191232,0.1897398072095309,1,0,False,False,0
1970-01-01 00:00:00.000000564,1748871900,2542,2025-06-02 13:45:00,0.189675,0.19032540360476546,0.19032540360476546,0.18921,0,0,False,False,0
1970-01-01 00:00:00.000000565,1748872800,4376,2025-06-02 14:00:00,0.18941599999999997,0.19000020180238275,0.19000020180238275,0.18921,0,0,False,False,0
1970-01-01 00:00:00.000000566,1748873700,263,2025-06-02 14:15:00,0.189862,0.18970810090119136,0.189864,0.18970810090119136,0,0,False,False,0
1970-01-01 00:00:00.000000567,1748874600,3210,2025-06-02 14:30:00,0.1915815,0.18978505045059568,0.192356,0.18978505045059568,0,0,True,False,0
1970-01-01 00:00:00.000000568,1748875500,400,2025-06-02 14:45:00,0.19067,0.19068327522529782,0.19068327522529782,0.19067,0,0,False,False,0
1970-01-01 00:00:00.000000569,1748876400,400,2025-06-02 15:00:00,0.19015300000000002,0.1906766376126489,0.1906766376126489,0.19015,0,0,False,False,0
1970-01-01 00:00:00.000000570,1748877300,0,2025-06-02 15:15:00,0.190156,0.19041481880632447,0.19041481880632447,0.190156,0,0,False,False,0
1970-01-01 00:00:00.000000571,1748878200,0,2025-06-02 15:30:00,0.190156,0.19028540940316224,0.19028540940316224,0.190156,0,0,False,False,0
1970-01-01 00:00:00.000000572,1748879100,0,2025-06-02 15:45:00,0.190156,0.19022070470158112,0.19022070470158112,0.190156,0,0,False,False,0
1970-01-01 00:00:00.000000573,1748880000,238,2025-06-02 16:00:00,0.191285,0.19018835235079057,0.19139,0.19018835235079057,0,0,True,False,0
1970-01-01 00:00:00.000000574,1748880900,5,2025-06-02 16:15:00,0.19093,0.1907366761753953,0.19134,0.1906,0,0,False,False,0
1970-01-01 00:00:00.000000575,1748881800,0,2025-06-02 16:30:00,0.1906,0.19083333808769765,0.19083333808769765,0.1906,0,0,False,False,0
1970-01-01 00:00:00.000000576,1748882700,12,2025-06-02 16:45:00,0.19116,0.19071666904384882,0.19116,0.19071666904384882,0,0,False,False,0
1970-01-01 00:00:00.000000577,1748883600,0,2025-06-02 17:00:00,0.19116,0.1909383345219244,0.19116,0.1909383345219244,0,0,False,False,0
1970-01-01 00:00:00.000000578,1748884500,0,2025-06-02 17:15:00,0.19116,0.19104916726096222,0.19116,0.19104916726096222,0,0,False,False,0
1970-01-01 00:00:00.000000579,1748885400,0,2025-06-02 17:30:00,0.19116,0.1911045836304811,0.19116,0.1911045836304811,0,0,False,False,0
1970-01-01 00:00:00.000000580,1748886300,41,2025-06-02 17:45:00,0.191865,0.19113229181524055,0.19199,0.19113229181524055,0,0,True,False,0
1970-01-01 00:00:00.000000581,1748887200,0,2025-06-02 18:00:00,0.19199,0.19149864590762028,0.19199,0.19149864590762028,0,0,False,False,0
1970-01-01 00:00:00.000000582,1748888100,0,2025-06-02 18:15:00,0.19199,0.19174432295381014,0.19199,0.19174432295381014,0,0,False,False,0
1970-01-01 00:00:00.000000583,1748889000,15,2025-06-02 18:30:00,0.19205,0.19186716147690508,0.19205,0.19186716147690508,0,0,True,False,0
1970-01-01 00:00:00.000000584,1748889900,85,2025-06-02 18:45:00,0.19104,0.19195858073845254,0.19195858073845254,0.19104,0,0,False,False,0
1970-01-01 00:00:00.000000585,1748890800,86,2025-06-02 19:00:00,0.19149,0.19149929036922625,0.19164,0.19134,0,0,False,False,0
1970-01-01 00:00:00.000000586,1748891700,6,2025-06-02 19:15:00,0.190265,0.19149464518461312,0.19149464518461312,0.19018,0,0,False,True,0
1970-01-01 00:00:00.000000587,1748892600,493,2025-06-02 19:30:00,0.18971749999999998,0.19087982259230657,0.19087982259230657,0.18968,0,1,False,False,-1
1970-01-01 00:00:00.000000588,1748893500,0,2025-06-02 19:45:00,0.18974,0.19029866129615328,0.19029866129615328,0.18974,0,0,False,False,0
1970-01-01 00:00:00.000000589,1748894400,1172,2025-06-02 20:00:00,0.19197,0.19001933064807663,0.19197,0.19001933064807663,0,0,True,False,0
1970-01-01 00:00:00.000000590,1748895300,0,2025-06-02 20:15:00,0.19197,0.1909946653240383,0.19197,0.1909946653240383,0,0,False,False,0
1970-01-01 00:00:00.000000591,1748896200,1172,2025-06-02 20:30:00,0.19138499999999997,0.19148233266201914,0.19148233266201914,0.19138,0,0,False,False,0
1970-01-01 00:00:00.000000592,1748897100,0,2025-06-02 20:45:00,0.19139,0.19143366633100956,0.19143366633100956,0.19139,0,0,False,False,0
1970-01-01 00:00:00.000000593,1748898000,0,2025-06-02 21:00:00,0.19139,0.19141183316550478,0.19141183316550478,0.19139,0,0,False,False,0
1970-01-01 00:00:00.000000594,1748898900,0,2025-06-02 21:15:00,0.19139,0.19140091658275238,0.19140091658275238,0.19139,0,0,False,False,0
1970-01-01 00:00:00.000000595,1748899800,0,2025-06-02 21:30:00,0.19139,0.1913954582913762,0.1913954582913762,0.19139,0,0,False,False,0
1970-01-01 00:00:00.000000596,1748900700,0,2025-06-02 21:45:00,0.19139,0.1913927291456881,0.1913927291456881,0.19139,0,0,False,False,0
1970-01-01 00:00:00.000000597,1748901600,602,2025-06-02 22:00:00,0.19424999999999998,0.19139136457284406,0.19426,0.19139136457284406,1,0,True,False,1
1970-01-01 00:00:00.000000598,1748902500,1639,2025-06-02 22:15:00,0.1943625,0.19282068228642202,0.19437,0.19282068228642202,0,0,False,False,0
1970-01-01 00:00:00.000000599,1748903400,0,2025-06-02 22:30:00,0.19437,0.193591591143211,0.19437,0.193591591143211,0,0,False,False,0
1970-01-01 00:00:00.000000600,1748904300,0,2025-06-02 22:45:00,0.19437,0.1939807955716055,0.19437,0.1939807955716055,0,0,False,False,0
1970-01-01 00:00:00.000000601,1748905200,8,2025-06-02 23:00:00,0.19436,0.19417539778580273,0.19437,0.19417539778580273,0,0,False,False,0
1970-01-01 00:00:00.000000602,1748906100,0,2025-06-02 23:15:00,0.19435,0.19426769889290135,0.19435,0.19426769889290135,0,0,False,False,0
1970-01-01 00:00:00.000000603,1748907000,0,2025-06-02 23:30:00,0.19435,0.19430884944645066,0.19435,0.19430884944645066,0,0,False,False,0
1970-01-01 00:00:00.000000604,1748907900,0,2025-06-02 23:45:00,0.19435,0.19432942472322534,0.19435,0.19432942472322534,0,0,False,False,0
1970-01-01 00:00:00.000000605,1748908800,0,2025-06-03 00:00:00,0.19435,0.19433971236161268,0.19435,0.19433971236161268,0,0,False,False,0
1970-01-01 00:00:00.000000606,1748909700,0,2025-06-03 00:15:00,0.19435,0.19434485618080632,0.19435,0.19434485618080632,0,0,False,False,0
1970-01-01 00:00:00.000000607,1748910600,0,2025-06-03 00:30:00,0.19435,0.19434742809040317,0.19435,0.19434742809040317,0,0,False,False,0
1970-01-01 00:00:00.000000608,1748911500,0,2025-06-03 00:45:00,0.19435,0.1943487140452016,0.19435,0.1943487140452016,0,0,False,False,0
1970-01-01 00:00:00.000000609,1748912400,0,2025-06-03 01:00:00,0.19435,0.1943493570226008,0.19435,0.1943493570226008,0,0,False,False,0
1970-01-01 00:00:00.000000610,1748913300,0,2025-06-03 01:15:00,0.19435,0.19434967851130042,0.19435,0.19434967851130042,0,0,False,False,0
1970-01-01 00:00:00.000000611,1748914200,50,2025-06-03 01:30:00,0.194355,0.1943498392556502,0.19437,0.1943498392556502,0,0,False,False,0
1970-01-01 00:00:00.000000612,1748915100,0,2025-06-03 01:45:00,0.19435,0.1943524196278251,0.1943524196278251,0.19435,0,0,False,False,0
1970-01-01 00:00:00.000000613,1748916000,0,2025-06-03 02:00:00,0.19435,0.19435120981391255,0.19435120981391255,0.19435,0,0,False,False,0
1970-01-01 00:00:00.000000614,1748916900,0,2025-06-03 02:15:00,0.19435,0.19435060490695627,0.19435060490695627,0.19435,0,0,False,False,0
1970-01-01 00:00:00.000000615,1748917800,85,2025-06-03 02:30:00,0.19436,0.19435030245347812,0.19437,0.19435,0,0,False,False,0
1970-01-01 00:00:00.000000616,1748918700,0,2025-06-03 02:45:00,0.19435,0.19435515122673908,0.19435515122673908,0.19435,0,0,False,False,0
1970-01-01 00:00:00.000000617,1748919600,0,2025-06-03 03:00:00,0.19435,0.19435257561336955,0.19435257561336955,0.19435,0,0,False,False,0
1970-01-01 00:00:00.000000618,1748920500,3,2025-06-03 03:15:00,0.19437,0.19435128780668476,0.19437,0.19435128780668476,0,0,False,False,0
1970-01-01 00:00:00.000000619,1748921400,0,2025-06-03 03:30:00,0.19437,0.19436064390334237,0.19437,0.19436064390334237,0,0,False,False,0
1970-01-01 00:00:00.000000620,1748922300,494,2025-06-03 03:45:00,0.19435550000000001,0.19436532195167117,0.194372,0.19435,0,0,False,False,0
1970-01-01 00:00:00.000000621,1748923200,20,2025-06-03 04:00:00,0.19435,0.1943604109758356,0.1943604109758356,0.19435,0,0,False,False,0
1970-01-01 00:00:00.000000622,1748924100,0,2025-06-03 04:15:00,0.19435,0.1943552054879178,0.1943552054879178,0.19435,0,0,False,False,0
1970-01-01 00:00:00.000000623,1748925000,24,2025-06-03 04:30:00,0.194372,0.19435260274395888,0.194372,0.19435260274395888,0,0,False,False,0
1970-01-01 00:00:00.000000624,1748925900,40,2025-06-03 04:45:00,0.19435550000000001,0.19436230137197943,0.194372,0.19435,0,0,False,False,0
1970-01-01 00:00:00.000000625,1748926800,24,2025-06-03 05:00:00,0.19435,0.1943589006859897,0.1943589006859897,0.19435,0,0,False,False,0
1970-01-01 00:00:00.000000626,1748927700,15,2025-06-03 05:15:00,0.19435,0.19435445034299487,0.19435445034299487,0.19435,0,0,False,False,0
1970-01-01 00:00:00.000000627,1748928600,15,2025-06-03 05:30:00,0.194372,0.19435222517149742,0.194372,0.19435222517149742,0,0,False,False,0
1970-01-01 00:00:00.000000628,1748929500,55,2025-06-03 05:45:00,0.19527099999999997,0.1943621125857487,0.19617,0.1943621125857487,0,0,False,False,0
1970-01-01 00:00:00.000000629,1748930400,110,2025-06-03 06:00:00,0.1959855,0.19481655629287434,0.19611,0.19481655629287434,0,0,False,False,0
1970-01-01 00:00:00.000000630,1748931300,66,2025-06-03 06:15:00,0.19549249999999999,0.19540102814643717,0.19589,0.19514,0,0,False,False,0
1970-01-01 00:00:00.000000631,1748932200,51,2025-06-03 06:30:00,0.19521,0.1954467640732186,0.1954467640732186,0.19521,0,0,False,False,0
1970-01-01 00:00:00.000000632,1748933100,123,2025-06-03 06:45:00,0.196085,0.1953283820366093,0.19609,0.1953283820366093,0,0,False,False,0
1970-01-01 00:00:00.000000633,1748934000,449,2025-06-03 07:00:00,0.19618,0.19570669101830465,0.19618,0.19570669101830465,0,0,False,False,0
1970-01-01 00:00:00.000000634,1748934900,10,2025-06-03 07:15:00,0.19601,0.19594334550915232,0.19601,0.19594334550915232,0,0,False,False,0
1970-01-01 00:00:00.000000635,1748935800,449,2025-06-03 07:30:00,0.195543,0.19597667275457614,0.19597667275457614,0.19554,0,0,False,True,0
1970-01-01 00:00:00.000000636,1748936700,0,2025-06-03 07:45:00,0.195546,0.19575983637728805,0.19575983637728805,0.195546,0,0,False,False,0
1970-01-01 00:00:00.000000637,1748937600,0,2025-06-03 08:00:00,0.195546,0.19565291818864403,0.19565291818864403,0.195546,0,0,False,False,0
1970-01-01 00:00:00.000000638,1748938500,20,2025-06-03 08:15:00,0.19351,0.19559945909432203,0.19559945909432203,0.19351,0,1,False,True,-1
1970-01-01 00:00:00.000000639,1748939400,0,2025-06-03 08:30:00,0.19351,0.19455472954716102,0.19455472954716102,0.19351,0,0,False,False,0
1970-01-01 00:00:00.000000640,1748940300,4,2025-06-03 08:45:00,0.19381500000000002,0.1940323647735805,0.1940323647735805,0.1936,0,0,False,False,0
1970-01-01 00:00:00.000000641,1748941200,20,2025-06-03 09:00:00,0.19388,0.19392368238679025,0.19392368238679025,0.19388,0,0,False,False,0
1970-01-01 00:00:00.000000642,1748942100,1000,2025-06-03 09:15:00,0.19373,0.19390184119339512,0.19390184119339512,0.19373,0,0,False,False,0
1970-01-01 00:00:00.000000643,1748943000,1046,2025-06-03 09:30:00,0.19424,0.19381592059669756,0.1946,0.19381592059669756,0,0,False,False,0
1970-01-01 00:00:00.000000644,1748943900,0,2025-06-03 09:45:00,0.1946,0.1940279602983488,0.1946,0.1940279602983488,0,0,False,False,0
1970-01-01 00:00:00.000000645,1748944800,10,2025-06-03 10:00:00,0.19526,0.1943139801491744,0.19526,0.1943139801491744,0,0,True,False,0
1970-01-01 00:00:00.000000646,1748945700,2500,2025-06-03 10:15:00,0.195139,0.1947869900745872,0.195148,0.1947869900745872,0,0,False,False,0
1970-01-01 00:00:00.000000647,1748946600,2509,2025-06-03 10:30:00,0.1949975,0.19496299503729358,0.19513,0.19487,0,0,False,False,0
1970-01-01 00:00:00.000000648,1748947500,0,2025-06-03 10:45:00,0.19487,0.1949802475186468,0.1949802475186468,0.19487,0,0,False,False,0
1970-01-01 00:00:00.000000649,1748948400,0,2025-06-03 11:00:00,0.19487,0.1949251237593234,0.1949251237593234,0.19487,0,0,False,False,0
1970-01-01 00:00:00.000000650,1748949300,40,2025-06-03 11:15:00,0.1955,0.19489756187966167,0.1955,0.19489756187966167,1,0,True,False,1
1970-01-01 00:00:00.000000651,1748950200,0,2025-06-03 11:30:00,0.1955,0.19519878093983084,0.1955,0.19519878093983084,0,0,False,False,0
1970-01-01 00:00:00.000000652,1748951100,40,2025-06-03 11:45:00,0.19485,0.19534939046991542,0.19534939046991542,0.19485,0,0,False,True,0
1970-01-01 00:00:00.000000653,1748952000,63,2025-06-03 12:00:00,0.19493,0.1950996952349577,0.19542,0.19447,0,0,False,False,0
1970-01-01 00:00:00.000000654,1748952900,534,2025-06-03 12:15:00,0.195133,0.19501484761747884,0.195136,0.19501484761747884,0,0,False,False,0
1970-01-01 00:00:00.000000655,1748953800,0,2025-06-03 12:30:00,0.195136,0.19507392380873942,0.195136,0.19507392380873942,0,0,False,False,0
1970-01-01 00:00:00.000000656,1748954700,90,2025-06-03 12:45:00,0.19530000000000003,0.1951049619043697,0.19533,0.1951049619043697,0,0,False,False,0
1970-01-01 00:00:00.000000657,1748955600,1,2025-06-03 13:00:00,0.19566,0.19520248095218487,0.19566,0.19520248095218487,0,0,False,False,0
1970-01-01 00:00:00.000000658,1748956500,20,2025-06-03 13:15:00,0.19642,0.19543124047609245,0.19642,0.19543124047609245,0,0,False,False,0
1970-01-01 00:00:00.000000659,1748957400,150,2025-06-03 13:30:00,0.19541,0.19592562023804622,0.19597,0.19485,0,0,False,False,0
1970-01-01 00:00:00.000000660,1748958300,193,2025-06-03 13:45:00,0.19565,0.19566781011902312,0.19566781011902312,0.19565,0,0,False,False,0
1970-01-01 00:00:00.000000661,1748959200,553,2025-06-03 14:00:00,0.19397999999999999,0.19565890505951156,0.19565890505951156,0.19393,0,1,False,True,-1
1970-01-01 00:00:00.000000662,1748960100,172,2025-06-03 14:15:00,0.1955105,0.19481945252975577,0.19553,0.19481945252975577,0,0,False,False,0
1970-01-01 00:00:00.000000663,1748961000,692,2025-06-03 14:30:00,0.196285,0.1951649762648779,0.19695,0.1951649762648779,1,0,True,False,1
1970-01-01 00:00:00.000000664,1748961900,686,2025-06-03 14:45:00,0.1973525,0.19572498813243894,0.19783,0.19572498813243894,0,0,False,False,0
1970-01-01 00:00:00.000000665,1748962800,292,2025-06-03 15:00:00,0.1977355,0.19653874406621946,0.198482,0.19653874406621946,0,0,False,False,0
1970-01-01 00:00:00.000000666,1748963700,4,2025-06-03 15:15:00,0.19762500000000002,0.19713712203310974,0.19772,0.19713712203310974,0,0,False,False,0
1970-01-01 00:00:00.000000667,1748964600,0,2025-06-03 15:30:00,0.19757,0.1973810610165549,0.19757,0.1973810610165549,0,0,False,False,0
1970-01-01 00:00:00.000000668,1748965500,0,2025-06-03 15:45:00,0.19757,0.19747553050827743,0.19757,0.19747553050827743,0,0,False,False,0
1970-01-01 00:00:00.000000669,1748966400,872,2025-06-03 16:00:00,0.1964225,0.1975227652541387,0.1975227652541387,0.1963,0,0,False,False,0
1970-01-01 00:00:00.000000670,1748967300,25,2025-06-03 16:15:00,0.19597,0.19697263262706935,0.19697263262706935,0.19584,0,0,False,False,0
1970-01-01 00:00:00.000000671,1748968200,510,2025-06-03 16:30:00,0.196533,0.19647131631353468,0.196616,0.19645,0,0,False,False,0
1970-01-01 00:00:00.000000672,1748969100,18,2025-06-03 16:45:00,0.19555,0.19650215815676736,0.19650215815676736,0.19555,0,0,False,True,0
1970-01-01 00:00:00.000000673,1748970000,1906,2025-06-03 17:00:00,0.1955935,0.19602607907838368,0.19602607907838368,0.19526,0,0,False,False,0
1970-01-01 00:00:00.000000674,1748970900,15,2025-06-03 17:15:00,0.19594,0.19580978953919184,0.19594,0.19580978953919184,0,0,False,False,0
1970-01-01 00:00:00.000000675,1748971800,0,2025-06-03 17:30:00,0.19594,0.1958748947695959,0.19594,0.1958748947695959,0,0,False,False,0
1970-01-01 00:00:00.000000676,1748972700,15,2025-06-03 17:45:00,0.19615,0.19590744738479796,0.19615,0.19590744738479796,0,0,False,False,0
1970-01-01 00:00:00.000000677,1748973600,0,2025-06-03 18:00:00,0.19615,0.196028723692399,0.19615,0.196028723692399,0,0,False,False,0
1970-01-01 00:00:00.000000678,1748974500,706,2025-06-03 18:15:00,0.195621,0.1960893618461995,0.1960893618461995,0.19556,0,0,False,True,0
1970-01-01 00:00:00.000000679,1748975400,255,2025-06-03 18:30:00,0.19556,0.19585518092309973,0.19585518092309973,0.19543,0,0,False,False,0
1970-01-01 00:00:00.000000680,1748976300,0,2025-06-03 18:45:00,0.19543,0.19570759046154987,0.19570759046154987,0.19543,0,0,False,False,0
1970-01-01 00:00:00.000000681,1748977200,22,2025-06-03 19:00:00,0.19611,0.19556879523077492,0.19625,0.19556879523077492,0,0,True,False,0
1970-01-01 00:00:00.000000682,1748978100,316,2025-06-03 19:15:00,0.19704100000000002,0.19583939761538746,0.197272,0.19583939761538746,0,0,False,False,0
1970-01-01 00:00:00.000000683,1748979000,0,2025-06-03 19:30:00,0.197272,0.19644019880769376,0.197272,0.19644019880769376,0,0,False,False,0
1970-01-01 00:00:00.000000684,1748979900,2816,2025-06-03 19:45:00,0.19689249999999997,0.19685609940384688,0.19704,0.19662,0,0,False,False,0
1970-01-01 00:00:00.000000685,1748980800,194,2025-06-03 20:00:00,0.196961,0.19687429970192344,0.196962,0.19687429970192344,0,0,False,False,0
1970-01-01 00:00:00.000000686,1748981700,3834,2025-06-03 20:15:00,0.19503,0.19691764985096172,0.19691764985096172,0.19392,0,1,False,True,-1
1970-01-01 00:00:00.000000687,1748982600,357,2025-06-03 20:30:00,0.1938925,0.19597382492548088,0.19597382492548088,0.19275,0,0,False,False,0
1970-01-01 00:00:00.000000688,1748983500,99,2025-06-03 20:45:00,0.194731,0.19493316246274045,0.19493316246274045,0.19473,0,0,False,False,0
1970-01-01 00:00:00.000000689,1748984400,0,2025-06-03 21:00:00,0.194732,0.19483208123137022,0.19483208123137022,0.194732,0,0,False,False,0
1970-01-01 00:00:00.000000690,1748985300,0,2025-06-03 21:15:00,0.194732,0.1947820406156851,0.1947820406156851,0.194732,0,0,False,False,0
1970-01-01 00:00:00.000000691,1748986200,180,2025-06-03 21:30:00,0.19337,0.19475702030784253,0.19475702030784253,0.19337,0,0,False,False,0
1970-01-01 00:00:00.000000692,1748987100,60,2025-06-03 21:45:00,0.192065,0.19406351015392126,0.19406351015392126,0.19138,0,0,False,False,0
1970-01-01 00:00:00.000000693,1748988000,0,2025-06-03 22:00:00,0.19138,0.19306425507696062,0.19306425507696062,0.19138,0,0,False,False,0
1970-01-01 00:00:00.000000694,1748988900,100,2025-06-03 22:15:00,0.19323,0.1922221275384803,0.19325,0.1922221275384803,0,0,False,False,0
1970-01-01 00:00:00.000000695,1748989800,144,2025-06-03 22:30:00,0.193805,0.19272606376924017,0.19413,0.19272606376924017,0,0,False,False,0
1970-01-01 00:00:00.000000696,1748990700,0,2025-06-03 22:45:00,0.19413,0.1932655318846201,0.19413,0.1932655318846201,0,0,False,False,0
1970-01-01 00:00:00.000000697,1748991600,100,2025-06-03 23:00:00,0.19363,0.19369776594231003,0.19369776594231003,0.19358,0,0,False,False,0
1970-01-01 00:00:00.000000698,1748992500,0,2025-06-03 23:15:00,0.19358,0.193663882971155,0.193663882971155,0.19358,0,0,False,False,0
1970-01-01 00:00:00.000000699,1748993400,162,2025-06-03 23:30:00,0.19313,0.1936219414855775,0.1936219414855775,0.19313,0,0,False,False,0
1970-01-01 00:00:00.000000700,1748994300,0,2025-06-03 23:45:00,0.19313,0.19337597074278873,0.19337597074278873,0.19313,0,0,False,False,0
1970-01-01 00:00:00.000000701,1748995200,0,2025-06-04 00:00:00,0.19313,0.19325298537139435,0.19325298537139435,0.19313,0,0,False,False,0
1970-01-01 00:00:00.000000702,1748996100,10,2025-06-04 00:15:00,0.19341,0.19319149268569719,0.19341,0.19319149268569719,0,0,False,False,0
1970-01-01 00:00:00.000000703,1748997000,18,2025-06-04 00:30:00,0.19251,0.1933007463428486,0.1933007463428486,0.19251,0,0,False,False,0
1970-01-01 00:00:00.000000704,1748997900,162,2025-06-04 00:45:00,0.19360100000000002,0.1929053731714243,0.193602,0.1929053731714243,0,0,False,False,0
1970-01-01 00:00:00.000000705,1748998800,61,2025-06-04 01:00:00,0.1945375,0.19325318658571217,0.19497,0.19325318658571217,0,0,False,False,0
1970-01-01 00:00:00.000000706,1748999700,68,2025-06-04 01:15:00,0.195221,0.19389534329285607,0.19541,0.19389534329285607,1,0,False,False,0
1970-01-01 00:00:00.000000707,1749000600,0,2025-06-04 01:30:00,0.19541,0.19455817164642802,0.19541,0.19455817164642802,0,0,False,False,0
1970-01-01 00:00:00.000000708,1749001500,5,2025-06-04 01:45:00,0.19474,0.19498408582321403,0.19498408582321403,0.19474,0,0,False,False,0
1970-01-01 00:00:00.000000709,1749002400,27,2025-06-04 02:00:00,0.19593,0.19486204291160703,0.19593,0.19486204291160703,0,0,True,False,0
1970-01-01 00:00:00.000000710,1749003300,105,2025-06-04 02:15:00,0.19535,0.1953960214558035,0.19556,0.19514,0,0,False,False,0
1970-01-01 00:00:00.000000711,1749004200,220,2025-06-04 02:30:00,0.1949375,0.19537301072790175,0.19537301072790175,0.19467,0,0,False,False,0
1970-01-01 00:00:00.000000712,1749005100,0,2025-06-04 02:45:00,0.19467,0.1951552553639509,0.1951552553639509,0.19467,0,0,False,False,0
1970-01-01 00:00:00.000000713,1749006000,13,2025-06-04 03:00:00,0.19603,0.19491262768197545,0.19653,0.19491262768197545,0,0,True,False,0
1970-01-01 00:00:00.000000714,1749006900,43,2025-06-04 03:15:00,0.19666,0.19547131384098773,0.1968,0.19547131384098773,0,0,False,False,0
1970-01-01 00:00:00.000000715,1749007800,120,2025-06-04 03:30:00,0.196325,0.19606565692049388,0.19634,0.19606565692049388,0,0,False,False,0
1970-01-01 00:00:00.000000716,1749008700,150,2025-06-04 03:45:00,0.196021,0.19619532846024695,0.19619532846024695,0.19602,0,0,False,False,0
1970-01-01 00:00:00.000000717,1749009600,5,2025-06-04 04:00:00,0.19622499999999998,0.19610816423012348,0.19644,0.19593,0,0,False,False,0
1970-01-01 00:00:00.000000718,1749010500,0,2025-06-04 04:15:00,0.19644,0.19616658211506172,0.19644,0.19616658211506172,0,0,False,False,0
1970-01-01 00:00:00.000000719,1749011400,0,2025-06-04 04:30:00,0.19644,0.19630329105753086,0.19644,0.19630329105753086,0,0,False,False,0
1970-01-01 00:00:00.000000720,1749012300,0,2025-06-04 04:45:00,0.19644,0.19637164552876543,0.19644,0.19637164552876543,0,0,False,False,0
1970-01-01 00:00:00.000000721,1749013200,0,2025-06-04 05:00:00,0.19644,0.19640582276438273,0.19644,0.19640582276438273,0,0,False,False,0
1970-01-01 00:00:00.000000722,1749014100,50,2025-06-04 05:15:00,0.19536,0.19642291138219137,0.19642291138219137,0.19536,0,0,False,True,0
1970-01-01 00:00:00.000000723,1749015000,90,2025-06-04 05:30:00,0.19539,0.19589145569109567,0.19589145569109567,0.19539,0,0,False,False,0
1970-01-01 00:00:00.000000724,1749015900,108,2025-06-04 05:45:00,0.19585999999999998,0.19564072784554784,0.19619,0.19556,0,0,False,False,0
1970-01-01 00:00:00.000000725,1749016800,207,2025-06-04 06:00:00,0.195335,0.1957503639227739,0.1957503639227739,0.19511,0,0,False,True,0
1970-01-01 00:00:00.000000726,1749017700,169,2025-06-04 06:15:00,0.1949525,0.19554268196138697,0.19554268196138697,0.19483,0,0,False,False,0
1970-01-01 00:00:00.000000727,1749018600,1,2025-06-04 06:30:00,0.196,0.1952475909806935,0.196,0.1952475909806935,0,0,False,False,0
1970-01-01 00:00:00.000000728,1749019500,268,2025-06-04 06:45:00,0.1958455,0.19562379549034675,0.196032,0.19562379549034675,0,0,False,False,0
1970-01-01 00:00:00.000000729,1749020400,200,2025-06-04 07:00:00,0.1959505,0.19573464774517338,0.195962,0.19573464774517338,0,0,False,False,0
1970-01-01 00:00:00.000000730,1749021300,11,2025-06-04 07:15:00,0.19542749999999998,0.1958425738725867,0.1958425738725867,0.19532,0,0,False,False,0
1970-01-01 00:00:00.000000731,1749022200,2040,2025-06-04 07:30:00,0.1951515,0.19563503693629333,0.19563503693629333,0.19506,0,0,False,False,0
1970-01-01 00:00:00.000000732,1749023100,0,2025-06-04 07:45:00,0.19506,0.19539326846814667,0.19539326846814667,0.19506,0,0,False,False,0
1970-01-01 00:00:00.000000733,1749024000,51,2025-06-04 08:00:00,0.19586,0.19522663423407333,0.19586,0.19522663423407333,0,0,True,False,0
1970-01-01 00:00:00.000000734,1749024900,270,2025-06-04 08:15:00,0.19598000000000002,0.19554331711703665,0.19616,0.19554331711703665,0,0,False,False,0
1970-01-01 00:00:00.000000735,1749025800,0,2025-06-04 08:30:00,0.19614,0.19576165855851835,0.19614,0.19576165855851835,0,0,False,False,0
1970-01-01 00:00:00.000000736,1749026700,334,2025-06-04 08:45:00,0.195805,0.19595082927925916,0.19595082927925916,0.19574,0,0,False,False,0
1970-01-01 00:00:00.000000737,1749027600,832,2025-06-04 09:00:00,0.19577,0.19587791463962959,0.19587791463962959,0.19567,0,0,False,False,0
1970-01-01 00:00:00.000000738,1749028500,580,2025-06-04 09:15:00,0.19559600000000002,0.19582395731981478,0.19582395731981478,0.19534,0,0,False,False,0
1970-01-01 00:00:00.000000739,1749029400,734,2025-06-04 09:30:00,0.19556249999999997,0.1957099786599074,0.19593,0.19512,0,0,False,False,0
1970-01-01 00:00:00.000000740,1749030300,751,2025-06-04 09:45:00,0.1961985,0.1956362393299537,0.196572,0.1956362393299537,0,0,True,False,0
1970-01-01 00:00:00.000000741,1749031200,1,2025-06-04 10:00:00,0.19632,0.19591736966497686,0.19632,0.19591736966497686,0,0,False,False,0
1970-01-01 00:00:00.000000742,1749032100,0,2025-06-04 10:15:00,0.19632,0.19611868483248843,0.19632,0.19611868483248843,0,0,False,False,0
1970-01-01 00:00:00.000000743,1749033000,482,2025-06-04 10:30:00,0.19538049999999998,0.19621934241624422,0.19621934241624422,0.19527,0,0,False,True,0
1970-01-01 00:00:00.000000744,1749033900,100,2025-06-04 10:45:00,0.19534,0.19579992120812212,0.19579992120812212,0.19533,0,0,False,False,0
1970-01-01 00:00:00.000000745,1749034800,0,2025-06-04 11:00:00,0.19533,0.19556996060406107,0.19556996060406107,0.19533,0,0,False,False,0
1970-01-01 00:00:00.000000746,1749035700,204,2025-06-04 11:15:00,0.19441999999999998,0.19544998030203053,0.19544998030203053,0.19419,0,0,False,True,0
1970-01-01 00:00:00.000000747,1749036600,21,2025-06-04 11:30:00,0.19388,0.19493499015101526,0.19493499015101526,0.19388,0,1,False,False,-1
1970-01-01 00:00:00.000000748,1749037500,91,2025-06-04 11:45:00,0.19368749999999998,0.19440749507550764,0.19440749507550764,0.1936,0,0,False,False,0
1970-01-01 00:00:00.000000749,1749038400,507,2025-06-04 12:00:00,0.194,0.1940474975377538,0.1942,0.19377,0,0,False,False,0
1970-01-01 00:00:00.000000750,1749039300,27,2025-06-04 12:15:00,0.19297,0.1940237487688769,0.1940237487688769,0.19297,0,0,False,True,0
1970-01-01 00:00:00.000000751,1749040200,193,2025-06-04 12:30:00,0.1926075,0.19349687438443847,0.19349687438443847,0.19238,0,0,False,False,0
1970-01-01 00:00:00.000000752,1749041100,60,2025-06-04 12:45:00,0.19274750000000002,0.19305218719221923,0.19305218719221923,0.19259,0,0,False,False,0
1970-01-01 00:00:00.000000753,1749042000,2575,2025-06-04 13:00:00,0.19247399999999998,0.19289984359610962,0.19289984359610962,0.19219,0,0,False,False,0
1970-01-01 00:00:00.000000754,1749042900,0,2025-06-04 13:15:00,0.19219,0.1926869217980548,0.1926869217980548,0.19219,0,0,False,False,0
1970-01-01 00:00:00.000000755,1749043800,684,2025-06-04 13:30:00,0.1928,0.19243846089902739,0.19316,0.19243846089902739,0,0,False,False,0
1970-01-01 00:00:00.000000756,1749044700,180,2025-06-04 13:45:00,0.192,0.19261923044951368,0.19261923044951368,0.192,0,0,False,False,0
1970-01-01 00:00:00.000000757,1749045600,3819,2025-06-04 14:00:00,0.19074999999999998,0.19230961522475684,0.19230961522475684,0.18958,0,0,False,False,0
1970-01-01 00:00:00.000000758,1749046500,12,2025-06-04 14:15:00,0.1911375,0.19152980761237842,0.19152980761237842,0.19105,0,0,False,False,0
1970-01-01 00:00:00.000000759,1749047400,1808,2025-06-04 14:30:00,0.191167,0.19133365380618922,0.191538,0.19097,0,0,False,False,0
1970-01-01 00:00:00.000000760,1749048300,23,2025-06-04 14:45:00,0.191755,0.19125032690309463,0.19198,0.19125032690309463,0,0,False,False,0
1970-01-01 00:00:00.000000761,1749049200,31,2025-06-04 15:00:00,0.192395,0.19150266345154732,0.19257,0.19150266345154732,0,0,False,False,0
1970-01-01 00:00:00.000000762,1749050100,18,2025-06-04 15:15:00,0.1931,0.19194883172577365,0.1931,0.19194883172577365,0,0,False,False,0
1970-01-01 00:00:00.000000763,1749051000,0,2025-06-04 15:30:00,0.1931,0.19252441586288682,0.1931,0.19252441586288682,0,0,False,False,0
1970-01-01 00:00:00.000000764,1749051900,0,2025-06-04 15:45:00,0.1931,0.1928122079314434,0.1931,0.1928122079314434,0,0,False,False,0
1970-01-01 00:00:00.000000765,1749052800,99,2025-06-04 16:00:00,0.19241999999999998,0.19295610396572171,0.19295610396572171,0.19236,0,0,False,False,0
1970-01-01 00:00:00.000000766,1749053700,465,2025-06-04 16:15:00,0.192015,0.19268805198286085,0.19268805198286085,0.19172,0,0,False,False,0
1970-01-01 00:00:00.000000767,1749054600,1235,2025-06-04 16:30:00,0.19221,0.1923515259914304,0.1923515259914304,0.1922,0,0,False,False,0
1970-01-01 00:00:00.000000768,1749055500,1000,2025-06-04 16:45:00,0.19221,0.1922807629957152,0.1922807629957152,0.19221,0,0,False,False,0
1970-01-01 00:00:00.000000769,1749056400,18,2025-06-04 17:00:00,0.19141,0.19224538149785758,0.19224538149785758,0.19141,0,0,False,True,0
1970-01-01 00:00:00.000000770,1749057300,218,2025-06-04 17:15:00,0.19094750000000002,0.1918276907489288,0.1918276907489288,0.19081,0,0,False,False,0
1970-01-01 00:00:00.000000771,1749058200,418,2025-06-04 17:30:00,0.19049549999999998,0.19138759537446443,0.19138759537446443,0.19018,0,0,False,False,0
1970-01-01 00:00:00.000000772,1749059100,294,2025-06-04 17:45:00,0.190645,0.1909415476872322,0.1909415476872322,0.19055,0,0,False,False,0
1970-01-01 00:00:00.000000773,1749060000,460,2025-06-04 18:00:00,0.1909535,0.1907932738436161,0.191332,0.19071,0,0,False,False,0
1970-01-01 00:00:00.000000774,1749060900,1058,2025-06-04 18:15:00,0.19122499999999998,0.19087338692180805,0.19129,0.19087338692180805,0,0,False,False,0
1970-01-01 00:00:00.000000775,1749061800,50,2025-06-04 18:30:00,0.19094,0.19104919346090402,0.19104919346090402,0.19093,0,0,False,False,0
1970-01-01 00:00:00.000000776,1749062700,0,2025-06-04 18:45:00,0.19095,0.190994596730452,0.190994596730452,0.19095,0,0,False,False,0
1970-01-01 00:00:00.000000777,1749063600,180,2025-06-04 19:00:00,0.18997,0.190972298365226,0.190972298365226,0.18997,0,0,False,True,0
1970-01-01 00:00:00.000000778,1749064500,0,2025-06-04 19:15:00,0.18997,0.190471149182613,0.190471149182613,0.18997,0,0,False,False,0
1970-01-01 00:00:00.000000779,1749065400,37,2025-06-04 19:30:00,0.18999,0.19022057459130648,0.19022057459130648,0.18988,0,0,False,False,0
1970-01-01 00:00:00.000000780,1749066300,588,2025-06-04 19:45:00,0.18934900000000002,0.19010528729565324,0.19010528729565324,0.18922,0,0,False,True,0
1970-01-01 00:00:00.000000781,1749067200,48,2025-06-04 20:00:00,0.18869,0.1897271436478266,0.1897271436478266,0.18823,0,0,False,False,0
1970-01-01 00:00:00.000000782,1749068100,889,2025-06-04 20:15:00,0.1873925,0.18920857182391332,0.18920857182391332,0.18706,0,0,False,False,0
1970-01-01 00:00:00.000000783,1749069000,6,2025-06-04 20:30:00,0.18851,0.18830053591195667,0.18851,0.18830053591195667,0,0,False,False,0
1970-01-01 00:00:00.000000784,1749069900,90,2025-06-04 20:45:00,0.18842,0.18840526795597834,0.18842,0.18840526795597834,0,0,False,False,0
1970-01-01 00:00:00.000000785,1749070800,0,2025-06-04 21:00:00,0.18842,0.18841263397798919,0.18842,0.18841263397798919,0,0,False,False,0
1970-01-01 00:00:00.000000786,1749071700,182,2025-06-04 21:15:00,0.18773499999999999,0.18841631698899458,0.18841631698899458,0.18735,0,0,False,False,0
1970-01-01 00:00:00.000000787,1749072600,200,2025-06-04 21:30:00,0.188895,0.18807565849449728,0.18953,0.18807565849449728,0,0,False,False,0
1970-01-01 00:00:00.000000788,1749073500,18,2025-06-04 21:45:00,0.1901,0.18848532924724865,0.1901,0.18848532924724865,0,0,False,False,0
1970-01-01 00:00:00.000000789,1749074400,144,2025-06-04 22:00:00,0.18839,0.18929266462362432,0.18929266462362432,0.18839,0,0,False,False,0
1970-01-01 00:00:00.000000790,1749075300,0,2025-06-04 22:15:00,0.18839,0.18884133231181216,0.18884133231181216,0.18839,0,0,False,False,0
1970-01-01 00:00:00.000000791,1749076200,18,2025-06-04 22:30:00,0.18795,0.18861566615590608,0.18861566615590608,0.18795,0,0,False,True,0
1970-01-01 00:00:00.000000792,1749077100,0,2025-06-04 22:45:00,0.18795,0.18828283307795304,0.18828283307795304,0.18795,0,0,False,False,0
1970-01-01 00:00:00.000000793,1749078000,0,2025-06-04 23:00:00,0.18795,0.18811641653897654,0.18811641653897654,0.18795,0,0,False,False,0
1970-01-01 00:00:00.000000794,1749078900,18,2025-06-04 23:15:00,0.18719,0.18803320826948827,0.18803320826948827,0.18719,0,0,False,True,0
1970-01-01 00:00:00.000000795,1749079800,0,2025-06-04 23:30:00,0.18719,0.18761160413474415,0.18761160413474415,0.18719,0,0,False,False,0
1970-01-01 00:00:00.000000796,1749080700,508,2025-06-04 23:45:00,0.1881455,0.18740080206737209,0.188262,0.18740080206737209,0,0,True,False,0
1970-01-01 00:00:00.000000797,1749081600,164,2025-06-05 00:00:00,0.18851,0.18777315103368603,0.18851,0.18777315103368603,0,0,False,False,0
1970-01-01 00:00:00.000000798,1749082500,604,2025-06-05 00:15:00,0.18819,0.18814157551684302,0.1884,0.18772,0,0,False,False,0
1970-01-01 00:00:00.000000799,1749083400,144,2025-06-05 00:30:00,0.188801,0.18816578775842152,0.188802,0.18816578775842152,0,0,True,False,0
1970-01-01 00:00:00.000000800,1749084300,620,2025-06-05 00:45:00,0.188688,0.18848339387921076,0.189076,0.1883,0,0,False,False,0
1970-01-01 00:00:00.000000801,1749085200,18,2025-06-05 01:00:00,0.1894,0.18858569693960536,0.1894,0.18858569693960536,0,0,True,False,0
1970-01-01 00:00:00.000000802,1749086100,1,2025-06-05 01:15:00,0.18948,0.1889928484698027,0.18948,0.1889928484698027,0,0,False,False,0
1970-01-01 00:00:00.000000803,1749087000,13,2025-06-05 01:30:00,0.18878,0.18923642423490133,0.18923642423490133,0.18878,0,0,False,False,0
1970-01-01 00:00:00.000000804,1749087900,682,2025-06-05 01:45:00,0.1881175,0.18900821211745067,0.18900821211745067,0.18805,0,0,False,False,0
1970-01-01 00:00:00.000000805,1749088800,360,2025-06-05 02:00:00,0.189672,0.18856285605872533,0.189674,0.18856285605872533,0,0,False,False,0
1970-01-01 00:00:00.000000806,1749089700,20,2025-06-05 02:15:00,0.18938,0.18911742802936266,0.18943,0.18911742802936266,0,0,False,False,0
1970-01-01 00:00:00.000000807,1749090600,138,2025-06-05 02:30:00,0.190365,0.18924871401468132,0.19041,0.18924871401468132,1,0,True,False,1
1970-01-01 00:00:00.000000808,1749091500,0,2025-06-05 02:45:00,0.19032,0.18980685700734068,0.19032,0.18980685700734068,0,0,False,False,0
1970-01-01 00:00:00.000000809,1749092400,7,2025-06-05 03:00:00,0.18948,0.19006342850367033,0.19006342850367033,0.18948,0,0,False,False,0
1970-01-01 00:00:00.000000810,1749093300,30,2025-06-05 03:15:00,0.18957,0.18977171425183517,0.18977171425183517,0.18957,0,0,False,False,0
1970-01-01 00:00:00.000000811,1749094200,1309,2025-06-05 03:30:00,0.189825,0.18967085712591758,0.19,0.18967085712591758,0,0,False,False,0
1970-01-01 00:00:00.000000812,1749095100,161,2025-06-05 03:45:00,0.19001099999999999,0.1897479285629588,0.190082,0.1897479285629588,0,0,False,False,0
1970-01-01 00:00:00.000000813,1749096000,721,2025-06-05 04:00:00,0.1902,0.1898794642814794,0.19037,0.1898794642814794,0,0,False,False,0
1970-01-01 00:00:00.000000814,1749096900,707,2025-06-05 04:15:00,0.1904255,0.19003973214073971,0.19066,0.19003973214073971,0,0,False,False,0
1970-01-01 00:00:00.000000815,1749097800,45,2025-06-05 04:30:00,0.1900725,0.19023261607036984,0.19023261607036984,0.18993,0,0,False,False,0
1970-01-01 00:00:00.000000816,1749098700,30,2025-06-05 04:45:00,0.19037500000000002,0.19015255803518494,0.19041,0.19015255803518494,0,0,False,False,0
1970-01-01 00:00:00.000000817,1749099600,42,2025-06-05 05:00:00,0.19028,0.19026377901759248,0.19056,0.19,0,0,False,False,0
1970-01-01 00:00:00.000000818,1749100500,33,2025-06-05 05:15:00,0.18948500000000001,0.19027188950879625,0.19027188950879625,0.18917,0,0,False,True,0
1970-01-01 00:00:00.000000819,1749101400,3011,2025-06-05 05:30:00,0.18872750000000002,0.18987844475439813,0.18987844475439813,0.18854,0,0,False,False,0
1970-01-01 00:00:00.000000820,1749102300,134,2025-06-05 05:45:00,0.18893,0.18930297237719906,0.18930297237719906,0.18885,0,0,False,False,0
1970-01-01 00:00:00.000000821,1749103200,42,2025-06-05 06:00:00,0.18897750000000002,0.18911648618859953,0.18911648618859953,0.18869,0,0,False,False,0
1970-01-01 00:00:00.000000822,1749104100,113,2025-06-05 06:15:00,0.18917499999999998,0.1890469930942998,0.18964,0.18871,0,0,False,False,0
1970-01-01 00:00:00.000000823,1749105000,1179,2025-06-05 06:30:00,0.18873,0.18911099654714988,0.18948,0.18797,0,0,False,False,0
1970-01-01 00:00:00.000000824,1749105900,2109,2025-06-05 06:45:00,0.1879875,0.18892049827357493,0.18892049827357493,0.18774,0,0,False,False,0
1970-01-01 00:00:00.000000825,1749106800,0,2025-06-05 07:00:00,0.18815,0.18845399913678745,0.18845399913678745,0.18815,0,0,False,False,0
1970-01-01 00:00:00.000000826,1749107700,5762,2025-06-05 07:15:00,0.18930750000000002,0.18830199956839372,0.18959,0.18830199956839372,0,0,False,False,0
1970-01-01 00:00:00.000000827,1749108600,6824,2025-06-05 07:30:00,0.18902000000000002,0.18880474978419687,0.18948,0.18856,0,0,False,False,0
1970-01-01 00:00:00.000000828,1749109500,3564,2025-06-05 07:45:00,0.1883225,0.18891237489209844,0.18891237489209844,0.18809,0,0,False,False,0
1970-01-01 00:00:00.000000829,1749110400,20,2025-06-05 08:00:00,0.18857,0.18861743744604922,0.18861743744604922,0.18857,0,0,False,False,0
1970-01-01 00:00:00.000000830,1749111300,45,2025-06-05 08:15:00,0.1886175,0.1885937187230246,0.18894,0.18834,0,0,False,False,0
1970-01-01 00:00:00.000000831,1749112200,0,2025-06-05 08:30:00,0.18885,0.1886056093615123,0.18885,0.1886056093615123,0,0,False,False,0
1970-01-01 00:00:00.000000832,1749113100,92,2025-06-05 08:45:00,0.18886499999999998,0.18872780468075614,0.18888,0.18872780468075614,0,0,False,False,0
1970-01-01 00:00:00.000000833,1749114000,2,2025-06-05 09:00:00,0.18934,0.18879640234037806,0.18934,0.18879640234037806,0,0,False,False,0
1970-01-01 00:00:00.000000834,1749114900,18,2025-06-05 09:15:00,0.189475,0.18906820117018902,0.18948,0.18906820117018902,0,0,False,False,0
1970-01-01 00:00:00.000000835,1749115800,71,2025-06-05 09:30:00,0.18934,0.1892716005850945,0.18947,0.189,0,0,False,False,0
1970-01-01 00:00:00.000000836,1749116700,30,2025-06-05 09:45:00,0.1895525,0.18930580029254726,0.18959,0.18930580029254726,0,0,True,False,0
1970-01-01 00:00:00.000000837,1749117600,20,2025-06-05 10:00:00,0.18978,0.18942915014627365,0.1898,0.18942915014627365,0,0,False,False,0
1970-01-01 00:00:00.000000838,1749118500,20,2025-06-05 10:15:00,0.188935,0.18960457507313683,0.18960457507313683,0.18892,0,0,False,False,0
1970-01-01 00:00:00.000000839,1749119400,29,2025-06-05 10:30:00,0.18792000000000003,0.18926978753656842,0.18926978753656842,0.18788,0,1,False,False,0
1970-01-01 00:00:00.000000840,1749120300,335,2025-06-05 10:45:00,0.1884125,0.18859489376828423,0.1886,0.18826,0,0,False,False,0
1970-01-01 00:00:00.000000841,1749121200,821,2025-06-05 11:00:00,0.1882,0.18850369688414212,0.18850369688414212,0.18814,0,0,False,False,0
1970-01-01 00:00:00.000000842,1749122100,6,2025-06-05 11:15:00,0.18869,0.18835184844207106,0.18869,0.18835184844207106,0,0,False,False,0
1970-01-01 00:00:00.000000843,1749123000,1,2025-06-05 11:30:00,0.18859,0.18852092422103553,0.18859,0.18852092422103553,0,0,False,False,0
1970-01-01 00:00:00.000000844,1749123900,994,2025-06-05 11:45:00,0.18898500000000001,0.18855546211051777,0.18932,0.18855546211051777,0,0,True,False,0
1970-01-01 00:00:00.000000845,1749124800,697,2025-06-05 12:00:00,0.189642,0.1887702310552589,0.190044,0.1887702310552589,0,0,False,False,0
1970-01-01 00:00:00.000000846,1749125700,92,2025-06-05 12:15:00,0.19098,0.18920611552762945,0.19135,0.18920611552762945,1,0,False,False,0
1970-01-01 00:00:00.000000847,1749126600,128,2025-06-05 12:30:00,0.19119000000000003,0.19009305776381474,0.19127,0.19009305776381474,0,0,False,False,0
1970-01-01 00:00:00.000000848,1749127500,141,2025-06-05 12:45:00,0.1914175,0.19064152888190738,0.19202,0.19064152888190738,0,0,True,False,0
1970-01-01 00:00:00.000000849,1749128400,266,2025-06-05 13:00:00,0.19194750000000002,0.19102951444095367,0.19223,0.19102951444095367,0,0,False,False,0
1970-01-01 00:00:00.000000850,1749129300,271,2025-06-05 13:15:00,0.19176749999999998,0.19148850722047683,0.19193,0.19148850722047683,0,0,False,False,0
1970-01-01 00:00:00.000000851,1749130200,150,2025-06-05 13:30:00,0.1910825,0.1916280036102384,0.1916280036102384,0.19078,0,0,False,False,0
1970-01-01 00:00:00.000000852,1749131100,342,2025-06-05 13:45:00,0.1895975,0.1913552518051192,0.1913552518051192,0.18876,0,0,False,False,0
1970-01-01 00:00:00.000000853,1749132000,58,2025-06-05 14:00:00,0.189115,0.1904763759025596,0.1904763759025596,0.18854,0,1,False,False,0
1970-01-01 00:00:00.000000854,1749132900,192,2025-06-05 14:15:00,0.18817250000000002,0.18979568795127982,0.18979568795127982,0.18739,0,0,False,True,-1
1970-01-01 00:00:00.000000855,1749133800,10,2025-06-05 14:30:00,0.189163,0.18898409397563992,0.189163,0.18898409397563992,0,0,False,False,0
1970-01-01 00:00:00.000000856,1749134700,55,2025-06-05 14:45:00,0.18953,0.18907354698781997,0.18953,0.18907354698781997,0,0,False,False,0
1970-01-01 00:00:00.000000857,1749135600,114,2025-06-05 15:00:00,0.18925,0.18930177349390997,0.18988,0.18855,0,0,False,False,0
1970-01-01 00:00:00.000000858,1749136500,129,2025-06-05 15:15:00,0.18932749999999998,0.189275886746955,0.1898,0.18878,0,0,False,False,0
1970-01-01 00:00:00.000000859,1749137400,136,2025-06-05 15:30:00,0.18996,0.1893016933734775,0.19018,0.1893016933734775,0,0,True,False,0
1970-01-01 00:00:00.000000860,1749138300,860,2025-06-05 15:45:00,0.18967,0.18963084668673874,0.18991,0.18933,0,0,False,False,0
1970-01-01 00:00:00.000000861,1749139200,701,2025-06-05 16:00:00,0.18889499999999998,0.18965042334336937,0.18965042334336937,0.18883,0,0,False,True,0
1970-01-01 00:00:00.000000862,1749140100,694,2025-06-05 16:15:00,0.1854275,0.1892727116716847,0.1892727116716847,0.18234,0,0,False,False,0
1970-01-01 00:00:00.000000863,1749141000,29,2025-06-05 16:30:00,0.18137,0.18735010583584233,0.18735010583584233,0.18136,0,0,False,False,0
1970-01-01 00:00:00.000000864,1749141900,678,2025-06-05 16:45:00,0.18081,0.18436005291792118,0.18436005291792118,0.18038,0,0,False,False,0
1970-01-01 00:00:00.000000865,1749142800,402,2025-06-05 17:00:00,0.181815,0.18258502645896058,0.18258502645896058,0.18163,0,0,False,False,0
1970-01-01 00:00:00.000000866,1749143700,2108,2025-06-05 17:15:00,0.1811815,0.1822000132294803,0.1822000132294803,0.18089,0,0,False,False,0
1970-01-01 00:00:00.000000867,1749144600,2144,2025-06-05 17:30:00,0.1806875,0.18169075661474016,0.18169075661474016,0.18016,0,0,False,False,0
1970-01-01 00:00:00.000000868,1749145500,2033,2025-06-05 17:45:00,0.17987,0.18118912830737008,0.18118912830737008,0.17899,0,0,False,False,0
1970-01-01 00:00:00.000000869,1749146400,687,2025-06-05 18:00:00,0.1792965,0.18052956415368504,0.18052956415368504,0.1786,0,0,False,False,0
1970-01-01 00:00:00.000000870,1749147300,8,2025-06-05 18:15:00,0.17828500000000003,0.1799130320768425,0.1799130320768425,0.17828,0,0,False,True,0
1970-01-01 00:00:00.000000871,1749148200,8,2025-06-05 18:30:00,0.18028,0.17909901603842127,0.18028,0.17909901603842127,0,0,False,False,0
1970-01-01 00:00:00.000000872,1749149100,0,2025-06-05 18:45:00,0.18028,0.17968950801921063,0.18028,0.17968950801921063,0,0,False,False,0
1970-01-01 00:00:00.000000873,1749150000,302,2025-06-05 19:00:00,0.17731000000000002,0.1799847540096053,0.1799847540096053,0.17683,0,0,False,True,0
1970-01-01 00:00:00.000000874,1749150900,554,2025-06-05 19:15:00,0.1745765,0.17864737700480265,0.17864737700480265,0.170654,0,0,False,False,0
1970-01-01 00:00:00.000000875,1749151800,77,2025-06-05 19:30:00,0.17493999999999998,0.1766119385024013,0.1766119385024013,0.17485,0,0,False,False,0
1970-01-01 00:00:00.000000876,1749152700,8,2025-06-05 19:45:00,0.17457999999999999,0.17577596925120065,0.17577596925120065,0.17456,0,0,False,False,0
1970-01-01 00:00:00.000000877,1749153600,8,2025-06-05 20:00:00,0.17372500000000002,0.1751779846256003,0.1751779846256003,0.17372,0,0,False,False,0
1970-01-01 00:00:00.000000878,1749154500,321,2025-06-05 20:15:00,0.1721025,0.17445149231280016,0.17445149231280016,0.17161,0,0,False,False,0
1970-01-01 00:00:00.000000879,1749155400,106,2025-06-05 20:30:00,0.1704775,0.17327699615640008,0.17327699615640008,0.16837,0,0,False,False,0
1970-01-01 00:00:00.000000880,1749156300,8,2025-06-05 20:45:00,0.17035,0.17187724807820004,0.17187724807820004,0.17035,0,0,False,False,0
1970-01-01 00:00:00.000000881,1749157200,0,2025-06-05 21:00:00,0.17035,0.17111362403910002,0.17111362403910002,0.17035,0,0,False,False,0
1970-01-01 00:00:00.000000882,1749158100,108,2025-06-05 21:15:00,0.169111,0.17073181201955,0.17073181201955,0.1688,0,0,False,False,0
1970-01-01 00:00:00.000000883,1749159000,275,2025-06-05 21:30:00,0.17027,0.169921406009775,0.17151,0.16911,0,0,False,False,0
1970-01-01 00:00:00.000000884,1749159900,0,2025-06-05 21:45:00,0.17135,0.17009570300488752,0.17135,0.17009570300488752,0,0,False,False,0
1970-01-01 00:00:00.000000885,1749160800,0,2025-06-05 22:00:00,0.17135,0.17072285150244376,0.17135,0.17072285150244376,0,0,False,False,0
1970-01-01 00:00:00.000000886,1749161700,0,2025-06-05 22:15:00,0.17135,0.17103642575122188,0.17135,0.17103642575122188,0,0,False,False,0
1970-01-01 00:00:00.000000887,1749162600,0,2025-06-05 22:30:00,0.17135,0.17119321287561096,0.17135,0.17119321287561096,0,0,False,False,0
1970-01-01 00:00:00.000000888,1749163500,36,2025-06-05 22:45:00,0.17208,0.17127160643780548,0.17208,0.17127160643780548,0,0,False,False,0
1970-01-01 00:00:00.000000889,1749164400,137,2025-06-05 23:00:00,0.17149,0.17167580321890274,0.17167580321890274,0.17149,0,0,False,False,0
1970-01-01 00:00:00.000000890,1749165300,11,2025-06-05 23:15:00,0.1721,0.1715829016094514,0.1721,0.1715829016094514,0,0,True,False,0
1970-01-01 00:00:00.000000891,1749166200,11,2025-06-05 23:30:00,0.17169,0.17184145080472568,0.17184145080472568,0.17169,0,0,False,False,0
1970-01-01 00:00:00.000000892,1749167100,0,2025-06-05 23:45:00,0.17169,0.17176572540236285,0.17176572540236285,0.17169,0,0,False,False,0
1970-01-01 00:00:00.000000893,1749168000,137,2025-06-06 00:00:00,0.17064,0.17172786270118143,0.17172786270118143,0.17064,0,0,False,True,0
1970-01-01 00:00:00.000000894,1749168900,8,2025-06-06 00:15:00,0.16999999999999998,0.1711839313505907,0.1711839313505907,0.16998,0,0,False,False,0
1970-01-01 00:00:00.000000895,1749169800,758,2025-06-06 00:30:00,0.17130800000000002,0.17059196567529533,0.171546,0.17059196567529533,0,0,False,False,0
1970-01-01 00:00:00.000000896,1749170700,0,2025-06-06 00:45:00,0.171546,0.17094998283764767,0.171546,0.17094998283764767,0,0,False,False,0
1970-01-01 00:00:00.000000897,1749171600,58,2025-06-06 01:00:00,0.1715,0.17124799141882385,0.1715,0.17124799141882385,0,0,False,False,0
1970-01-01 00:00:00.000000898,1749172500,500,2025-06-06 01:15:00,0.171592,0.17137399570941192,0.171594,0.17137399570941192,0,0,True,False,0
1970-01-01 00:00:00.000000899,1749173400,0,2025-06-06 01:30:00,0.171594,0.17148299785470594,0.171594,0.17148299785470594,0,0,False,False,0
1970-01-01 00:00:00.000000900,1749174300,221,2025-06-06 01:45:00,0.171901,0.17153849892735296,0.171902,0.17153849892735296,0,0,True,False,0
1970-01-01 00:00:00.000000901,1749175200,0,2025-06-06 02:00:00,0.171902,0.17171974946367646,0.171902,0.17171974946367646,0,0,False,False,0
1970-01-01 00:00:00.000000902,1749176100,750,2025-06-06 02:15:00,0.17063,0.17181087473183823,0.17181087473183823,0.17063,0,0,False,True,0
1970-01-01 00:00:00.000000903,1749177000,151,2025-06-06 02:30:00,0.171155,0.17122043736591913,0.17148,0.17083,0,0,False,False,0
1970-01-01 00:00:00.000000904,1749177900,8,2025-06-06 02:45:00,0.17157,0.17118771868295957,0.17157,0.17118771868295957,0,0,False,False,0
1970-01-01 00:00:00.000000905,1749178800,216,2025-06-06 03:00:00,0.17256,0.17137885934147978,0.1727,0.17137885934147978,0,0,False,False,0
1970-01-01 00:00:00.000000906,1749179700,18,2025-06-06 03:15:00,0.17316,0.1719694296707399,0.17316,0.1719694296707399,0,0,False,False,0
1970-01-01 00:00:00.000000907,1749180600,0,2025-06-06 03:30:00,0.17316,0.17256471483536995,0.17316,0.17256471483536995,0,0,False,False,0
1970-01-01 00:00:00.000000908,1749181500,1320,2025-06-06 03:45:00,0.174975,0.17286235741768496,0.17507,0.17286235741768496,1,0,True,False,1
1970-01-01 00:00:00.000000909,1749182400,0,2025-06-06 04:00:00,0.17507,0.17391867870884248,0.17507,0.17391867870884248,0,0,False,False,0
1970-01-01 00:00:00.000000910,1749183300,0,2025-06-06 04:15:00,0.17507,0.17449433935442124,0.17507,0.17449433935442124,0,0,False,False,0
1970-01-01 00:00:00.000000911,1749184200,8773,2025-06-06 04:30:00,0.1752075,0.1747821696772106,0.17576,0.17477,0,0,True,False,0
1970-01-01 00:00:00.000000912,1749185100,28,2025-06-06 04:45:00,0.17559,0.17499483483860528,0.17563,0.17499483483860528,0,0,False,False,0
1970-01-01 00:00:00.000000913,1749186000,4,2025-06-06 05:00:00,0.17558,0.17529241741930263,0.17558,0.17529241741930263,0,0,False,False,0
1970-01-01 00:00:00.000000914,1749186900,2125,2025-06-06 05:15:00,0.17563800000000002,0.17543620870965132,0.175888,0.17539,0,0,False,False,0
1970-01-01 00:00:00.000000915,1749187800,0,2025-06-06 05:30:00,0.175394,0.17553710435482567,0.17553710435482567,0.175394,0,0,False,False,0
1970-01-01 00:00:00.000000916,1749188700,0,2025-06-06 05:45:00,0.175394,0.17546555217741283,0.17546555217741283,0.175394,0,0,False,False,0
1970-01-01 00:00:00.000000917,1749189600,1464,2025-06-06 06:00:00,0.175982,0.1754297760887064,0.176134,0.1754297760887064,0,0,True,False,0
1970-01-01 00:00:00.000000918,1749190500,740,2025-06-06 06:15:00,0.175725,0.17570588804435322,0.17629,0.17518,0,0,False,False,0
1970-01-01 00:00:00.000000919,1749191400,551,2025-06-06 06:30:00,0.1754435,0.1757154440221766,0.1757154440221766,0.17532,0,0,False,False,0
1970-01-01 00:00:00.000000920,1749192300,86,2025-06-06 06:45:00,0.175475,0.1755794720110883,0.1755794720110883,0.17539,0,0,False,False,0
1970-01-01 00:00:00.000000921,1749193200,400,2025-06-06 07:00:00,0.17555199999999999,0.17552723600554415,0.175554,0.17552723600554415,0,0,False,False,0
1970-01-01 00:00:00.000000922,1749194100,151,2025-06-06 07:15:00,0.1755005,0.17553961800277207,0.17567,0.17533,0,0,False,False,0
1970-01-01 00:00:00.000000923,1749195000,514,2025-06-06 07:30:00,0.174885,0.17552005900138604,0.17552005900138604,0.17479,0,0,False,False,0
1970-01-01 00:00:00.000000924,1749195900,140,2025-06-06 07:45:00,0.1747825,0.17520252950069304,0.17520252950069304,0.17473,0,0,False,False,0
1970-01-01 00:00:00.000000925,1749196800,0,2025-06-06 08:00:00,0.17473,0.17499251475034652,0.17499251475034652,0.17473,0,0,False,False,0
1970-01-01 00:00:00.000000926,1749197700,8,2025-06-06 08:15:00,0.1753,0.17486125737517327,0.1753,0.17486125737517327,0,0,True,False,0
1970-01-01 00:00:00.000000927,1749198600,10,2025-06-06 08:30:00,0.17505,0.17508062868758664,0.17522,0.17488,0,0,False,False,0
1970-01-01 00:00:00.000000928,1749199500,164,2025-06-06 08:45:00,0.175095,0.17506531434379333,0.17525,0.17504,0,0,False,False,0
1970-01-01 00:00:00.000000929,1749200400,6,2025-06-06 09:00:00,0.17531,0.17508015717189668,0.17531,0.17508015717189668,0,0,True,False,0
1970-01-01 00:00:00.000000930,1749201300,21,2025-06-06 09:15:00,0.1758575,0.17519507858594835,0.17606,0.17519507858594835,0,0,False,False,0
1970-01-01 00:00:00.000000931,1749202200,152,2025-06-06 09:30:00,0.175815,0.17552628929297417,0.17587,0.17552628929297417,0,0,False,False,0
1970-01-01 00:00:00.000000932,1749203100,18,2025-06-06 09:45:00,0.17588499999999999,0.17567064464648707,0.17612,0.17565,0,0,False,False,0
1970-01-01 00:00:00.000000933,1749204000,53,2025-06-06 10:00:00,0.17608000000000001,0.17577782232324352,0.17642,0.17574,0,0,False,False,0
1970-01-01 00:00:00.000000934,1749204900,1,2025-06-06 10:15:00,0.17679,0.17592891116162176,0.17679,0.17592891116162176,0,0,True,False,0
1970-01-01 00:00:00.000000935,1749205800,8,2025-06-06 10:30:00,0.17671,0.1763594555808109,0.17671,0.1763594555808109,0,0,False,False,0
1970-01-01 00:00:00.000000936,1749206700,156,2025-06-06 10:45:00,0.176415,0.17653472779040547,0.17653472779040547,0.17636,0,0,False,False,0
1970-01-01 00:00:00.000000937,1749207600,235,2025-06-06 11:00:00,0.17653999999999997,0.17647486389520273,0.17681,0.17628,0,0,False,False,0
1970-01-01 00:00:00.000000938,1749208500,112,2025-06-06 11:15:00,0.17716749999999998,0.17650743194760135,0.17757,0.17650743194760135,0,0,False,False,0
1970-01-01 00:00:00.000000939,1749209400,14,2025-06-06 11:30:00,0.17654,0.17683746597380068,0.17683746597380068,0.17654,0,0,False,False,0
1970-01-01 00:00:00.000000940,1749210300,0,2025-06-06 11:45:00,0.17654,0.17668873298690035,0.17668873298690035,0.17654,0,0,False,False,0
1970-01-01 00:00:00.000000941,1749211200,22,2025-06-06 12:00:00,0.17774,0.1766143664934502,0.17777,0.1766143664934502,0,0,True,False,0
1970-01-01 00:00:00.000000942,1749212100,10,2025-06-06 12:15:00,0.17812250000000002,0.1771771832467251,0.17822,0.1771771832467251,0,0,False,False,0
1970-01-01 00:00:00.000000943,1749213000,62,2025-06-06 12:30:00,0.179235,0.17764984162336256,0.17954,0.17764984162336256,0,0,False,False,0
1970-01-01 00:00:00.000000944,1749213900,0,2025-06-06 12:45:00,0.17901,0.17844242081168127,0.17901,0.17844242081168127,0,0,False,False,0
1970-01-01 00:00:00.000000945,1749214800,0,2025-06-06 13:00:00,0.17901,0.17872621040584064,0.17901,0.17872621040584064,0,0,False,False,0
1970-01-01 00:00:00.000000946,1749215700,0,2025-06-06 13:15:00,0.17901,0.17886810520292032,0.17901,0.17886810520292032,0,0,False,False,0
1970-01-01 00:00:00.000000947,1749216600,30,2025-06-06 13:30:00,0.17987,0.17893905260146015,0.17987,0.17893905260146015,0,0,True,False,0
1970-01-01 00:00:00.000000948,1749217500,19,2025-06-06 13:45:00,0.18027500000000002,0.17940452630073006,0.18074,0.17940452630073006,0,0,False,False,0
1970-01-01 00:00:00.000000949,1749218400,8,2025-06-06 14:00:00,0.180125,0.17983976315036504,0.18015,0.17983976315036504,0,0,False,False,0
1970-01-01 00:00:00.000000950,1749219300,0,2025-06-06 14:15:00,0.1801,0.17998238157518254,0.1801,0.17998238157518254,0,0,False,False,0
1970-01-01 00:00:00.000000951,1749220200,0,2025-06-06 14:30:00,0.1801,0.1800411907875913,0.1801,0.1800411907875913,0,0,False,False,0
1970-01-01 00:00:00.000000952,1749221100,28,2025-06-06 14:45:00,0.182655,0.18007059539379566,0.18269,0.18007059539379566,0,0,True,False,0
1970-01-01 00:00:00.000000953,1749222000,0,2025-06-06 15:00:00,0.18262,0.18136279769689784,0.18262,0.18136279769689784,0,0,False,False,0
1970-01-01 00:00:00.000000954,1749222900,1014,2025-06-06 15:15:00,0.183095,0.18199139884844892,0.18414,0.18199139884844892,0,0,True,False,0
1970-01-01 00:00:00.000000955,1749223800,1228,2025-06-06 15:30:00,0.18192499999999998,0.18254319942422448,0.18254319942422448,0.1818,0,0,False,False,0
1970-01-01 00:00:00.000000956,1749224700,0,2025-06-06 15:45:00,0.1818,0.18223409971211224,0.18223409971211224,0.1818,0,0,False,False,0
1970-01-01 00:00:00.000000957,1749225600,400,2025-06-06 16:00:00,0.1815,0.1820170498560561,0.1820170498560561,0.1815,0,0,False,True,0
1970-01-01 00:00:00.000000958,1749226500,910,2025-06-06 16:15:00,0.18201699999999998,0.18175852492802805,0.182244,0.18175852492802805,0,0,False,False,0
