,time,volume,Timestamp,close,open,high,low,RF_BuySignal,RF_SellSignal,gaizy_color,rsi_buy,rsi_sell,GreenArrow,RedArrow,Signal_Final
1970-01-01 00:00:00.000002280,1748716200,1706,2025-05-31 18:30:00,2537.55,2536.34671608631,2538.8,2536.0,0,0,dark_green,False,False,False,False,0
1970-01-01 00:00:00.000002281,1748716500,648,2025-05-31 18:35:00,2538.4750000000004,2536.948358043155,2539.15,2536.948358043155,0,0,dark_green,False,False,False,False,0
1970-01-01 00:00:00.000002282,1748716800,708,2025-05-31 18:40:00,2536.9,2537.7116790215778,2538.45,2535.45,0,0,dark_green,False,False,False,False,0
1970-01-01 00:00:00.000002283,1748717100,1580,2025-05-31 18:45:00,2534.9,2537.305839510789,2537.305839510789,2534.2,0,0,black,False,False,False,False,0
1970-01-01 00:00:00.000002284,1748717400,436,2025-05-31 18:50:00,2537.0,2536.1029197553944,2539.4,2534.7,0,0,dark_green,False,False,False,False,0
1970-01-01 00:00:00.000002285,1748717700,5164,2025-05-31 18:55:00,2538.5625,2536.551459877697,2538.85,2536.551459877697,0,0,dark_green,False,False,False,False,0
1970-01-01 00:00:00.000002286,1748718000,12868,2025-05-31 19:00:00,2539.7374999999997,2537.5569799388486,2541.8,2537.5569799388486,0,0,dark_green,False,False,False,False,0
1970-01-01 00:00:00.000002287,1748718300,1445,2025-05-31 19:05:00,2540.0125,2538.647239969424,2540.6,2538.647239969424,0,0,dark_green,False,False,False,False,0
1970-01-01 00:00:00.000002288,1748718600,935,2025-05-31 19:10:00,2537.8999999999996,2539.329869984712,2539.329869984712,2536.6,0,0,dark_green,False,False,False,False,0
1970-01-01 00:00:00.000002289,1748718900,1607,2025-05-31 19:15:00,2538.35,2538.6149349923558,2540.6,2537.1,0,0,dark_green,False,False,False,False,0
1970-01-01 00:00:00.000002290,1748719200,56,2025-05-31 19:20:00,2539.05,2538.482467496178,2539.55,2538.482467496178,0,0,dark_green,False,False,False,False,0
1970-01-01 00:00:00.000002291,1748719500,1133,2025-05-31 19:25:00,2539.5750000000003,2538.766233748089,2540.55,2538.05,0,0,dark_green,False,False,True,False,1
1970-01-01 00:00:00.000002292,1748719800,992,2025-05-31 19:30:00,2540.35,2539.1706168740448,2541.0,2539.1706168740448,0,0,dark_green,False,False,False,False,0
1970-01-01 00:00:00.000002293,1748720100,842,2025-05-31 19:35:00,2539.3,2539.760308437022,2540.75,2537.95,0,0,black,False,False,False,False,0
1970-01-01 00:00:00.000002294,1748720400,310,2025-05-31 19:40:00,2539.9,2539.530154218511,2540.55,2538.7,0,0,black,False,False,False,False,0
1970-01-01 00:00:00.000002295,1748720700,374,2025-05-31 19:45:00,2538.45,2539.7150771092556,2539.7150771092556,2538.15,0,0,black,False,False,False,False,0
1970-01-01 00:00:00.000002296,1748721000,1865,2025-05-31 19:50:00,2536.7875,2539.0825385546277,2539.0825385546277,2535.2,0,0,black,False,False,False,False,0
1970-01-01 00:00:00.000002297,1748721300,113,2025-05-31 19:55:00,2536.625,2537.9350192773136,2537.9350192773136,2536.35,0,0,black,False,False,False,False,0
1970-01-01 00:00:00.000002298,1748721600,163,2025-05-31 20:00:00,2535.8125,2537.280009638657,2537.280009638657,2535.25,0,0,black,False,False,False,False,0
1970-01-01 00:00:00.000002299,1748721900,184,2025-05-31 20:05:00,2537.725,2536.546254819328,2539.6,2535.85,0,0,black,False,False,False,False,0
1970-01-01 00:00:00.000002300,1748722200,3721,2025-05-31 20:10:00,2535.125,2537.1356274096643,2538.4,2531.85,0,0,black,False,False,False,False,0
1970-01-01 00:00:00.000002301,1748722500,5,2025-05-31 20:15:00,2533.2,2536.130313704832,2536.130313704832,2533.2,0,0,black,False,False,False,False,0
1970-01-01 00:00:00.000002302,1748722800,201,2025-05-31 20:20:00,2536.5625,2534.6651568524157,2537.65,2534.6651568524157,0,0,black,False,False,False,False,0
1970-01-01 00:00:00.000002303,1748723100,567,2025-05-31 20:25:00,2538.35,2535.613828426208,2538.85,2535.613828426208,0,0,black,False,False,False,False,0
1970-01-01 00:00:00.000002304,1748723400,257,2025-05-31 20:30:00,2538.625,2536.9819142131037,2539.4,2536.9819142131037,0,0,black,False,False,False,False,0
1970-01-01 00:00:00.000002305,1748723700,600,2025-05-31 20:35:00,2538.4625,2537.803457106552,2538.85,2537.55,0,0,black,False,False,False,False,0
1970-01-01 00:00:00.000002306,1748724000,491,2025-05-31 20:40:00,2538.6,2538.132978553276,2539.1,2538.132978553276,0,0,black,False,False,False,False,0
1970-01-01 00:00:00.000002307,1748724300,5,2025-05-31 20:45:00,2538.8375,2538.3664892766383,2539.6,2538.0,0,0,black,False,False,False,False,0
1970-01-01 00:00:00.000002308,1748724600,51,2025-05-31 20:50:00,2540.3,2538.6019946383194,2540.75,2538.6019946383194,0,0,dark_green,False,False,True,False,1
1970-01-01 00:00:00.000002309,1748724900,1342,2025-05-31 20:55:00,2540.6,2539.45099731916,2540.95,2539.45099731916,0,0,dark_green,False,False,False,False,0
1970-01-01 00:00:00.000002310,1748725200,6482,2025-05-31 21:00:00,2546.3625,2540.02549865958,2550.2,2540.02549865958,0,0,dark_green,False,False,True,False,0
1970-01-01 00:00:00.000002311,1748725500,104,2025-05-31 21:05:00,2546.75,2543.19399932979,2546.75,2543.19399932979,0,0,dark_green,False,False,False,False,0
1970-01-01 00:00:00.000002312,1748725800,1930,2025-05-31 21:10:00,2545.025,2544.971999664895,2549.0,2541.8,0,0,black,False,True,False,False,0
1970-01-01 00:00:00.000002313,1748726100,35,2025-05-31 21:15:00,2540.275,2544.9984998324476,2544.9984998324476,2540.25,0,0,black,False,False,False,False,0
1970-01-01 00:00:00.000002314,1748726400,0,2025-05-31 21:20:00,2540.3,2542.636749916224,2542.636749916224,2540.3,0,0,black,False,False,False,False,0
1970-01-01 00:00:00.000002315,1748726700,0,2025-05-31 21:25:00,2540.3,2541.468374958112,2541.468374958112,2540.3,0,0,black,False,False,False,False,0
1970-01-01 00:00:00.000002316,1748727000,0,2025-05-31 21:30:00,2540.3,2540.884187479056,2540.884187479056,2540.3,0,0,black,False,False,False,False,0
1970-01-01 00:00:00.000002317,1748727300,1,2025-05-31 21:35:00,2542.85,2540.592093739528,2542.85,2540.592093739528,0,0,black,False,False,False,False,0
1970-01-01 00:00:00.000002318,1748727600,0,2025-05-31 21:40:00,2542.85,2541.721046869764,2542.85,2541.721046869764,0,0,black,False,False,False,False,0
1970-01-01 00:00:00.000002319,1748727900,67,2025-05-31 21:45:00,2543.0,2542.2855234348817,2543.0,2542.2855234348817,0,0,black,False,False,True,False,1
1970-01-01 00:00:00.000002320,1748728200,0,2025-05-31 21:50:00,2543.0,2542.642761717441,2543.0,2542.642761717441,0,0,black,False,False,False,False,0
1970-01-01 00:00:00.000002321,1748728500,1,2025-05-31 21:55:00,2543.15,2542.8213808587207,2543.15,2542.8213808587207,0,0,black,False,False,True,False,1
1970-01-01 00:00:00.000002322,1748728800,74,2025-05-31 22:00:00,2542.6499999999996,2542.98569042936,2542.98569042936,2542.45,0,0,black,False,False,False,False,0
1970-01-01 00:00:00.000002323,1748729100,25,2025-05-31 22:05:00,2538.45,2542.81784521468,2542.81784521468,2538.45,0,1,red,False,False,False,False,0
1970-01-01 00:00:00.000002324,1748729400,19,2025-05-31 22:10:00,2540.05,2540.6339226073396,2540.6339226073396,2540.05,0,0,black,False,False,False,False,0
1970-01-01 00:00:00.000002325,1748729700,0,2025-05-31 22:15:00,2540.05,2540.34196130367,2540.34196130367,2540.05,0,0,black,False,False,False,False,0
1970-01-01 00:00:00.000002326,1748730000,89,2025-05-31 22:20:00,2538.5875,2540.1959806518353,2540.1959806518353,2537.55,0,0,red,False,False,False,False,0
1970-01-01 00:00:00.000002327,1748730300,2,2025-05-31 22:25:00,2537.1749999999997,2539.3917403259175,2539.3917403259175,2535.65,0,0,red,False,False,False,False,0
1970-01-01 00:00:00.000002328,1748730600,6,2025-05-31 22:30:00,2534.6,2538.283370162959,2538.283370162959,2534.6,0,0,red,False,False,False,False,0
1970-01-01 00:00:00.000002329,1748730900,485,2025-05-31 22:35:00,2536.6125,2536.4416850814796,2536.85,2536.4416850814796,0,0,red,False,False,False,False,0
1970-01-01 00:00:00.000002330,1748731200,0,2025-05-31 22:40:00,2536.6,2536.52709254074,2536.6,2536.52709254074,0,0,red,False,False,False,False,0
1970-01-01 00:00:00.000002331,1748731500,850,2025-05-31 22:45:00,2536.6,2536.56354627037,2536.85,2536.3,0,0,red,False,False,False,False,0
1970-01-01 00:00:00.000002332,1748731800,100,2025-05-31 22:50:00,2533.0,2536.581773135185,2536.581773135185,2533.0,0,0,red,False,False,False,True,-1
1970-01-01 00:00:00.000002333,1748732100,900,2025-05-31 22:55:00,2531.4750000000004,2534.7908865675927,2534.7908865675927,2530.8,0,0,red,False,False,False,False,0
1970-01-01 00:00:00.000002334,1748732400,1417,2025-05-31 23:00:00,2525.5499999999997,2533.1329432837965,2533.1329432837965,2523.65,0,0,red,False,False,False,False,0
1970-01-01 00:00:00.000002335,1748732700,603,2025-05-31 23:05:00,2528.675,2529.3414716418984,2531.15,2525.8,0,0,black,True,False,False,False,0
1970-01-01 00:00:00.000002336,1748733000,35,2025-05-31 23:10:00,2532.95,2529.0082358209493,2532.95,2529.0082358209493,0,0,black,False,False,False,False,0
1970-01-01 00:00:00.000002337,1748733300,620,2025-05-31 23:15:00,2541.9375,2530.9791179104745,2545.0,2530.9791179104745,1,0,black,False,False,False,False,0
1970-01-01 00:00:00.000002338,1748733600,0,2025-05-31 23:20:00,2540.6,2536.458308955237,2540.6,2536.458308955237,0,0,black,False,False,False,False,0
1970-01-01 00:00:00.000002339,1748733900,6,2025-05-31 23:25:00,2533.35,2538.5291544776182,2538.5291544776182,2533.35,0,0,black,False,False,False,False,0
1970-01-01 00:00:00.000002340,1748734200,1641,2025-05-31 23:30:00,2533.1125,2535.939577238809,2535.939577238809,2532.3,0,0,black,False,False,False,False,0
1970-01-01 00:00:00.000002341,1748734500,648,2025-05-31 23:35:00,2532.95,2534.5260386194045,2534.5260386194045,2532.95,0,0,black,False,False,False,False,0
1970-01-01 00:00:00.000002342,1748734800,890,2025-05-31 23:40:00,2529.15,2533.7380193097024,2533.7380193097024,2529.0,0,1,black,False,False,False,True,-2
1970-01-01 00:00:00.000002343,1748735100,87,2025-05-31 23:45:00,2528.45,2531.4440096548515,2531.4440096548515,2526.55,0,0,black,False,False,False,False,0
1970-01-01 00:00:00.000002344,1748735400,30,2025-05-31 23:50:00,2529.225,2529.9470048274256,2529.9470048274256,2529.2,0,0,black,False,False,False,False,0
1970-01-01 00:00:00.000002345,1748735700,200,2025-05-31 23:55:00,2526.15,2529.586002413713,2529.586002413713,2526.15,0,0,black,False,False,False,True,-1
1970-01-01 00:00:00.000002346,1748736000,302,2025-06-01 00:00:00,2525.75,2527.868001206856,2527.868001206856,2525.2,0,0,black,False,False,False,False,0
1970-01-01 00:00:00.000002347,1748736300,0,2025-06-01 00:05:00,2525.2,2526.809000603428,2526.809000603428,2525.2,0,0,black,False,False,False,False,0
1970-01-01 00:00:00.000002348,1748736600,9212,2025-06-01 00:10:00,2519.4625,2526.004500301714,2526.004500301714,2516.35,0,0,black,False,False,False,True,-1
1970-01-01 00:00:00.000002349,1748736900,2670,2025-06-01 00:15:00,2515.7999999999997,2522.7335001508573,2522.7335001508573,2515.4,0,0,black,False,False,False,False,0
1970-01-01 00:00:00.000002350,1748737200,476,2025-06-01 00:20:00,2518.8,2519.2667500754287,2520.85,2517.0,0,0,black,True,False,False,False,0
1970-01-01 00:00:00.000002351,1748737500,664,2025-06-01 00:25:00,2516.5125,2519.0333750377144,2519.0333750377144,2514.75,0,0,black,False,False,False,False,0
1970-01-01 00:00:00.000002352,1748737800,773,2025-06-01 00:30:00,2516.9125,2517.7729375188574,2519.5,2515.5,0,0,black,False,False,False,False,0
1970-01-01 00:00:00.000002353,1748738100,1351,2025-06-01 00:35:00,2518.825,2517.342718759429,2520.0,2517.342718759429,0,0,black,False,False,False,False,0
1970-01-01 00:00:00.000002354,1748738400,196,2025-06-01 00:40:00,2520.4125,2518.0838593797143,2520.75,2518.0838593797143,0,0,black,False,False,True,False,1
1970-01-01 00:00:00.000002355,1748738700,550,2025-06-01 00:45:00,2522.5,2519.2481796898574,2523.0,2519.2481796898574,0,0,black,False,False,False,False,0
1970-01-01 00:00:00.000002356,1748739000,0,2025-06-01 00:50:00,2522.0,2520.8740898449287,2522.0,2520.8740898449287,0,0,black,False,False,False,False,0
1970-01-01 00:00:00.000002357,1748739300,4178,2025-06-01 00:55:00,2523.1,2521.4370449224643,2525.0,2521.2,0,0,black,False,False,True,False,1
1970-01-01 00:00:00.000002358,1748739600,3384,2025-06-01 01:00:00,2523.125,2522.2685224612324,2524.45,2521.8,0,0,black,False,False,False,False,0
1970-01-01 00:00:00.000002359,1748739900,781,2025-06-01 01:05:00,2521.0125000000003,2522.696761230616,2523.65,2518.2,0,0,black,False,False,False,True,-1
1970-01-01 00:00:00.000002360,1748740200,487,2025-06-01 01:10:00,2523.3,2521.8546306153085,2523.6,2521.8546306153085,0,0,black,False,False,False,False,0
1970-01-01 00:00:00.000002361,1748740500,954,2025-06-01 01:15:00,2525.9750000000004,2522.5773153076543,2528.7,2522.5773153076543,0,0,black,False,False,True,False,1
1970-01-01 00:00:00.000002362,1748740800,222,2025-06-01 01:20:00,2521.5125,2524.2761576538273,2524.2761576538273,2520.65,0,0,black,False,False,False,False,0
1970-01-01 00:00:00.000002363,1748741100,1309,2025-06-01 01:25:00,2522.4750000000004,2522.894328826914,2524.85,2521.0,0,0,black,False,False,False,False,0
1970-01-01 00:00:00.000002364,1748741400,1761,2025-06-01 01:30:00,2521.6625,2522.684664413457,2523.9,2519.7,0,0,black,False,False,False,False,0
1970-01-01 00:00:00.000002365,1748741700,1066,2025-06-01 01:35:00,2518.075,2522.1735822067285,2522.1735822067285,2517.0,0,0,black,False,False,False,True,-1
1970-01-01 00:00:00.000002366,1748742000,2658,2025-06-01 01:40:00,2517.4,2520.124291103364,2520.124291103364,2516.2,0,0,black,False,False,False,False,0
1970-01-01 00:00:00.000002367,1748742300,1574,2025-06-01 01:45:00,2517.5625,2518.762145551682,2518.762145551682,2516.45,0,0,black,False,False,False,False,0
1970-01-01 00:00:00.000002368,1748742600,27139,2025-06-01 01:50:00,2505.2250000000004,2518.162322775841,2518.162322775841,2487.1,0,0,red,False,False,False,True,-1
1970-01-01 00:00:00.000002369,1748742900,3958,2025-06-01 01:55:00,2503.425,2511.6936613879207,2511.6936613879207,2499.65,0,0,red,False,False,False,False,0
1970-01-01 00:00:00.000002370,1748743200,2881,2025-06-01 02:00:00,2502.3875,2507.5593306939604,2507.5593306939604,2498.9,0,0,red,False,False,False,False,0
1970-01-01 00:00:00.000002371,1748743500,2130,2025-06-01 02:05:00,2496.3,2504.97341534698,2504.97341534698,2493.6,0,0,red,False,False,False,False,0
1970-01-01 00:00:00.000002372,1748743800,3051,2025-06-01 02:10:00,2497.65,2500.63670767349,2500.63670767349,2494.8,0,0,black,False,False,False,False,0
1970-01-01 00:00:00.000002373,1748744100,2470,2025-06-01 02:15:00,2499.3250000000003,2499.143353836745,2503.15,2496.6,0,0,black,False,False,False,False,0
1970-01-01 00:00:00.000002374,1748744400,4025,2025-06-01 02:20:00,2503.2375,2499.2341769183727,2505.2,2499.2341769183727,0,0,black,True,False,False,False,0
1970-01-01 00:00:00.000002375,1748744700,879,2025-06-01 02:25:00,2506.8125,2501.235838459186,2508.75,2501.235838459186,0,0,black,False,False,False,False,0
1970-01-01 00:00:00.000002376,1748745000,5395,2025-06-01 02:30:00,2509.425,2504.024169229593,2511.25,2504.024169229593,0,0,black,False,False,False,False,0
1970-01-01 00:00:00.000002377,1748745300,11522,2025-06-01 02:35:00,2509.0625,2506.7245846147966,2511.6,2506.2,0,0,black,False,False,False,False,0
1970-01-01 00:00:00.000002378,1748745600,2321,2025-06-01 02:40:00,2510.0625,2507.893542307398,2511.1,2507.893542307398,1,0,black,False,False,False,False,0
1970-01-01 00:00:00.000002379,1748745900,4328,2025-06-01 02:45:00,2509.5,2508.978021153699,2512.75,2505.05,0,0,black,False,False,False,False,0
1970-01-01 00:00:00.000002380,1748746200,4708,2025-06-01 02:50:00,2510.5750000000003,2509.2390105768495,2512.25,2509.2390105768495,0,0,dark_green,False,False,False,False,0
1970-01-01 00:00:00.000002381,1748746500,824,2025-06-01 02:55:00,2507.4,2509.907005288425,2509.907005288425,2506.8,0,0,black,False,False,False,False,0
1970-01-01 00:00:00.000002382,1748746800,1569,2025-06-01 03:00:00,2504.4125,2508.6535026442125,2508.6535026442125,2502.45,0,0,black,False,False,False,False,0
1970-01-01 00:00:00.000002383,1748747100,1411,2025-06-01 03:05:00,2501.6875,2506.5330013221064,2506.5330013221064,2500.0,0,0,black,False,False,False,False,0
1970-01-01 00:00:00.000002384,1748747400,1366,2025-06-01 03:10:00,2501.0875,2504.110250661053,2504.110250661053,2500.2,0,0,black,False,False,False,False,0
1970-01-01 00:00:00.000002385,1748747700,1403,2025-06-01 03:15:00,2501.75,2502.5988753305264,2503.95,2500.0,0,0,black,False,False,False,False,0
1970-01-01 00:00:00.000002386,1748748000,10853,2025-06-01 03:20:00,2497.45,2502.174437665263,2503.25,2492.0,0,1,black,False,False,False,True,-2
1970-01-01 00:00:00.000002387,1748748300,7747,2025-06-01 03:25:00,2496.8,2499.8122188326315,2500.5,2493.1,0,0,black,False,False,False,False,0
1970-01-01 00:00:00.000002388,1748748600,15072,2025-06-01 03:30:00,2505.4874999999997,2498.306109416316,2510.85,2498.306109416316,0,0,dark_green,False,False,True,False,1
1970-01-01 00:00:00.000002389,1748748900,685,2025-06-01 03:35:00,2507.8,2501.896804708158,2509.0,2501.896804708158,0,0,dark_green,False,False,False,False,0
1970-01-01 00:00:00.000002390,1748749200,2583,2025-06-01 03:40:00,2509.1499999999996,2504.848402354079,2509.95,2504.848402354079,0,0,dark_green,False,False,False,False,0
1970-01-01 00:00:00.000002391,1748749500,8053,2025-06-01 03:45:00,2512.65,2506.999201177039,2517.0,2506.999201177039,1,0,dark_green,False,False,False,False,0
1970-01-01 00:00:00.000002392,1748749800,1297,2025-06-01 03:50:00,2514.4875,2509.8246005885194,2515.4,2509.8246005885194,0,0,dark_green,False,False,False,False,0
1970-01-01 00:00:00.000002393,1748750100,1461,2025-06-01 03:55:00,2512.825,2512.15605029426,2513.6,2512.05,0,0,dark_green,False,False,False,False,0
1970-01-01 00:00:00.000002394,1748750400,8780,2025-06-01 04:00:00,2512.5875,2512.49052514713,2515.4,2510.6,0,0,dark_green,False,False,False,False,0
1970-01-01 00:00:00.000002395,1748750700,1010,2025-06-01 04:05:00,2511.5625,2512.539012573565,2512.539012573565,2510.35,0,0,dark_green,False,False,False,False,0
1970-01-01 00:00:00.000002396,1748751000,1144,2025-06-01 04:10:00,2511.1625,2512.0507562867824,2512.35,2510.4,0,0,dark_green,False,False,False,False,0
1970-01-01 00:00:00.000002397,1748751300,5130,2025-06-01 04:15:00,2513.4625,2511.6066281433914,2514.15,2511.6066281433914,0,0,dark_green,False,False,False,False,0
1970-01-01 00:00:00.000002398,1748751600,998,2025-06-01 04:20:00,2514.675,2512.534564071696,2515.15,2512.534564071696,0,0,dark_green,False,False,False,False,0
1970-01-01 00:00:00.000002399,1748751900,917,2025-06-01 04:25:00,2514.25,2513.604782035848,2514.75,2513.604782035848,0,0,dark_green,False,False,False,False,0
1970-01-01 00:00:00.000002400,1748752200,3446,2025-06-01 04:30:00,2517.375,2513.927391017924,2519.45,2513.927391017924,0,0,dark_green,False,False,True,False,0
1970-01-01 00:00:00.000002401,1748752500,3051,2025-06-01 04:35:00,2520.2,2515.651195508962,2523.0,2515.651195508962,0,0,dark_green,False,False,False,False,0
1970-01-01 00:00:00.000002402,1748752800,1848,2025-06-01 04:40:00,2522.5750000000003,2517.925597754481,2524.3,2517.925597754481,0,0,dark_green,False,False,False,False,0
1970-01-01 00:00:00.000002403,1748753100,7312,2025-06-01 04:45:00,2523.275,2520.2502988772403,2525.8,2520.2502988772403,0,0,dark_green,False,False,False,False,0
1970-01-01 00:00:00.000002404,1748753400,1014,2025-06-01 04:50:00,2523.4,2521.7626494386204,2525.0,2521.7626494386204,0,0,dark_green,False,False,False,False,0
1970-01-01 00:00:00.000002405,1748753700,860,2025-06-01 04:55:00,2521.8624999999997,2522.58132471931,2523.2,2520.6,0,0,black,False,False,False,False,0
1970-01-01 00:00:00.000002406,1748754000,1324,2025-06-01 05:00:00,2523.1499999999996,2522.221912359655,2525.95,2520.0,0,0,black,False,False,False,False,0
1970-01-01 00:00:00.000002407,1748754300,1485,2025-06-01 05:05:00,2522.4624999999996,2522.6859561798274,2523.7,2521.15,0,0,black,False,False,False,False,0
1970-01-01 00:00:00.000002408,1748754600,971,2025-06-01 05:10:00,2521.7999999999997,2522.5742280899135,2522.5742280899135,2521.45,0,0,black,False,False,False,False,0
1970-01-01 00:00:00.000002409,1748754900,1491,2025-06-01 05:15:00,2521.7,2522.1871140449566,2522.95,2520.45,0,0,black,False,False,False,False,0
1970-01-01 00:00:00.000002410,1748755200,10595,2025-06-01 05:20:00,2518.6625000000004,2521.943557022478,2521.943557022478,2516.35,0,0,black,False,False,False,False,0
1970-01-01 00:00:00.000002411,1748755500,4028,2025-06-01 05:25:00,2518.0,2520.303028511239,2520.303028511239,2517.0,0,0,black,False,False,False,False,0
1970-01-01 00:00:00.000002412,1748755800,2274,2025-06-01 05:30:00,2518.9125,2519.1515142556195,2520.05,2518.2,0,0,black,False,False,False,False,0
1970-01-01 00:00:00.000002413,1748756100,932,2025-06-01 05:35:00,2519.4624999999996,2519.0320071278097,2520.5,2518.45,0,0,black,False,False,False,False,0
1970-01-01 00:00:00.000002414,1748756400,2368,2025-06-01 05:40:00,2517.75,2519.2472535639045,2519.5,2515.85,0,0,black,False,False,False,False,0
1970-01-01 00:00:00.000002415,1748756700,3760,2025-06-01 05:45:00,2515.5499999999997,2518.498626781952,2518.498626781952,2514.6,0,0,red,False,False,False,False,0
1970-01-01 00:00:00.000002416,1748757000,3687,2025-06-01 05:50:00,2517.2125,2517.024313390976,2519.05,2515.5,0,0,black,False,False,False,False,0
1970-01-01 00:00:00.000002417,1748757300,1191,2025-06-01 05:55:00,2517.75,2517.1184066954884,2518.5,2517.0,0,0,black,False,False,False,False,0
1970-01-01 00:00:00.000002418,1748757600,1333,2025-06-01 06:00:00,2516.625,2517.434203347744,2518.25,2515.5,0,0,red,False,False,False,False,0
1970-01-01 00:00:00.000002419,1748757900,3606,2025-06-01 06:05:00,2515.5875,2517.029601673872,2517.25,2514.1,0,0,red,False,False,False,False,0
1970-01-01 00:00:00.000002420,1748758200,1804,2025-06-01 06:10:00,2515.5875,2516.308550836936,2516.308550836936,2515.0,0,0,red,False,False,False,False,0
1970-01-01 00:00:00.000002421,1748758500,3606,2025-06-01 06:15:00,2512.9875,2515.948025418468,2515.948025418468,2511.2,0,1,red,False,False,False,True,-2
1970-01-01 00:00:00.000002422,1748758800,6921,2025-06-01 06:20:00,2510.1375,2514.467762709234,2514.467762709234,2507.7,0,0,red,False,False,False,False,0
1970-01-01 00:00:00.000002423,1748759100,1975,2025-06-01 06:25:00,2511.3125,2512.302631354617,2513.75,2509.5,0,0,red,False,False,False,False,0
1970-01-01 00:00:00.000002424,1748759400,1441,2025-06-01 06:30:00,2515.1,2511.8075656773085,2516.9,2511.8075656773085,0,0,red,False,False,True,False,0
1970-01-01 00:00:00.000002425,1748759700,3820,2025-06-01 06:35:00,2515.7125,2513.453782838654,2517.85,2513.453782838654,0,0,red,False,False,False,False,0
1970-01-01 00:00:00.000002426,1748760000,7390,2025-06-01 06:40:00,2514.5625,2514.583141419327,2515.05,2514.0,0,0,red,False,False,False,False,0
1970-01-01 00:00:00.000002427,1748760300,2191,2025-06-01 06:45:00,2513.7375,2514.5728207096636,2515.8,2511.0,0,0,red,False,False,False,False,0
1970-01-01 00:00:00.000002428,1748760600,1409,2025-06-01 06:50:00,2513.175,2514.155160354832,2514.155160354832,2512.6,0,0,red,False,False,False,False,0
1970-01-01 00:00:00.000002429,1748760900,2174,2025-06-01 06:55:00,2511.45,2513.665080177416,2513.665080177416,2510.35,0,0,red,False,False,False,False,0
1970-01-01 00:00:00.000002430,1748761200,3920,2025-06-01 07:00:00,2509.9624999999996,2512.557540088708,2512.557540088708,2508.7,0,0,red,False,False,False,False,0
1970-01-01 00:00:00.000002431,1748761500,5317,2025-06-01 07:05:00,2508.1125,2511.260020044354,2511.260020044354,2506.1,0,0,red,False,False,False,False,0
1970-01-01 00:00:00.000002432,1748761800,3461,2025-06-01 07:10:00,2510.2875,2509.686260022177,2512.85,2508.15,0,0,black,False,False,False,False,0
1970-01-01 00:00:00.000002433,1748762100,1161,2025-06-01 07:15:00,2513.1125,2509.9868800110885,2514.25,2509.9868800110885,0,0,black,False,False,True,False,1
1970-01-01 00:00:00.000002434,1748762400,1118,2025-06-01 07:20:00,2510.825,2511.549690005544,2512.2,2509.75,0,0,black,False,False,False,False,0
1970-01-01 00:00:00.000002435,1748762700,510,2025-06-01 07:25:00,2511.1000000000004,2511.187345002772,2512.15,2510.3,0,0,black,False,False,False,False,0
1970-01-01 00:00:00.000002436,1748763000,2332,2025-06-01 07:30:00,2510.375,2511.1436725013864,2512.05,2508.3,0,0,black,False,False,False,False,0
1970-01-01 00:00:00.000002437,1748763300,4597,2025-06-01 07:35:00,2506.7374999999997,2510.759336250693,2510.759336250693,2503.2,0,0,black,False,False,False,True,-1
1970-01-01 00:00:00.000002438,1748763600,2700,2025-06-01 07:40:00,2507.2375,2508.7484181253467,2508.7484181253467,2505.95,0,0,black,False,False,False,False,0
1970-01-01 00:00:00.000002439,1748763900,5014,2025-06-01 07:45:00,2506.9625,2507.9929590626734,2507.9929590626734,2504.95,0,0,black,False,False,False,False,0
1970-01-01 00:00:00.000002440,1748764200,1105,2025-06-01 07:50:00,2507.575,2507.477729531337,2509.05,2506.45,0,0,black,False,False,False,False,0
1970-01-01 00:00:00.000002441,1748764500,2747,2025-06-01 07:55:00,2507.7,2507.5263647656684,2508.7,2505.85,0,0,black,False,False,False,False,0
1970-01-01 00:00:00.000002442,1748764800,4545,2025-06-01 08:00:00,2505.3625,2507.613182382834,2509.65,2501.55,0,0,red,False,False,False,False,0
1970-01-01 00:00:00.000002443,1748765100,5129,2025-06-01 08:05:00,2503.9125,2506.487841191417,2506.487841191417,2503.0,0,0,red,False,False,False,False,0
1970-01-01 00:00:00.000002444,1748765400,4619,2025-06-01 08:10:00,2503.4,2505.200170595708,2505.200170595708,2502.8,0,0,red,False,False,False,False,0
1970-01-01 00:00:00.000002445,1748765700,4059,2025-06-01 08:15:00,2503.8,2504.300085297854,2505.25,2501.95,0,0,red,False,False,False,False,0
1970-01-01 00:00:00.000002446,1748766000,3239,2025-06-01 08:20:00,2502.6124999999997,2504.050042648927,2505.15,2501.2,0,0,red,False,False,False,False,0
1970-01-01 00:00:00.000002447,1748766300,6798,2025-06-01 08:25:00,2500.5625,2503.331271324463,2503.331271324463,2497.75,0,0,red,False,False,False,True,-1
1970-01-01 00:00:00.000002448,1748766600,2849,2025-06-01 08:30:00,2503.0,2501.9468856622316,2505.55,2500.7,0,0,black,True,False,False,False,0
1970-01-01 00:00:00.000002449,1748766900,2032,2025-06-01 08:35:00,2504.6375,2502.473442831116,2505.9,2502.05,0,0,black,False,False,False,False,0
1970-01-01 00:00:00.000002450,1748767200,2557,2025-06-01 08:40:00,2506.5125,2503.555471415558,2507.65,2503.555471415558,0,0,black,False,False,False,False,0
1970-01-01 00:00:00.000002451,1748767500,3485,2025-06-01 08:45:00,2505.7125,2505.033985707779,2507.75,2504.05,0,0,black,False,False,False,False,0
1970-01-01 00:00:00.000002452,1748767800,4013,2025-06-01 08:50:00,2502.95,2505.3732428538897,2505.75,2501.0,0,0,black,False,False,False,True,-1
1970-01-01 00:00:00.000002453,1748768100,667,2025-06-01 08:55:00,2503.75,2504.1616214269447,2505.15,2502.0,0,0,black,False,False,False,False,0
1970-01-01 00:00:00.000002454,1748768400,4699,2025-06-01 09:00:00,2504.775,2503.9558107134726,2509.5,2502.0,0,0,black,False,False,False,False,0
1970-01-01 00:00:00.000002455,1748768700,3900,2025-06-01 09:05:00,2499.95,2504.365405356736,2504.8,2495.4,0,0,black,False,False,False,True,-1
1970-01-01 00:00:00.000002456,1748769000,4847,2025-06-01 09:10:00,2498.7749999999996,2502.157702678368,2502.157702678368,2495.85,0,0,black,False,False,False,False,0
1970-01-01 00:00:00.000002457,1748769300,3487,2025-06-01 09:15:00,2497.55,2500.466351339184,2500.65,2494.45,0,0,black,False,False,False,False,0
1970-01-01 00:00:00.000002458,1748769600,5585,2025-06-01 09:20:00,2494.6,2499.0081756695918,2499.0081756695918,2491.05,0,0,black,False,False,False,False,0
1970-01-01 00:00:00.000002459,1748769900,2429,2025-06-01 09:25:00,2494.8375,2496.8040878347956,2496.8040878347956,2492.55,0,0,black,False,False,False,False,0
1970-01-01 00:00:00.000002460,1748770200,23747,2025-06-01 09:30:00,2488.825,2495.820793917398,2495.820793917398,2482.35,0,0,black,False,False,False,False,0
1970-01-01 00:00:00.000002461,1748770500,3676,2025-06-01 09:35:00,2487.2625,2492.322896958699,2492.322896958699,2485.3,0,0,pink,False,False,False,False,0
1970-01-01 00:00:00.000002462,1748770800,4251,2025-06-01 09:40:00,2485.3500000000004,2489.7926984793494,2489.7926984793494,2483.35,0,0,pink,False,False,False,False,0
1970-01-01 00:00:00.000002463,1748771100,24516,2025-06-01 09:45:00,2484.8999999999996,2487.571349239675,2492.05,2476.75,0,0,pink,False,False,False,False,0
1970-01-01 00:00:00.000002464,1748771400,2704,2025-06-01 09:50:00,2486.95,2486.2356746198375,2490.0,2483.95,0,0,black,False,False,False,False,0
1970-01-01 00:00:00.000002465,1748771700,4383,2025-06-01 09:55:00,2488.025,2486.5928373099187,2490.75,2484.6,0,0,black,False,False,False,False,0
1970-01-01 00:00:00.000002466,1748772000,3499,2025-06-01 10:00:00,2491.2625,2487.3089186549596,2494.5,2487.3089186549596,0,0,black,True,False,False,False,0
1970-01-01 00:00:00.000002467,1748772300,2040,2025-06-01 10:05:00,2488.1000000000004,2489.2857093274797,2490.15,2486.05,0,0,black,False,False,False,False,0
1970-01-01 00:00:00.000002468,1748772600,3638,2025-06-01 10:10:00,2492.525,2488.69285466374,2493.9,2488.69285466374,0,0,dark_green,False,False,False,False,0
1970-01-01 00:00:00.000002469,1748772900,674,2025-06-01 10:15:00,2493.325,2490.6089273318703,2494.95,2490.6089273318703,0,0,dark_green,False,False,False,False,0
1970-01-01 00:00:00.000002470,1748773200,2013,2025-06-01 10:20:00,2493.0125,2491.966963665935,2495.5,2491.25,0,0,dark_green,False,False,False,False,0
1970-01-01 00:00:00.000002471,1748773500,729,2025-06-01 10:25:00,2494.3125,2492.4897318329677,2495.0,2492.4897318329677,0,0,dark_green,False,False,False,False,0
1970-01-01 00:00:00.000002472,1748773800,1520,2025-06-01 10:30:00,2491.0625,2493.401115916484,2493.401115916484,2488.75,0,0,dark_green,False,False,False,False,0
1970-01-01 00:00:00.000002473,1748774100,3870,2025-06-01 10:35:00,2488.075,2492.231807958242,2492.231807958242,2486.4,0,0,dark_green,False,False,False,False,0
1970-01-01 00:00:00.000002474,1748774400,2159,2025-06-01 10:40:00,2488.8625,2490.153403979121,2490.153403979121,2487.55,0,0,dark_green,False,False,False,False,0
1970-01-01 00:00:00.000002475,1748774700,634,2025-06-01 10:45:00,2488.125,2489.5079519895608,2492.0,2486.2,0,0,dark_green,False,False,False,False,0
1970-01-01 00:00:00.000002476,1748775000,2766,2025-06-01 10:50:00,2488.4875,2488.8164759947804,2490.75,2486.55,0,0,dark_green,False,False,False,False,0
1970-01-01 00:00:00.000002477,1748775300,3068,2025-06-01 10:55:00,2491.275,2488.6519879973903,2493.2,2488.6519879973903,0,0,dark_green,False,False,False,False,0
1970-01-01 00:00:00.000002478,1748775600,4915,2025-06-01 11:00:00,2491.8375,2489.9634939986954,2492.65,2489.9634939986954,0,0,dark_green,False,False,False,False,0
1970-01-01 00:00:00.000002479,1748775900,2213,2025-06-01 11:05:00,2492.575,2490.9004969993475,2495.7,2490.9004969993475,0,0,dark_green,False,False,False,False,0
1970-01-01 00:00:00.000002480,1748776200,3217,2025-06-01 11:10:00,2492.2749999999996,2491.7377484996737,2493.6,2491.1,0,0,dark_green,False,False,False,False,0
1970-01-01 00:00:00.000002481,1748776500,5599,2025-06-01 11:15:00,2495.6125,2492.006374249837,2499.0,2492.006374249837,1,0,dark_green,False,False,True,False,2
1970-01-01 00:00:00.000002482,1748776800,2461,2025-06-01 11:20:00,2498.6,2493.8094371249185,2500.4,2493.8094371249185,0,0,dark_green,False,False,False,False,0
1970-01-01 00:00:00.000002483,1748777100,705,2025-06-01 11:25:00,2498.25,2496.204718562459,2498.95,2496.204718562459,0,0,dark_green,False,False,False,False,0
1970-01-01 00:00:00.000002484,1748777400,859,2025-06-01 11:30:00,2499.2,2497.22735928123,2500.5,2497.22735928123,0,0,dark_green,False,False,True,False,0
1970-01-01 00:00:00.000002485,1748777700,4157,2025-06-01 11:35:00,2499.3625,2498.213679640615,2500.95,2498.0,0,0,dark_green,False,False,False,False,0
1970-01-01 00:00:00.000002486,1748778000,1362,2025-06-01 11:40:00,2499.75,2498.7880898203075,2501.25,2498.25,0,0,dark_green,False,False,False,False,0
1970-01-01 00:00:00.000002487,1748778300,1851,2025-06-01 11:45:00,2500.5125,2499.2690449101538,2501.6,2499.2690449101538,0,0,dark_green,False,False,False,False,0
1970-01-01 00:00:00.000002488,1748778600,700,2025-06-01 11:50:00,2498.7625,2499.890772455077,2499.890772455077,2498.15,0,0,black,False,False,False,False,0
1970-01-01 00:00:00.000002489,1748778900,3483,2025-06-01 11:55:00,2496.225,2499.326636227538,2499.326636227538,2494.35,0,0,black,False,False,False,False,0
1970-01-01 00:00:00.000002490,1748779200,2278,2025-06-01 12:00:00,2495.1000000000004,2497.7758181137688,2497.7758181137688,2493.8,0,0,black,False,False,False,False,0
1970-01-01 00:00:00.000002491,1748779500,2752,2025-06-01 12:05:00,2493.1375,2496.4379090568846,2496.4379090568846,2491.5,0,0,black,False,False,False,True,-1
1970-01-01 00:00:00.000002492,1748779800,2249,2025-06-01 12:10:00,2496.575,2494.787704528442,2500.0,2494.55,0,0,black,False,False,False,False,0
1970-01-01 00:00:00.000002493,1748780100,2436,2025-06-01 12:15:00,2496.75,2495.681352264221,2498.35,2495.15,0,0,black,False,False,False,False,0
1970-01-01 00:00:00.000002494,1748780400,6776,2025-06-01 12:20:00,2493.0125,2496.2156761321103,2496.55,2488.95,0,0,black,False,False,False,True,-1
1970-01-01 00:00:00.000002495,1748780700,2467,2025-06-01 12:25:00,2491.4125000000004,2494.614088066055,2494.614088066055,2490.6,0,1,black,False,False,False,False,0
1970-01-01 00:00:00.000002496,1748781000,7567,2025-06-01 12:30:00,2487.2749999999996,2493.0132940330277,2493.0132940330277,2481.65,0,0,black,False,False,False,True,-2
1970-01-01 00:00:00.000002497,1748781300,23110,2025-06-01 12:35:00,2478.1875,2490.1441470165137,2490.1441470165137,2463.65,0,0,black,False,False,False,False,0
1970-01-01 00:00:00.000002498,1748781600,3096,2025-06-01 12:40:00,2481.825,2484.165823508257,2484.165823508257,2480.65,0,0,black,True,False,False,False,0
1970-01-01 00:00:00.000002499,1748781900,5999,2025-06-01 12:45:00,2479.15,2482.9954117541283,2482.9954117541283,2476.55,0,0,black,False,False,False,False,0
1970-01-01 00:00:00.000002500,1748782200,7045,2025-06-01 12:50:00,2479.5499999999997,2481.0727058770644,2483.25,2477.2,0,0,black,False,False,False,False,0
1970-01-01 00:00:00.000002501,1748782500,2678,2025-06-01 12:55:00,2481.8,2480.311352938532,2483.5,2480.1,0,0,black,False,False,False,False,0
1970-01-01 00:00:00.000002502,1748782800,1162,2025-06-01 13:00:00,2481.75,2481.055676469266,2483.4,2480.55,0,0,black,False,False,False,False,0
1970-01-01 00:00:00.000002503,1748783100,3214,2025-06-01 13:05:00,2483.325,2481.4028382346332,2486.45,2480.2,0,0,black,False,False,False,False,0
1970-01-01 00:00:00.000002504,1748783400,5603,2025-06-01 13:10:00,2488.4875,2482.3639191173165,2490.0,2482.3639191173165,0,0,black,False,False,False,False,0
1970-01-01 00:00:00.000002505,1748783700,11437,2025-06-01 13:15:00,2491.975,2485.425709558658,2496.65,2485.425709558658,1,0,black,False,False,False,False,0
1970-01-01 00:00:00.000002506,1748784000,5544,2025-06-01 13:20:00,2493.875,2488.7003547793292,2495.8,2488.7003547793292,0,0,black,False,False,False,False,0
1970-01-01 00:00:00.000002507,1748784300,3348,2025-06-01 13:25:00,2491.3375,2491.2876773896646,2492.9,2489.65,0,0,black,False,False,False,False,0
1970-01-01 00:00:00.000002508,1748784600,2005,2025-06-01 13:30:00,2492.2749999999996,2491.3125886948324,2494.6,2489.95,0,0,black,False,False,False,False,0
1970-01-01 00:00:00.000002509,1748784900,2084,2025-06-01 13:35:00,2493.45,2491.793794347416,2494.15,2491.793794347416,0,0,black,False,False,False,False,0
1970-01-01 00:00:00.000002510,1748785200,2664,2025-06-01 13:40:00,2495.05,2492.621897173708,2496.2,2492.621897173708,0,0,black,False,False,False,False,0
1970-01-01 00:00:00.000002511,1748785500,3079,2025-06-01 13:45:00,2495.3375,2493.835948586854,2497.35,2493.835948586854,0,0,black,False,False,False,False,0
1970-01-01 00:00:00.000002512,1748785800,4395,2025-06-01 13:50:00,2493.975,2494.5867242934273,2494.95,2492.7,0,0,black,False,False,False,False,0
1970-01-01 00:00:00.000002513,1748786100,6772,2025-06-01 13:55:00,2493.0375,2494.280862146714,2494.280862146714,2491.85,0,0,black,False,False,False,False,0
1970-01-01 00:00:00.000002514,1748786400,2981,2025-06-01 14:00:00,2495.75,2493.659181073357,2498.55,2492.95,0,0,black,False,False,False,False,0
1970-01-01 00:00:00.000002515,1748786700,15381,2025-06-01 14:05:00,2500.6625,2494.7045905366786,2504.5,2494.7045905366786,0,0,black,False,False,False,False,0
1970-01-01 00:00:00.000002516,1748787000,10901,2025-06-01 14:10:00,2503.7625000000003,2497.683545268339,2507.55,2497.683545268339,0,0,black,False,False,False,False,0
1970-01-01 00:00:00.000002517,1748787300,5392,2025-06-01 14:15:00,2504.825,2500.72302263417,2506.8,2500.72302263417,0,0,black,False,False,False,False,0
1970-01-01 00:00:00.000002518,1748787600,4260,2025-06-01 14:20:00,2506.2875,2502.774011317085,2507.85,2502.774011317085,0,0,black,False,False,False,False,0
1970-01-01 00:00:00.000002519,1748787900,3958,2025-06-01 14:25:00,2508.925,2504.530755658542,2512.4,2504.530755658542,0,0,black,False,False,False,False,0
1970-01-01 00:00:00.000002520,1748788200,6606,2025-06-01 14:30:00,2510.5125000000003,2506.727877829271,2513.15,2506.727877829271,0,0,black,False,False,False,False,0
1970-01-01 00:00:00.000002521,1748788500,6501,2025-06-01 14:35:00,2510.375,2508.620188914636,2513.45,2508.1,0,0,black,False,False,False,False,0
1970-01-01 00:00:00.000002522,1748788800,3850,2025-06-01 14:40:00,2511.0125,2509.497594457318,2512.2,2507.75,0,0,black,False,False,False,False,0
1970-01-01 00:00:00.000002523,1748789100,6918,2025-06-01 14:45:00,2511.925,2510.255047228659,2518.05,2508.45,0,0,black,False,False,False,False,0
1970-01-01 00:00:00.000002524,1748789400,2995,2025-06-01 14:50:00,2509.0375,2511.0900236143298,2511.0900236143298,2507.45,0,0,black,False,True,False,False,0
1970-01-01 00:00:00.000002525,1748789700,2956,2025-06-01 14:55:00,2508.875,2510.063761807165,2510.7,2507.5,0,0,black,False,False,False,False,0
1970-01-01 00:00:00.000002526,1748790000,2523,2025-06-01 15:00:00,2507.85,2509.4693809035825,2509.4693809035825,2504.7,0,0,black,False,False,False,False,0
1970-01-01 00:00:00.000002527,1748790300,4115,2025-06-01 15:05:00,2505.7875000000004,2508.659690451791,2508.659690451791,2503.0,0,0,black,False,False,False,False,0
1970-01-01 00:00:00.000002528,1748790600,3218,2025-06-01 15:10:00,2505.5875,2507.2235952258957,2507.2235952258957,2504.5,0,0,black,False,False,False,False,0
1970-01-01 00:00:00.000002529,1748790900,2688,2025-06-01 15:15:00,2508.2375,2506.405547612948,2512.5,2504.35,0,0,black,False,False,False,False,0
1970-01-01 00:00:00.000002530,1748791200,3123,2025-06-01 15:20:00,2513.0,2507.321523806474,2515.2,2507.321523806474,0,0,black,False,False,False,False,0
1970-01-01 00:00:00.000002531,1748791500,4416,2025-06-01 15:25:00,2515.525,2510.160761903237,2518.8,2510.160761903237,0,0,black,False,False,False,False,0
1970-01-01 00:00:00.000002532,1748791800,2034,2025-06-01 15:30:00,2516.4125,2512.8428809516186,2518.1,2512.8428809516186,0,0,black,False,False,False,False,0
1970-01-01 00:00:00.000002533,1748792100,6302,2025-06-01 15:35:00,2516.8999999999996,2514.6276904758092,2519.85,2514.6276904758092,0,0,black,False,False,False,False,0
1970-01-01 00:00:00.000002534,1748792400,4903,2025-06-01 15:40:00,2518.6875,2515.763845237904,2521.5,2515.763845237904,0,0,black,False,False,False,False,0
1970-01-01 00:00:00.000002535,1748792700,9811,2025-06-01 15:45:00,2519.975,2517.225672618952,2522.25,2517.225672618952,0,0,black,False,False,False,False,0
1970-01-01 00:00:00.000002536,1748793000,7598,2025-06-01 15:50:00,2521.6125,2518.600336309476,2524.2,2518.600336309476,0,0,black,False,False,False,False,0
1970-01-01 00:00:00.000002537,1748793300,1509,2025-06-01 15:55:00,2521.125,2520.106418154738,2522.55,2520.0,0,0,black,False,False,False,False,0
1970-01-01 00:00:00.000002538,1748793600,3676,2025-06-01 16:00:00,2521.15,2520.615709077369,2522.0,2520.0,0,0,black,False,False,False,False,0
1970-01-01 00:00:00.000002539,1748793900,19029,2025-06-01 16:05:00,2526.5625,2520.8828545386846,2532.15,2519.8,0,0,bright_green,False,False,False,False,0
1970-01-01 00:00:00.000002540,1748794200,13312,2025-06-01 16:10:00,2534.3625,2523.722677269342,2540.0,2523.722677269342,0,0,bright_green,False,False,False,False,0
1970-01-01 00:00:00.000002541,1748794500,6191,2025-06-01 16:15:00,2534.675,2529.042588634671,2538.65,2529.042588634671,0,0,bright_green,False,False,False,False,0
1970-01-01 00:00:00.000002542,1748794800,8435,2025-06-01 16:20:00,2536.3125,2531.8587943173357,2540.4,2531.8587943173357,0,0,bright_green,False,False,False,False,0
1970-01-01 00:00:00.000002543,1748795100,19386,2025-06-01 16:25:00,2538.1125,2534.0856471586676,2541.25,2534.0856471586676,0,0,bright_green,False,False,False,False,0
1970-01-01 00:00:00.000002544,1748795400,2676,2025-06-01 16:30:00,2534.85,2536.099073579334,2537.6,2531.05,0,0,black,False,False,False,False,0
1970-01-01 00:00:00.000002545,1748795700,9882,2025-06-01 16:35:00,2537.575,2535.4745367896667,2543.5,2533.15,0,0,black,False,False,False,False,0
1970-01-01 00:00:00.000002546,1748796000,15534,2025-06-01 16:40:00,2542.6625000000004,2536.5247683948332,2546.4,2536.5247683948332,0,0,black,False,False,False,False,0
1970-01-01 00:00:00.000002547,1748796300,3279,2025-06-01 16:45:00,2543.2625,2539.5936341974166,2546.3,2539.5936341974166,0,0,black,False,False,False,False,0
1970-01-01 00:00:00.000002548,1748796600,4890,2025-06-01 16:50:00,2541.675,2541.428067098708,2543.4,2540.3,0,0,red,False,False,False,False,0
1970-01-01 00:00:00.000002549,1748796900,3416,2025-06-01 16:55:00,2538.9375,2541.551533549354,2542.65,2535.6,0,0,red,False,False,False,False,0
1970-01-01 00:00:00.000002550,1748797200,6373,2025-06-01 17:00:00,2538.3625,2540.2445167746773,2540.2445167746773,2535.95,0,0,red,False,False,False,False,0
1970-01-01 00:00:00.000002551,1748797500,12525,2025-06-01 17:05:00,2539.225,2539.3035083873388,2542.1,2533.25,0,0,red,False,False,False,False,0
1970-01-01 00:00:00.000002552,1748797800,8086,2025-06-01 17:10:00,2539.7375,2539.2642541936693,2542.3,2537.5,0,0,red,False,False,False,False,0
1970-01-01 00:00:00.000002553,1748798100,2469,2025-06-01 17:15:00,2539.5499999999997,2539.5008770968348,2542.6,2536.7,0,0,red,False,False,False,False,0
1970-01-01 00:00:00.000002554,1748798400,1202,2025-06-01 17:20:00,2540.9125,2539.5254385484172,2541.5,2539.5254385484172,0,0,red,False,False,False,False,0
1970-01-01 00:00:00.000002555,1748798700,4050,2025-06-01 17:25:00,2541.4875,2540.2189692742086,2542.6,2540.0,0,0,red,False,False,False,False,0
1970-01-01 00:00:00.000002556,1748799000,3550,2025-06-01 17:30:00,2543.1375,2540.8532346371044,2544.45,2540.8532346371044,0,0,red,False,False,True,False,0
1970-01-01 00:00:00.000002557,1748799300,4191,2025-06-01 17:35:00,2542.875,2541.995367318552,2544.4,2541.35,0,0,red,False,False,False,False,0
1970-01-01 00:00:00.000002558,1748799600,1089,2025-06-01 17:40:00,2540.75,2542.435183659276,2542.435183659276,2539.45,0,0,red,False,True,False,True,-1
1970-01-01 00:00:00.000002559,1748799900,3537,2025-06-01 17:45:00,2538.9875,2541.592591829638,2541.592591829638,2536.35,0,0,red,False,False,False,False,0
1970-01-01 00:00:00.000002560,1748800200,5942,2025-06-01 17:50:00,2541.375,2540.290045914819,2542.25,2540.15,0,0,red,False,False,False,False,0
1970-01-01 00:00:00.000002561,1748800500,6371,2025-06-01 17:55:00,2539.2875,2540.8325229574093,2540.85,2537.75,0,0,red,False,False,False,False,0
1970-01-01 00:00:00.000002562,1748800800,21492,2025-06-01 18:00:00,2531.5875,2540.060011478705,2540.060011478705,2521.0,0,1,red,False,False,False,False,0
1970-01-01 00:00:00.000002563,1748801100,3635,2025-06-01 18:05:00,2529.175,2535.8237557393522,2535.8237557393522,2526.6,0,0,red,False,False,False,False,0
1970-01-01 00:00:00.000002564,1748801400,3472,2025-06-01 18:10:00,2528.75,2532.499377869676,2532.499377869676,2527.7,0,0,red,False,False,False,False,0
1970-01-01 00:00:00.000002565,1748801700,1902,2025-06-01 18:15:00,2527.5750000000003,2530.624688934838,2530.624688934838,2526.35,0,0,red,False,False,False,False,0
1970-01-01 00:00:00.000002566,1748802000,11453,2025-06-01 18:20:00,2520.0375,2529.099844467419,2529.099844467419,2513.3,0,0,red,False,False,False,False,0
1970-01-01 00:00:00.000002567,1748802300,3113,2025-06-01 18:25:00,2515.95,2524.5686722337095,2524.5686722337095,2512.45,0,0,red,False,False,False,False,0
1970-01-01 00:00:00.000002568,1748802600,6192,2025-06-01 18:30:00,2510.6875,2520.2593361168547,2520.2593361168547,2507.95,0,0,red,False,False,False,True,0
1970-01-01 00:00:00.000002569,1748802900,7815,2025-06-01 18:35:00,2505.65,2515.4734180584273,2515.4734180584273,2501.7,0,0,red,False,False,False,False,0
1970-01-01 00:00:00.000002570,1748803200,10878,2025-06-01 18:40:00,2500.2625,2510.5617090292135,2510.5617090292135,2492.0,0,0,red,False,False,False,False,0
1970-01-01 00:00:00.000002571,1748803500,6324,2025-06-01 18:45:00,2503.1375,2505.4121045146067,2508.7,2497.95,0,0,black,False,False,False,False,0
1970-01-01 00:00:00.000002572,1748803800,3109,2025-06-01 18:50:00,2510.7875000000004,2504.2748022573032,2514.7,2504.2748022573032,0,0,black,True,False,True,False,1
1970-01-01 00:00:00.000002573,1748804100,6778,2025-06-01 18:55:00,2516.4750000000004,2507.531151128652,2522.3,2507.531151128652,1,0,black,False,False,False,False,3
1970-01-01 00:00:00.000002574,1748804400,4657,2025-06-01 19:00:00,2518.7124999999996,2512.003075564326,2525.35,2512.003075564326,0,0,black,False,False,False,False,0
1970-01-01 00:00:00.000002575,1748804700,2184,2025-06-01 19:05:00,2517.0,2515.3577877821626,2518.65,2515.35,0,0,black,False,False,False,False,0
1970-01-01 00:00:00.000002576,1748805000,545,2025-06-01 19:10:00,2513.45,2516.1788938910813,2516.1788938910813,2513.0,0,0,black,False,False,False,False,0
1970-01-01 00:00:00.000002577,1748805300,1696,2025-06-01 19:15:00,2514.675,2514.8144469455406,2515.75,2513.6,0,0,black,False,False,False,False,0
1970-01-01 00:00:00.000002578,1748805600,3664,2025-06-01 19:20:00,2518.175,2514.7447234727706,2519.8,2514.7447234727706,0,0,black,False,False,True,False,1
1970-01-01 00:00:00.000002579,1748805900,189,2025-06-01 19:25:00,2518.225,2516.4598617363854,2518.75,2516.4598617363854,0,0,black,False,False,False,False,0
1970-01-01 00:00:00.000002580,1748806200,6977,2025-06-01 19:30:00,2519.3250000000003,2517.3424308681924,2520.55,2517.3424308681924,0,0,black,False,False,False,False,0
1970-01-01 00:00:00.000002581,1748806500,1904,2025-06-01 19:35:00,2519.1625,2518.333715434096,2521.35,2516.35,0,0,black,False,False,False,False,0
1970-01-01 00:00:00.000002582,1748806800,1685,2025-06-01 19:40:00,2518.4125,2518.748107717048,2518.85,2517.85,0,0,black,False,False,False,False,0
1970-01-01 00:00:00.000002583,1748807100,2557,2025-06-01 19:45:00,2520.8999999999996,2518.5803038585236,2522.75,2518.5803038585236,0,0,black,False,False,True,False,1
1970-01-01 00:00:00.000002584,1748807400,5700,2025-06-01 19:50:00,2520.9750000000004,2519.7401519292616,2521.3,2519.7401519292616,0,0,black,False,False,False,False,0
1970-01-01 00:00:00.000002585,1748807700,270,2025-06-01 19:55:00,2524.025,2520.357575964631,2525.15,2520.357575964631,0,0,black,False,False,True,False,1
1970-01-01 00:00:00.000002586,1748808000,576,2025-06-01 20:00:00,2525.2875,2522.1912879823158,2525.5,2522.1912879823158,0,0,black,False,False,False,False,0
1970-01-01 00:00:00.000002587,1748808300,700,2025-06-01 20:05:00,2518.5875,2523.739393991158,2523.739393991158,2518.55,0,0,black,False,False,False,False,0
1970-01-01 00:00:00.000002588,1748808600,1802,2025-06-01 20:10:00,2520.6875,2521.163446995579,2521.5,2520.05,0,0,black,False,False,False,False,0
1970-01-01 00:00:00.000002589,1748808900,1662,2025-06-01 20:15:00,2523.925,2520.9254734977894,2525.45,2520.9254734977894,0,0,black,False,False,True,False,1
1970-01-01 00:00:00.000002590,1748809200,345,2025-06-01 20:20:00,2524.35,2522.425236748895,2525.5,2522.425236748895,0,0,black,False,False,False,False,0
1970-01-01 00:00:00.000002591,1748809500,4513,2025-06-01 20:25:00,2525.9625,2523.3876183744474,2527.2,2523.3876183744474,0,0,black,False,False,True,False,1
1970-01-01 00:00:00.000002592,1748809800,1095,2025-06-01 20:30:00,2526.5125,2524.6750591872237,2527.05,2524.6750591872237,0,0,black,False,False,False,False,0
1970-01-01 00:00:00.000002593,1748810100,7865,2025-06-01 20:35:00,2530.675,2525.5937795936115,2532.95,2525.5937795936115,0,0,black,False,False,True,False,1
1970-01-01 00:00:00.000002594,1748810400,1727,2025-06-01 20:40:00,2534.175,2528.134389796806,2535.5,2528.134389796806,0,0,black,False,False,False,False,0
1970-01-01 00:00:00.000002595,1748810700,50,2025-06-01 20:45:00,2534.85,2531.1546948984032,2534.85,2531.1546948984032,0,0,black,False,False,False,False,0
1970-01-01 00:00:00.000002596,1748811000,600,2025-06-01 20:50:00,2527.7,2533.002347449202,2533.002347449202,2524.4,0,0,black,False,False,False,True,-1
1970-01-01 00:00:00.000002597,1748811300,0,2025-06-01 20:55:00,2524.4,2530.351173724601,2530.351173724601,2524.4,0,0,black,False,False,False,False,0
1970-01-01 00:00:00.000002598,1748811600,1426,2025-06-01 21:00:00,2524.5875,2527.3755868623,2527.3755868623,2523.8,0,0,black,False,False,False,False,0
1970-01-01 00:00:00.000002599,1748811900,100,2025-06-01 21:05:00,2529.5,2525.9815434311504,2529.5,2525.9815434311504,0,0,black,False,False,False,False,0
1970-01-01 00:00:00.000002600,1748812200,190,2025-06-01 21:10:00,2529.4750000000004,2527.740771715575,2530.05,2527.740771715575,0,0,black,False,False,False,False,0
1970-01-01 00:00:00.000002601,1748812500,355,2025-06-01 21:15:00,2530.9,2528.6078858577876,2530.9,2528.6078858577876,0,0,black,False,False,True,False,1
1970-01-01 00:00:00.000002602,1748812800,0,2025-06-01 21:20:00,2530.9,2529.7539429288936,2530.9,2529.7539429288936,0,0,black,False,False,False,False,0
1970-01-01 00:00:00.000002603,1748813100,707,2025-06-01 21:25:00,2531.7250000000004,2530.3269714644466,2531.9,2530.3269714644466,0,0,black,False,False,True,False,1
1970-01-01 00:00:00.000002604,1748813400,1402,2025-06-01 21:30:00,2538.5125,2531.0259857322235,2539.55,2531.0259857322235,0,0,dark_green,False,False,False,False,0
1970-01-01 00:00:00.000002605,1748813700,294,2025-06-01 21:35:00,2532.8,2534.7692428661117,2534.7692428661117,2532.8,0,0,black,False,False,False,False,0
1970-01-01 00:00:00.000002606,1748814000,0,2025-06-01 21:40:00,2532.8,2533.7846214330557,2533.7846214330557,2532.8,0,0,black,False,False,False,False,0
1970-01-01 00:00:00.000002607,1748814300,420,2025-06-01 21:45:00,2533.125,2533.292310716528,2533.3,2532.95,0,0,black,False,False,False,False,0
1970-01-01 00:00:00.000002608,1748814600,0,2025-06-01 21:50:00,2533.3,2533.208655358264,2533.3,2533.208655358264,0,0,black,False,False,False,False,0
1970-01-01 00:00:00.000002609,1748814900,469,2025-06-01 21:55:00,2538.2625000000003,2533.254327679132,2538.5,2533.254327679132,0,0,dark_green,False,False,False,False,0
1970-01-01 00:00:00.000002610,1748815200,842,2025-06-01 22:00:00,2542.5249999999996,2535.758413839566,2545.5,2535.758413839566,0,0,dark_green,False,False,False,False,0
1970-01-01 00:00:00.000002611,1748815500,366,2025-06-01 22:05:00,2541.875,2539.141706919783,2542.45,2539.141706919783,0,0,dark_green,False,False,False,False,0
1970-01-01 00:00:00.000002612,1748815800,736,2025-06-01 22:10:00,2544.15,2540.5083534598916,2545.5,2540.5083534598916,0,0,dark_green,False,False,False,False,0
1970-01-01 00:00:00.000002613,1748816100,400,2025-06-01 22:15:00,2539.95,2542.329176729946,2542.329176729946,2539.95,0,0,black,False,False,False,False,0
1970-01-01 00:00:00.000002614,1748816400,108,2025-06-01 22:20:00,2540.075,2541.139588364973,2541.139588364973,2539.4,0,0,black,False,False,False,False,0
1970-01-01 00:00:00.000002615,1748816700,522,2025-06-01 22:25:00,2538.6000000000004,2540.6072941824864,2540.9,2536.3,0,0,black,False,False,False,True,-1
1970-01-01 00:00:00.000002616,1748817000,217,2025-06-01 22:30:00,2535.3,2539.603647091243,2539.603647091243,2535.3,0,0,black,False,False,False,False,0
1970-01-01 00:00:00.000002617,1748817300,0,2025-06-01 22:35:00,2535.3,2537.4518235456217,2537.4518235456217,2535.3,0,0,black,False,False,False,False,0
1970-01-01 00:00:00.000002618,1748817600,537,2025-06-01 22:40:00,2537.55,2536.375911772811,2537.55,2536.375911772811,0,0,black,False,False,False,False,0
1970-01-01 00:00:00.000002619,1748817900,546,2025-06-01 22:45:00,2532.3999999999996,2536.9629558864053,2536.9629558864053,2531.45,0,0,black,False,False,False,False,0
1970-01-01 00:00:00.000002620,1748818200,0,2025-06-01 22:50:00,2531.45,2534.6814779432025,2534.6814779432025,2531.45,0,0,black,False,False,False,False,0
1970-01-01 00:00:00.000002621,1748818500,0,2025-06-01 22:55:00,2531.45,2533.065738971601,2533.065738971601,2531.45,0,0,black,False,False,False,False,0
1970-01-01 00:00:00.000002622,1748818800,94,2025-06-01 23:00:00,2540.1,2532.2578694858003,2540.1,2532.2578694858003,0,0,black,False,False,True,False,1
1970-01-01 00:00:00.000002623,1748819100,0,2025-06-01 23:05:00,2540.1,2536.1789347429003,2540.1,2536.1789347429003,0,0,black,False,False,False,False,0
1970-01-01 00:00:00.000002624,1748819400,430,2025-06-01 23:10:00,2541.175,2538.1394673714503,2541.65,2538.1394673714503,0,0,black,False,False,True,False,1
1970-01-01 00:00:00.000002625,1748819700,0,2025-06-01 23:15:00,2540.7,2539.6572336857253,2540.7,2539.6572336857253,0,0,black,False,False,False,False,0
1970-01-01 00:00:00.000002626,1748820000,4,2025-06-01 23:20:00,2543.85,2540.1786168428625,2543.85,2540.1786168428625,0,0,black,False,False,True,False,1
1970-01-01 00:00:00.000002627,1748820300,0,2025-06-01 23:25:00,2543.85,2542.0143084214315,2543.85,2542.0143084214315,0,0,black,False,False,False,False,0
1970-01-01 00:00:00.000002628,1748820600,0,2025-06-01 23:30:00,2543.85,2542.9321542107155,2543.85,2542.9321542107155,0,0,black,False,False,False,False,0
1970-01-01 00:00:00.000002629,1748820900,0,2025-06-01 23:35:00,2543.85,2543.391077105358,2543.85,2543.391077105358,0,0,black,False,False,False,False,0
1970-01-01 00:00:00.000002630,1748821200,0,2025-06-01 23:40:00,2543.85,2543.620538552679,2543.85,2543.620538552679,0,0,black,False,False,False,False,0
1970-01-01 00:00:00.000002631,1748821500,0,2025-06-01 23:45:00,2543.85,2543.7352692763397,2543.85,2543.7352692763397,0,0,black,False,False,False,False,0
1970-01-01 00:00:00.000002632,1748821800,450,2025-06-01 23:50:00,2532.95,2543.79263463817,2543.79263463817,2532.9,0,0,black,False,False,False,True,-1
1970-01-01 00:00:00.000002633,1748822100,466,2025-06-01 23:55:00,2533.9750000000004,2538.371317319085,2538.371317319085,2532.8,0,0,black,False,False,False,False,0
1970-01-01 00:00:00.000002634,1748822400,1150,2025-06-02 00:00:00,2536.4750000000004,2536.1731586595424,2536.65,2536.1731586595424,0,0,black,False,False,False,False,0
1970-01-01 00:00:00.000002635,1748822700,907,2025-06-02 00:05:00,2536.35,2536.3240793297714,2536.95,2535.75,0,0,black,False,False,False,False,0
1970-01-01 00:00:00.000002636,1748823000,0,2025-06-02 00:10:00,2536.95,2536.3370396648857,2536.95,2536.3370396648857,0,0,black,False,False,False,False,0
1970-01-01 00:00:00.000002637,1748823300,1472,2025-06-02 00:15:00,2535.4875,2536.6435198324425,2536.6435198324425,2533.65,0,0,black,False,False,False,False,0
1970-01-01 00:00:00.000002638,1748823600,555,2025-06-02 00:20:00,2532.5,2536.0655099162213,2536.35,2528.35,0,1,black,False,False,False,False,0
1970-01-01 00:00:00.000002639,1748823900,60,2025-06-02 00:25:00,2531.6375,2534.2827549581107,2534.2827549581107,2530.95,0,0,black,False,False,False,False,0
1970-01-01 00:00:00.000002640,1748824200,316,2025-06-02 00:30:00,2529.65,2532.9601274790552,2532.9601274790552,2527.1,0,0,black,False,False,False,False,0
1970-01-01 00:00:00.000002641,1748824500,1657,2025-06-02 00:35:00,2528.5,2531.3050637395277,2531.3050637395277,2525.5,0,0,black,False,False,False,False,0
1970-01-01 00:00:00.000002642,1748824800,622,2025-06-02 00:40:00,2532.25,2529.902531869764,2532.75,2529.902531869764,0,0,black,False,False,False,False,0
1970-01-01 00:00:00.000002643,1748825100,1073,2025-06-02 00:45:00,2531.6000000000004,2531.076265934882,2533.0,2530.3,0,0,black,False,False,False,False,0
1970-01-01 00:00:00.000002644,1748825400,914,2025-06-02 00:50:00,2530.4625,2531.338132967441,2531.55,2529.8,0,0,black,False,False,False,False,0
1970-01-01 00:00:00.000002645,1748825700,237,2025-06-02 00:55:00,2532.275,2530.9003164837204,2532.3,2530.9003164837204,0,0,black,False,False,False,False,0
1970-01-01 00:00:00.000002646,1748826000,317,2025-06-02 01:00:00,2534.425,2531.5876582418605,2534.8,2531.5876582418605,0,0,black,False,False,False,False,0
1970-01-01 00:00:00.000002647,1748826300,1774,2025-06-02 01:05:00,2539.0,2533.0063291209303,2540.45,2533.0063291209303,0,0,black,False,False,False,False,0
1970-01-01 00:00:00.000002648,1748826600,514,2025-06-02 01:10:00,2538.325,2536.003164560465,2539.35,2536.003164560465,0,0,black,False,False,False,False,0
1970-01-01 00:00:00.000002649,1748826900,1516,2025-06-02 01:15:00,2535.5125,2537.1640822802324,2537.1640822802324,2534.65,0,0,black,False,False,False,False,0
1970-01-01 00:00:00.000002650,1748827200,1369,2025-06-02 01:20:00,2537.7375,2536.338291140116,2540.3,2535.0,0,0,black,False,False,False,False,0
1970-01-01 00:00:00.000002651,1748827500,1099,2025-06-02 01:25:00,2533.2125,2537.037895570058,2537.037895570058,2528.8,0,0,black,False,False,False,False,0
1970-01-01 00:00:00.000002652,1748827800,862,2025-06-02 01:30:00,2527.725,2535.125197785029,2535.125197785029,2525.85,0,0,black,False,False,False,False,0
1970-01-01 00:00:00.000002653,1748828100,1363,2025-06-02 01:35:00,2529.675,2531.425098892514,2531.425098892514,2528.05,0,0,black,False,False,False,False,0
1970-01-01 00:00:00.000002654,1748828400,1296,2025-06-02 01:40:00,2527.9375,2530.550049446257,2530.550049446257,2526.85,0,0,black,False,False,False,False,0
1970-01-01 00:00:00.000002655,1748828700,912,2025-06-02 01:45:00,2526.9624999999996,2529.243774723129,2529.243774723129,2526.1,0,0,black,False,False,False,False,0
1970-01-01 00:00:00.000002656,1748829000,10,2025-06-02 01:50:00,2529.05,2528.103137361564,2529.05,2528.103137361564,0,0,black,False,False,False,False,0
1970-01-01 00:00:00.000002657,1748829300,2249,2025-06-02 01:55:00,2525.65,2528.576568680782,2528.576568680782,2524.55,0,0,red,False,False,False,True,-1
1970-01-01 00:00:00.000002658,1748829600,2462,2025-06-02 02:00:00,2522.575,2527.113284340391,2527.113284340391,2519.15,0,0,red,False,False,False,False,0
1970-01-01 00:00:00.000002659,1748829900,1430,2025-06-02 02:05:00,2518.8,2524.8441421701955,2524.8441421701955,2518.4,0,0,red,False,False,False,False,0
1970-01-01 00:00:00.000002660,1748830200,2069,2025-06-02 02:10:00,2517.8999999999996,2521.822071085098,2521.822071085098,2515.7,0,0,red,False,False,False,False,0
1970-01-01 00:00:00.000002661,1748830500,3843,2025-06-02 02:15:00,2515.1625,2519.861035542549,2519.861035542549,2513.0,0,0,red,False,False,False,False,0
1970-01-01 00:00:00.000002662,1748830800,1378,2025-06-02 02:20:00,2514.15,2517.511767771274,2517.511767771274,2512.5,0,0,red,False,False,False,False,0
1970-01-01 00:00:00.000002663,1748831100,1815,2025-06-02 02:25:00,2517.7874999999995,2515.8308838856374,2521.2,2513.9,0,0,red,True,False,False,False,0
1970-01-01 00:00:00.000002664,1748831400,1027,2025-06-02 02:30:00,2516.475,2516.8091919428184,2517.45,2514.3,0,0,red,False,False,False,False,0
1970-01-01 00:00:00.000002665,1748831700,1394,2025-06-02 02:35:00,2516.0499999999997,2516.642095971409,2516.642095971409,2515.45,0,0,red,False,False,False,False,0
1970-01-01 00:00:00.000002666,1748832000,3584,2025-06-02 02:40:00,2520.3125,2516.3460479857044,2522.1,2516.3460479857044,0,0,black,False,False,False,False,0
1970-01-01 00:00:00.000002667,1748832300,1982,2025-06-02 02:45:00,2516.6625,2518.329273992852,2520.65,2511.7,0,0,red,False,False,False,False,0
1970-01-01 00:00:00.000002668,1748832600,5993,2025-06-02 02:50:00,2509.7375,2517.4958869964257,2517.4958869964257,2505.45,0,0,red,False,False,False,True,-1
1970-01-01 00:00:00.000002669,1748832900,4291,2025-06-02 02:55:00,2508.5,2513.616693498213,2513.616693498213,2506.7,0,0,red,False,False,False,False,0
1970-01-01 00:00:00.000002670,1748833200,5585,2025-06-02 03:00:00,2506.5875,2511.0583467491065,2511.0583467491065,2504.55,0,0,red,False,False,False,False,0
1970-01-01 00:00:00.000002671,1748833500,5312,2025-06-02 03:05:00,2501.8375,2508.8229233745533,2508.8229233745533,2498.35,0,0,red,False,False,False,False,0
1970-01-01 00:00:00.000002672,1748833800,12879,2025-06-02 03:10:00,2494.75,2505.3302116872765,2505.3302116872765,2492.15,0,0,red,False,False,False,False,0
1970-01-01 00:00:00.000002673,1748834100,6085,2025-06-02 03:15:00,2491.125,2500.0401058436382,2500.0401058436382,2486.8,0,0,red,False,False,False,False,0
1970-01-01 00:00:00.000002674,1748834400,8635,2025-06-02 03:20:00,2488.6125,2495.582552921819,2495.582552921819,2483.95,0,0,red,False,False,False,False,0
1970-01-01 00:00:00.000002675,1748834700,8045,2025-06-02 03:25:00,2491.7999999999997,2492.0975264609096,2493.2,2489.7,0,0,black,False,False,False,False,0
1970-01-01 00:00:00.000002676,1748835000,7901,2025-06-02 03:30:00,2493.1375,2491.9487632304545,2494.8,2491.9487632304545,0,0,black,False,False,False,False,0
1970-01-01 00:00:00.000002677,1748835300,3451,2025-06-02 03:35:00,2492.525,2492.543131615227,2495.05,2490.0,0,0,black,False,False,False,False,0
1970-01-01 00:00:00.000002678,1748835600,6762,2025-06-02 03:40:00,2498.625,2492.534065807614,2501.75,2492.534065807614,0,0,black,True,False,False,False,0
1970-01-01 00:00:00.000002679,1748835900,5132,2025-06-02 03:45:00,2496.75,2495.579532903807,2498.8,2494.35,0,0,black,False,False,False,False,0
1970-01-01 00:00:00.000002680,1748836200,4890,2025-06-02 03:50:00,2494.3,2496.1647664519032,2496.1647664519032,2493.0,0,0,black,False,False,False,False,0
1970-01-01 00:00:00.000002681,1748836500,629,2025-06-02 03:55:00,2494.65,2495.2323832259517,2496.55,2493.65,0,0,black,False,False,False,False,0
1970-01-01 00:00:00.000002682,1748836800,3144,2025-06-02 04:00:00,2496.4125,2494.9411916129757,2498.0,2494.9411916129757,0,0,black,False,False,False,False,0
1970-01-01 00:00:00.000002683,1748837100,1999,2025-06-02 04:05:00,2494.4125,2495.676845806488,2497.05,2491.95,0,0,black,False,False,False,False,0
1970-01-01 00:00:00.000002684,1748837400,4593,2025-06-02 04:10:00,2495.1,2495.0446729032437,2497.9,2492.25,0,0,black,False,False,False,False,0
1970-01-01 00:00:00.000002685,1748837700,2322,2025-06-02 04:15:00,2498.7375,2495.0723364516216,2499.9,2495.0723364516216,0,0,black,False,False,True,False,1
1970-01-01 00:00:00.000002686,1748838000,1662,2025-06-02 04:20:00,2497.3125,2496.904918225811,2497.85,2496.05,0,0,black,False,False,False,False,0
1970-01-01 00:00:00.000002687,1748838300,1648,2025-06-02 04:25:00,2496.6,2497.1087091129057,2497.5,2495.4,0,0,black,False,False,False,False,0
1970-01-01 00:00:00.000002688,1748838600,1885,2025-06-02 04:30:00,2498.1,2496.8543545564526,2500.45,2495.75,0,0,black,False,False,False,False,0
1970-01-01 00:00:00.000002689,1748838900,1724,2025-06-02 04:35:00,2498.4125,2497.477177278226,2500.0,2497.0,0,0,black,False,False,False,False,0
1970-01-01 00:00:00.000002690,1748839200,820,2025-06-02 04:40:00,2498.925,2497.944838639113,2499.6,2497.944838639113,0,0,black,False,False,False,False,0
1970-01-01 00:00:00.000002691,1748839500,4401,2025-06-02 04:45:00,2497.9125,2498.4349193195567,2499.0,2497.25,0,0,black,False,False,False,False,0
1970-01-01 00:00:00.000002692,1748839800,8163,2025-06-02 04:50:00,2491.7625,2498.173709659778,2498.173709659778,2486.25,0,0,black,False,False,False,False,0
1970-01-01 00:00:00.000002693,1748840100,4890,2025-06-02 04:55:00,2488.2,2494.968104829889,2494.968104829889,2485.95,0,0,black,False,False,False,False,0
1970-01-01 00:00:00.000002694,1748840400,1688,2025-06-02 05:00:00,2489.5125,2491.5840524149444,2492.4,2485.95,0,0,black,False,False,False,False,0
1970-01-01 00:00:00.000002695,1748840700,1631,2025-06-02 05:05:00,2493.375,2490.548276207472,2495.4,2490.548276207472,0,0,black,False,False,False,False,0
1970-01-01 00:00:00.000002696,1748841000,2505,2025-06-02 05:10:00,2494.9625,2491.961638103736,2496.6,2491.961638103736,0,0,dark_green,False,False,False,False,0
1970-01-01 00:00:00.000002697,1748841300,3422,2025-06-02 05:15:00,2491.25,2493.4620690518677,2493.9,2487.2,0,0,black,False,False,False,False,0
1970-01-01 00:00:00.000002698,1748841600,1106,2025-06-02 05:20:00,2490.2875,2492.356034525934,2492.356034525934,2489.2,0,0,black,False,False,False,False,0
1970-01-01 00:00:00.000002699,1748841900,332,2025-06-02 05:25:00,2491.8,2491.321767262967,2492.85,2490.75,0,0,black,False,False,False,False,0
1970-01-01 00:00:00.000002700,1748842200,2640,2025-06-02 05:30:00,2490.2,2491.5608836314836,2493.55,2487.0,0,0,black,False,False,False,False,0
1970-01-01 00:00:00.000002701,1748842500,2381,2025-06-02 05:35:00,2487.475,2490.8804418157415,2490.8804418157415,2486.65,0,0,red,False,False,False,False,0
1970-01-01 00:00:00.000002702,1748842800,1800,2025-06-02 05:40:00,2487.05,2489.177720907871,2489.177720907871,2486.7,0,0,red,False,False,False,False,0
1970-01-01 00:00:00.000002703,1748843100,9122,2025-06-02 05:45:00,2486.8999999999996,2488.1138604539356,2490.15,2482.4,0,0,red,False,False,False,False,0
1970-01-01 00:00:00.000002704,1748843400,2081,2025-06-02 05:50:00,2490.3125,2487.5069302269676,2491.35,2487.5069302269676,0,0,dark_green,False,False,False,False,0
1970-01-01 00:00:00.000002705,1748843700,1440,2025-06-02 05:55:00,2491.4125,2488.909715113484,2493.3,2488.909715113484,0,0,dark_green,False,False,False,False,0
1970-01-01 00:00:00.000002706,1748844000,2863,2025-06-02 06:00:00,2491.2,2490.1611075567416,2493.3,2490.1611075567416,0,0,dark_green,False,False,False,False,0
1970-01-01 00:00:00.000002707,1748844300,423,2025-06-02 06:05:00,2491.85,2490.6805537783707,2493.3,2490.5,0,0,dark_green,False,False,False,False,0
1970-01-01 00:00:00.000002708,1748844600,1919,2025-06-02 06:10:00,2491.85,2491.2652768891853,2493.3,2490.5,0,0,dark_green,False,False,False,False,0
1970-01-01 00:00:00.000002709,1748844900,1622,2025-06-02 06:15:00,2491.9,2491.5576384445926,2493.3,2490.5,0,0,dark_green,False,False,False,False,0
1970-01-01 00:00:00.000002710,1748845200,2128,2025-06-02 06:20:00,2492.5625,2491.7288192222964,2494.65,2490.45,0,0,dark_green,False,False,False,False,0
1970-01-01 00:00:00.000002711,1748845500,1611,2025-06-02 06:25:00,2492.55,2492.1456596111484,2494.65,2490.45,0,0,dark_green,False,False,False,False,0
1970-01-01 00:00:00.000002712,1748845800,1747,2025-06-02 06:30:00,2491.6625,2492.3478298055743,2494.65,2490.45,0,0,dark_green,False,False,False,False,0
1970-01-01 00:00:00.000002713,1748846100,270,2025-06-02 06:35:00,2493.6,2492.0051649027873,2494.65,2490.45,0,0,dark_green,False,False,False,False,0
1970-01-01 00:00:00.000002714,1748846400,6990,2025-06-02 06:40:00,2492.8875,2492.8025824513934,2494.65,2490.25,0,0,dark_green,False,False,False,False,0
1970-01-01 00:00:00.000002715,1748846700,5686,2025-06-02 06:45:00,2493.0,2492.8450412256966,2495.9,2489.95,0,0,dark_green,False,False,False,False,0
1970-01-01 00:00:00.000002716,1748847000,3627,2025-06-02 06:50:00,2492.925,2492.9225206128485,2495.9,2489.95,0,0,dark_green,False,False,False,False,0
1970-01-01 00:00:00.000002717,1748847300,870,2025-06-02 06:55:00,2492.925,2492.9237603064244,2495.9,2489.95,0,0,dark_green,False,False,False,False,0
1970-01-01 00:00:00.000002718,1748847600,7088,2025-06-02 07:00:00,2493.8,2492.924380153212,2497.65,2489.95,0,0,dark_green,False,False,False,False,0
1970-01-01 00:00:00.000002719,1748847900,4269,2025-06-02 07:05:00,2496.4125000000004,2493.362190076606,2499.3,2489.4,0,0,dark_green,False,False,False,False,0
1970-01-01 00:00:00.000002720,1748848200,4677,2025-06-02 07:10:00,2494.3500000000004,2494.8873450383035,2499.3,2489.4,0,0,dark_green,False,False,False,False,0
1970-01-01 00:00:00.000002721,1748848500,9423,2025-06-02 07:15:00,2502.9375,2494.618672519152,2512.55,2489.4,1,0,dark_green,False,False,False,False,0
1970-01-01 00:00:00.000002722,1748848800,5646,2025-06-02 07:20:00,2509.275,2498.778086259576,2510.9,2498.778086259576,0,0,dark_green,False,False,False,False,0
1970-01-01 00:00:00.000002723,1748849100,5992,2025-06-02 07:25:00,2504.0125,2504.026543129788,2507.7,2500.4,0,0,black,False,True,False,False,0
1970-01-01 00:00:00.000002724,1748849400,3350,2025-06-02 07:30:00,2502.875,2504.0195215648937,2505.3,2500.6,0,0,black,False,False,False,False,0
1970-01-01 00:00:00.000002725,1748849700,6075,2025-06-02 07:35:00,2502.1875,2503.447260782447,2504.45,2498.6,0,0,black,False,False,False,False,0
1970-01-01 00:00:00.000002726,1748850000,1846,2025-06-02 07:40:00,2504.5,2502.817380391223,2506.25,2501.45,0,0,black,False,False,False,False,0
1970-01-01 00:00:00.000002727,1748850300,2642,2025-06-02 07:45:00,2504.625,2503.6586901956116,2506.6,2502.65,0,0,black,False,False,False,False,0
1970-01-01 00:00:00.000002728,1748850600,0,2025-06-02 07:50:00,2503.65,2504.141845097806,2504.141845097806,2503.65,0,0,black,False,False,False,False,0
1970-01-01 00:00:00.000002729,1748850900,0,2025-06-02 07:55:00,2503.65,2503.895922548903,2503.895922548903,2503.65,0,0,black,False,False,False,False,0
1970-01-01 00:00:00.000002730,1748851200,0,2025-06-02 08:00:00,2503.65,2503.7729612744515,2503.7729612744515,2503.65,0,0,black,False,False,False,False,0
1970-01-01 00:00:00.000002731,1748851500,0,2025-06-02 08:05:00,2503.65,2503.7114806372256,2503.7114806372256,2503.65,0,0,black,False,False,False,False,0
1970-01-01 00:00:00.000002732,1748851800,0,2025-06-02 08:10:00,2503.65,2503.680740318613,2503.680740318613,2503.65,0,0,black,False,False,False,False,0
1970-01-01 00:00:00.000002733,1748852100,0,2025-06-02 08:15:00,2503.65,2503.665370159307,2503.665370159307,2503.65,0,0,black,False,False,False,False,0
1970-01-01 00:00:00.000002734,1748852400,2991,2025-06-02 08:20:00,2506.3125,2503.6576850796537,2508.75,2502.95,0,0,black,False,False,True,False,1
1970-01-01 00:00:00.000002735,1748852700,4124,2025-06-02 08:25:00,2510.2875,2504.985092539827,2513.7,2504.985092539827,0,0,black,False,False,False,False,0
1970-01-01 00:00:00.000002736,1748853000,11840,2025-06-02 08:30:00,2511.475,2507.636296269913,2514.8,2507.636296269913,0,0,black,False,False,False,False,0
1970-01-01 00:00:00.000002737,1748853300,2542,2025-06-02 08:35:00,2505.925,2509.5556481349568,2509.5556481349568,2504.1,0,0,red,False,True,False,False,0
1970-01-01 00:00:00.000002738,1748853600,6652,2025-06-02 08:40:00,2501.2250000000004,2507.7403240674785,2507.7403240674785,2497.35,0,1,red,False,False,False,False,-3
1970-01-01 00:00:00.000002739,1748853900,4851,2025-06-02 08:45:00,2498.4375,2504.4826620337394,2504.4826620337394,2496.1,0,0,red,False,False,False,False,0
1970-01-01 00:00:00.000002740,1748854200,9875,2025-06-02 08:50:00,2493.65,2501.4600810168695,2501.4600810168695,2489.55,0,0,red,False,False,False,True,-1
1970-01-01 00:00:00.000002741,1748854500,1472,2025-06-02 08:55:00,2492.225,2497.555040508435,2497.555040508435,2490.8,0,0,red,False,False,False,False,0
1970-01-01 00:00:00.000002742,1748854800,8327,2025-06-02 09:00:00,2490.8,2494.8900202542172,2494.8900202542172,2485.95,0,0,red,False,False,False,False,0
1970-01-01 00:00:00.000002743,1748855100,6246,2025-06-02 09:05:00,2486.5625,2492.8450101271087,2492.8450101271087,2482.85,0,0,red,False,False,False,False,0
1970-01-01 00:00:00.000002744,1748855400,16838,2025-06-02 09:10:00,2483.3125,2489.703755063554,2489.703755063554,2477.05,0,0,red,False,False,False,False,0
1970-01-01 00:00:00.000002745,1748855700,7283,2025-06-02 09:15:00,2481.8999999999996,2486.508127531777,2486.508127531777,2476.6,0,0,red,False,False,False,False,0
1970-01-01 00:00:00.000002746,1748856000,2990,2025-06-02 09:20:00,2485.7250000000004,2484.2040637658883,2486.7,2484.1,0,0,black,True,False,False,False,0
1970-01-01 00:00:00.000002747,1748856300,3838,2025-06-02 09:25:00,2483.625,2484.9645318829444,2485.3,2482.55,0,0,black,False,False,False,False,0
1970-01-01 00:00:00.000002748,1748856600,3189,2025-06-02 09:30:00,2484.8875,2484.294765941472,2488.35,2481.3,0,0,black,False,False,False,False,0
1970-01-01 00:00:00.000002749,1748856900,2849,2025-06-02 09:35:00,2484.5375,2484.591132970736,2488.0,2479.2,0,0,black,False,False,False,False,0
1970-01-01 00:00:00.000002750,1748857200,3537,2025-06-02 09:40:00,2480.7375,2484.564316485368,2484.564316485368,2479.15,0,0,black,False,False,False,False,0
1970-01-01 00:00:00.000002751,1748857500,1398,2025-06-02 09:45:00,2479.3500000000004,2482.650908242684,2482.650908242684,2477.65,0,0,black,False,False,False,False,0
1970-01-01 00:00:00.000002752,1748857800,5663,2025-06-02 09:50:00,2478.05,2481.000454121342,2481.000454121342,2474.0,0,0,black,False,False,False,False,0
1970-01-01 00:00:00.000002753,1748858100,2961,2025-06-02 09:55:00,2480.7125,2479.525227060671,2482.35,2479.525227060671,0,0,black,True,False,False,False,0
1970-01-01 00:00:00.000002754,1748858400,1277,2025-06-02 10:00:00,2479.6375,2480.1188635303356,2482.9,2476.8,0,0,black,False,False,False,False,0
1970-01-01 00:00:00.000002755,1748858700,7596,2025-06-02 10:05:00,2482.4624999999996,2479.878181765168,2488.6,2475.95,0,0,black,False,False,False,False,0
1970-01-01 00:00:00.000002756,1748859000,3401,2025-06-02 10:10:00,2487.3125,2481.170340882584,2488.35,2481.170340882584,0,0,black,False,False,False,False,0
1970-01-01 00:00:00.000002757,1748859300,5378,2025-06-02 10:15:00,2483.0375,2484.2414204412917,2487.0,2477.25,0,0,black,False,False,False,False,0
1970-01-01 00:00:00.000002758,1748859600,1407,2025-06-02 10:20:00,2478.6625,2483.6394602206456,2483.6394602206456,2477.45,0,0,black,False,False,False,False,0
1970-01-01 00:00:00.000002759,1748859900,1084,2025-06-02 10:25:00,2480.0499999999997,2481.150980110323,2481.5,2478.65,0,0,black,False,False,False,False,0
1970-01-01 00:00:00.000002760,1748860200,1735,2025-06-02 10:30:00,2480.8375,2480.6004900551616,2483.5,2478.05,0,0,black,False,False,False,False,0
1970-01-01 00:00:00.000002761,1748860500,1464,2025-06-02 10:35:00,2479.3125,2480.7189950275806,2481.45,2477.0,0,0,black,False,False,False,False,0
1970-01-01 00:00:00.000002762,1748860800,2214,2025-06-02 10:40:00,2482.5,2480.0157475137903,2484.45,2480.0157475137903,0,0,dark_green,False,False,False,False,0
1970-01-01 00:00:00.000002763,1748861100,1465,2025-06-02 10:45:00,2481.4,2481.257873756895,2482.95,2480.4,0,0,dark_green,False,False,False,False,0
1970-01-01 00:00:00.000002764,1748861400,1044,2025-06-02 10:50:00,2481.7250000000004,2481.3289368784476,2483.45,2480.0,0,0,dark_green,False,False,False,False,0
1970-01-01 00:00:00.000002765,1748861700,384,2025-06-02 10:55:00,2482.725,2481.526968439224,2483.55,2481.526968439224,0,0,dark_green,False,False,False,False,0
1970-01-01 00:00:00.000002766,1748862000,1369,2025-06-02 11:00:00,2480.525,2482.1259842196123,2482.1259842196123,2479.65,0,0,dark_green,False,False,False,False,0
1970-01-01 00:00:00.000002767,1748862300,2265,2025-06-02 11:05:00,2479.7875000000004,2481.325492109806,2481.325492109806,2477.25,0,0,dark_green,False,False,False,False,0
1970-01-01 00:00:00.000002768,1748862600,3852,2025-06-02 11:10:00,2484.675,2480.556496054903,2486.7,2480.556496054903,0,0,dark_green,False,False,True,False,1
1970-01-01 00:00:00.000002769,1748862900,283,2025-06-02 11:15:00,2484.4375,2482.6157480274514,2485.6,2482.6157480274514,0,0,black,False,False,False,False,0
1970-01-01 00:00:00.000002770,1748863200,479,2025-06-02 11:20:00,2484.2875,2483.5266240137257,2484.6,2483.5266240137257,0,0,black,False,False,False,False,0
1970-01-01 00:00:00.000002771,1748863500,2905,2025-06-02 11:25:00,2483.0249999999996,2483.907062006863,2484.25,2481.95,0,0,black,False,False,False,False,0
1970-01-01 00:00:00.000002772,1748863800,676,2025-06-02 11:30:00,2482.7125,2483.4660310034315,2484.9,2481.35,0,0,black,False,False,False,False,0
1970-01-01 00:00:00.000002773,1748864100,2078,2025-06-02 11:35:00,2482.8125,2483.089265501716,2485.2,2479.95,0,0,black,False,False,False,False,0
1970-01-01 00:00:00.000002774,1748864400,6368,2025-06-02 11:40:00,2478.725,2482.950882750858,2482.950882750858,2476.25,0,0,black,False,False,False,True,-1
1970-01-01 00:00:00.000002775,1748864700,2307,2025-06-02 11:45:00,2477.7375,2480.837941375429,2480.837941375429,2474.45,0,0,black,False,False,False,False,0
1970-01-01 00:00:00.000002776,1748865000,1211,2025-06-02 11:50:00,2479.9375,2479.2877206877147,2481.35,2477.15,0,0,black,False,False,False,False,0
1970-01-01 00:00:00.000002777,1748865300,1179,2025-06-02 11:55:00,2480.7,2479.6126103438573,2482.1,2479.3,0,0,black,False,False,False,False,0
1970-01-01 00:00:00.000002778,1748865600,3976,2025-06-02 12:00:00,2480.55,2480.1563051719286,2482.05,2479.5,0,0,black,False,False,False,False,0
1970-01-01 00:00:00.000002779,1748865900,1406,2025-06-02 12:05:00,2480.8125,2480.3531525859644,2482.6,2477.6,0,0,black,False,False,False,False,0
1970-01-01 00:00:00.000002780,1748866200,1000,2025-06-02 12:10:00,2483.1,2480.582826292982,2483.95,2480.582826292982,0,0,black,False,False,True,False,1
1970-01-01 00:00:00.000002781,1748866500,2080,2025-06-02 12:15:00,2481.15,2481.841413146491,2483.25,2479.65,0,0,black,False,False,False,False,0
1970-01-01 00:00:00.000002782,1748866800,788,2025-06-02 12:20:00,2478.625,2481.4957065732456,2481.4957065732456,2477.3,0,0,black,False,False,False,True,-1
1970-01-01 00:00:00.000002783,1748867100,970,2025-06-02 12:25:00,2480.5375,2480.0603532866226,2482.95,2478.4,0,0,black,False,False,False,False,0
1970-01-01 00:00:00.000002784,1748867400,1505,2025-06-02 12:30:00,2485.325,2480.2989266433115,2488.9,2480.2989266433115,0,0,bright_green,False,False,True,False,1
1970-01-01 00:00:00.000002785,1748867700,11740,2025-06-02 12:35:00,2489.7,2482.8119633216556,2493.0,2482.8119633216556,1,0,bright_green,False,False,False,False,0
1970-01-01 00:00:00.000002786,1748868000,10341,2025-06-02 12:40:00,2492.85,2486.2559816608277,2496.2,2486.2559816608277,0,0,bright_green,False,False,False,False,0
1970-01-01 00:00:00.000002787,1748868300,4018,2025-06-02 12:45:00,2491.95,2489.552990830414,2494.05,2489.552990830414,0,0,bright_green,False,False,False,False,0
1970-01-01 00:00:00.000002788,1748868600,1383,2025-06-02 12:50:00,2490.9125,2490.7514954152066,2491.65,2489.35,0,0,bright_green,False,False,False,False,0
1970-01-01 00:00:00.000002789,1748868900,2239,2025-06-02 12:55:00,2494.1625000000004,2490.8319977076035,2496.8,2490.65,0,0,bright_green,False,False,True,False,0
1970-01-01 00:00:00.000002790,1748869200,5174,2025-06-02 13:00:00,2496.425,2492.497248853802,2498.1,2492.497248853802,0,0,bright_green,False,False,False,False,0
1970-01-01 00:00:00.000002791,1748869500,7920,2025-06-02 13:05:00,2492.275,2494.461124426901,2495.6,2488.9,0,0,bright_green,False,False,False,False,0
1970-01-01 00:00:00.000002792,1748869800,4284,2025-06-02 13:10:00,2490.425,2493.3680622134507,2493.3680622134507,2487.35,0,0,bright_green,False,False,False,False,0
1970-01-01 00:00:00.000002793,1748870100,1595,2025-06-02 13:15:00,2492.8625,2491.8965311067254,2496.0,2491.25,0,0,bright_green,False,False,False,False,0
1970-01-01 00:00:00.000002794,1748870400,1458,2025-06-02 13:20:00,2489.6749999999997,2492.3795155533626,2492.45,2486.9,0,0,black,False,False,False,False,0
1970-01-01 00:00:00.000002795,1748870700,9327,2025-06-02 13:25:00,2493.6625,2491.027257776681,2501.6,2486.9,0,0,bright_green,False,False,False,False,0
1970-01-01 00:00:00.000002796,1748871000,15624,2025-06-02 13:30:00,2502.75,2492.3448788883406,2507.85,2492.3448788883406,0,0,bright_green,False,False,False,False,0
1970-01-01 00:00:00.000002797,1748871300,8992,2025-06-02 13:35:00,2512.025,2497.5474394441703,2517.85,2497.5474394441703,0,0,bright_green,False,False,False,False,0
1970-01-01 00:00:00.000002798,1748871600,5449,2025-06-02 13:40:00,2513.125,2504.786219722085,2518.75,2504.0,0,0,bright_green,False,False,False,False,0
1970-01-01 00:00:00.000002799,1748871900,6303,2025-06-02 13:45:00,2506.0750000000003,2508.955609861043,2511.55,2500.35,0,0,bright_green,False,True,False,False,0
1970-01-01 00:00:00.000002800,1748872200,6610,2025-06-02 13:50:00,2497.5625,2507.515304930522,2507.515304930522,2495.05,0,1,red,False,False,False,False,-3
1970-01-01 00:00:00.000002801,1748872500,5863,2025-06-02 13:55:00,2501.85,2502.538902465261,2505.95,2498.75,0,0,red,False,False,False,False,0
1970-01-01 00:00:00.000002802,1748872800,6608,2025-06-02 14:00:00,2503.9,2502.1944512326304,2511.2,2495.1,0,0,blue,False,False,False,False,0
1970-01-01 00:00:00.000002803,1748873100,10047,2025-06-02 14:05:00,2509.2124999999996,2503.0472256163152,2514.25,2503.0472256163152,0,0,dark_green,False,False,False,False,0
1970-01-01 00:00:00.000002804,1748873400,9590,2025-06-02 14:10:00,2513.0,2506.1298628081577,2515.1,2506.1298628081577,0,0,dark_green,False,False,False,False,0
1970-01-01 00:00:00.000002805,1748873700,6182,2025-06-02 14:15:00,2515.025,2509.564931404079,2518.75,2509.564931404079,1,0,dark_green,False,False,False,False,0
1970-01-01 00:00:00.000002806,1748874000,18227,2025-06-02 14:20:00,2519.4125000000004,2512.2949657020395,2524.95,2512.2949657020395,0,0,dark_green,False,False,False,False,0
1970-01-01 00:00:00.000002807,1748874300,21500,2025-06-02 14:25:00,2529.5375,2515.85373285102,2539.55,2515.85373285102,0,0,dark_green,False,False,False,False,0
1970-01-01 00:00:00.000002808,1748874600,4044,2025-06-02 14:30:00,2530.0,2522.69561642551,2531.95,2522.69561642551,0,0,dark_green,False,False,False,False,0
1970-01-01 00:00:00.000002809,1748874900,5007,2025-06-02 14:35:00,2530.15,2526.347808212755,2536.15,2524.5,0,0,dark_green,False,False,False,False,0
1970-01-01 00:00:00.000002810,1748875200,2199,2025-06-02 14:40:00,2524.6375,2528.2489041063773,2529.5,2521.75,0,0,black,False,True,False,False,0
1970-01-01 00:00:00.000002811,1748875500,8724,2025-06-02 14:45:00,2522.1125,2526.4432020531885,2526.4432020531885,2517.65,0,0,red,False,False,False,False,0
1970-01-01 00:00:00.000002812,1748875800,4397,2025-06-02 14:50:00,2522.7625000000003,2524.2778510265944,2526.7,2518.05,0,0,red,False,False,False,False,0
1970-01-01 00:00:00.000002813,1748876100,6627,2025-06-02 14:55:00,2528.1,2523.5201755132975,2530.65,2523.5201755132975,0,0,red,False,False,False,False,0
1970-01-01 00:00:00.000002814,1748876400,6331,2025-06-02 15:00:00,2526.975,2525.8100877566485,2531.7,2522.0,0,0,red,False,False,False,False,0
1970-01-01 00:00:00.000002815,1748876700,3449,2025-06-02 15:05:00,2523.9,2526.3925438783244,2526.3925438783244,2522.45,0,0,red,False,False,False,False,0
1970-01-01 00:00:00.000002816,1748877000,9258,2025-06-02 15:10:00,2529.0125,2525.146271939162,2536.45,2522.65,0,0,black,False,False,False,False,0
1970-01-01 00:00:00.000002817,1748877300,7735,2025-06-02 15:15:00,2533.675,2527.079385969581,2535.55,2527.079385969581,0,0,black,False,False,False,False,0
1970-01-01 00:00:00.000002818,1748877600,13306,2025-06-02 15:20:00,2538.3125,2530.377192984791,2543.1,2530.377192984791,0,0,black,False,False,True,False,1
1970-01-01 00:00:00.000002819,1748877900,26365,2025-06-02 15:25:00,2543.7625,2534.3448464923954,2555.4,2534.3448464923954,0,0,black,False,False,False,False,0
1970-01-01 00:00:00.000002820,1748878200,6439,2025-06-02 15:30:00,2538.0,2539.053673246198,2541.7,2535.65,0,0,black,False,True,False,False,0
1970-01-01 00:00:00.000002821,1748878500,7151,2025-06-02 15:35:00,2535.65,2538.526836623099,2538.526836623099,2532.45,0,0,red,False,False,False,False,0
1970-01-01 00:00:00.000002822,1748878800,3386,2025-06-02 15:40:00,2537.175,2537.0884183115495,2540.0,2535.35,0,0,red,False,False,False,False,0
1970-01-01 00:00:00.000002823,1748879100,4386,2025-06-02 15:45:00,2539.2,2537.131709155775,2543.95,2536.9,0,0,black,False,False,False,False,0
1970-01-01 00:00:00.000002824,1748879400,4995,2025-06-02 15:50:00,2541.15,2538.1658545778873,2546.5,2537.85,0,0,black,False,False,False,False,0
1970-01-01 00:00:00.000002825,1748879700,1144,2025-06-02 15:55:00,2541.95,2539.657927288944,2542.75,2539.657927288944,0,0,black,False,False,False,False,0
1970-01-01 00:00:00.000002826,1748880000,4998,2025-06-02 16:00:00,2541.35,2540.803963644472,2544.5,2537.8,0,0,black,False,False,False,False,0
1970-01-01 00:00:00.000002827,1748880300,3346,2025-06-02 16:05:00,2539.725,2541.076981822236,2541.45,2536.9,0,0,red,False,False,False,False,0
1970-01-01 00:00:00.000002828,1748880600,2390,2025-06-02 16:10:00,2537.7125,2540.4009909111182,2540.4009909111182,2536.05,0,0,red,False,False,False,False,0
1970-01-01 00:00:00.000002829,1748880900,4485,2025-06-02 16:15:00,2537.5375000000004,2539.0567454555594,2539.25,2535.15,0,0,red,False,False,False,False,0
1970-01-01 00:00:00.000002830,1748881200,1738,2025-06-02 16:20:00,2537.325,2538.29712272778,2540.7,2535.75,0,0,red,False,False,False,False,0
1970-01-01 00:00:00.000002831,1748881500,5559,2025-06-02 16:25:00,2533.7375,2537.81106136389,2537.81106136389,2528.75,0,0,red,False,False,False,True,-1
1970-01-01 00:00:00.000002832,1748881800,3503,2025-06-02 16:30:00,2533.2625,2535.774280681945,2535.774280681945,2531.25,0,0,red,False,False,False,False,0
1970-01-01 00:00:00.000002833,1748882100,4829,2025-06-02 16:35:00,2537.9624999999996,2534.5183903409725,2540.45,2534.5183903409725,0,0,black,False,False,True,False,1
1970-01-01 00:00:00.000002834,1748882400,1523,2025-06-02 16:40:00,2537.5125,2536.240445170486,2539.15,2536.2,0,0,black,False,False,False,False,0
1970-01-01 00:00:00.000002835,1748882700,5038,2025-06-02 16:45:00,2538.5625,2536.876472585243,2542.55,2536.876472585243,0,0,black,False,False,False,False,0
1970-01-01 00:00:00.000002836,1748883000,6657,2025-06-02 16:50:00,2541.9125000000004,2537.7194862926217,2548.4,2535.55,0,0,black,False,False,False,False,0
1970-01-01 00:00:00.000002837,1748883300,13563,2025-06-02 16:55:00,2547.7625,2539.815993146311,2552.85,2539.815993146311,0,0,black,False,False,False,False,0
1970-01-01 00:00:00.000002838,1748883600,7168,2025-06-02 17:00:00,2545.625,2543.7892465731557,2550.9,2543.3,0,0,black,False,True,False,False,0
1970-01-01 00:00:00.000002839,1748883900,4228,2025-06-02 17:05:00,2542.675,2544.707123286578,2545.45,2540.0,0,0,black,False,False,False,False,0
1970-01-01 00:00:00.000002840,1748884200,1719,2025-06-02 17:10:00,2541.075,2543.691061643289,2544.3,2538.5,0,0,black,False,False,False,False,0
1970-01-01 00:00:00.000002841,1748884500,4679,2025-06-02 17:15:00,2543.7125,2542.3830308216443,2549.4,2537.6,0,0,black,False,False,False,False,0
1970-01-01 00:00:00.000002842,1748884800,5131,2025-06-02 17:20:00,2548.55,2543.047765410822,2550.8,2543.047765410822,0,0,black,False,False,False,False,0
1970-01-01 00:00:00.000002843,1748885100,4339,2025-06-02 17:25:00,2546.6125,2545.7988827054114,2551.4,2543.0,0,0,black,False,False,False,False,0
1970-01-01 00:00:00.000002844,1748885400,3321,2025-06-02 17:30:00,2542.8875,2546.205691352706,2546.205691352706,2540.85,0,0,black,False,False,False,False,0
1970-01-01 00:00:00.000002845,1748885700,5023,2025-06-02 17:35:00,2542.275,2544.546595676353,2546.6,2537.7,0,0,black,False,False,False,False,0
1970-01-01 00:00:00.000002846,1748886000,1145,2025-06-02 17:40:00,2540.45,2543.410797838176,2543.410797838176,2539.1,0,0,black,False,False,False,False,0
1970-01-01 00:00:00.000002847,1748886300,3078,2025-06-02 17:45:00,2543.8625,2541.930398919088,2547.45,2539.4,0,0,black,False,False,False,False,0
1970-01-01 00:00:00.000002848,1748886600,2519,2025-06-02 17:50:00,2547.475,2542.896449459544,2548.5,2542.896449459544,0,0,black,False,False,False,False,0
1970-01-01 00:00:00.000002849,1748886900,2703,2025-06-02 17:55:00,2548.6875,2545.185724729772,2550.4,2545.185724729772,0,0,black,False,False,False,False,0
1970-01-01 00:00:00.000002850,1748887200,1682,2025-06-02 18:00:00,2547.825,2546.936612364886,2549.65,2545.5,0,0,black,False,False,False,False,0
1970-01-01 00:00:00.000002851,1748887500,1013,2025-06-02 18:05:00,2546.6625000000004,2547.380806182443,2548.55,2545.05,0,0,black,False,False,False,False,0
1970-01-01 00:00:00.000002852,1748887800,3541,2025-06-02 18:10:00,2548.475,2547.0216530912217,2552.2,2543.9,0,0,black,False,False,False,False,0
1970-01-01 00:00:00.000002853,1748888100,2738,2025-06-02 18:15:00,2550.7375,2547.748326545611,2553.1,2547.748326545611,0,0,black,False,False,False,False,0
1970-01-01 00:00:00.000002854,1748888400,23939,2025-06-02 18:20:00,2555.5375000000004,2549.2429132728057,2563.0,2549.2429132728057,0,0,dark_green,False,False,False,False,0
1970-01-01 00:00:00.000002855,1748888700,2690,2025-06-02 18:25:00,2559.1375,2552.390206636403,2562.55,2552.390206636403,0,0,dark_green,False,False,False,False,0
1970-01-01 00:00:00.000002856,1748889000,4483,2025-06-02 18:30:00,2553.15,2555.7638533182017,2555.7638533182017,2551.0,0,0,black,False,True,False,False,0
1970-01-01 00:00:00.000002857,1748889300,6149,2025-06-02 18:35:00,2549.075,2554.4569266591006,2554.4569266591006,2547.95,0,0,black,False,False,False,True,-1
1970-01-01 00:00:00.000002858,1748889600,2660,2025-06-02 18:40:00,2546.0249999999996,2551.7659633295502,2551.7659633295502,2544.4,0,0,pink,False,False,False,False,0
1970-01-01 00:00:00.000002859,1748889900,3896,2025-06-02 18:45:00,2541.3125,2548.8954816647747,2548.8954816647747,2536.7,0,1,pink,False,False,False,False,0
1970-01-01 00:00:00.000002860,1748890200,779,2025-06-02 18:50:00,2540.1625,2545.1039908323874,2545.1039908323874,2540.0,0,0,pink,False,False,False,False,0
1970-01-01 00:00:00.000002861,1748890500,1297,2025-06-02 18:55:00,2541.725,2542.633245416194,2543.45,2539.95,0,0,pink,False,False,False,False,0
1970-01-01 00:00:00.000002862,1748890800,3947,2025-06-02 19:00:00,2545.175,2542.1791227080967,2547.3,2542.1791227080967,0,0,pink,False,False,False,False,0
1970-01-01 00:00:00.000002863,1748891100,361,2025-06-02 19:05:00,2544.75,2543.6770613540484,2547.6,2542.6,0,0,pink,False,False,False,False,0
1970-01-01 00:00:00.000002864,1748891400,3659,2025-06-02 19:10:00,2538.025,2544.213530677024,2544.213530677024,2533.6,0,0,pink,False,False,False,True,-1
1970-01-01 00:00:00.000002865,1748891700,1120,2025-06-02 19:15:00,2535.1625,2541.1192653385124,2541.1192653385124,2533.5,0,0,pink,False,False,False,False,0
1970-01-01 00:00:00.000002866,1748892000,1057,2025-06-02 19:20:00,2538.2875000000004,2538.140882669256,2539.9,2536.55,0,0,pink,False,False,False,False,0
1970-01-01 00:00:00.000002867,1748892300,3274,2025-06-02 19:25:00,2538.6125,2538.214191334628,2540.95,2535.8,0,0,pink,False,False,False,False,0
1970-01-01 00:00:00.000002868,1748892600,1460,2025-06-02 19:30:00,2534.2,2538.4133456673144,2538.4133456673144,2531.45,0,0,pink,False,False,False,False,0
1970-01-01 00:00:00.000002869,1748892900,2925,2025-06-02 19:35:00,2533.2875,2536.306672833657,2536.306672833657,2532.9,0,0,pink,False,False,False,False,0
1970-01-01 00:00:00.000002870,1748893200,9920,2025-06-02 19:40:00,2528.7875000000004,2534.7970864168283,2534.7970864168283,2523.6,0,0,pink,False,False,False,True,0
1970-01-01 00:00:00.000002871,1748893500,1052,2025-06-02 19:45:00,2527.825,2531.7922932084143,2531.7922932084143,2526.05,0,0,pink,False,False,False,False,0
1970-01-01 00:00:00.000002872,1748893800,8645,2025-06-02 19:50:00,2532.2625,2529.808646604207,2533.2,2529.808646604207,0,0,pink,False,False,False,False,0
1970-01-01 00:00:00.000002873,1748894100,6595,2025-06-02 19:55:00,2531.825,2531.0355733021033,2532.6,2530.75,0,0,pink,False,False,False,False,0
1970-01-01 00:00:00.000002874,1748894400,4199,2025-06-02 20:00:00,2535.875,2531.4302866510516,2538.0,2531.4302866510516,0,0,pink,False,False,True,False,0
1970-01-01 00:00:00.000002875,1748894700,4540,2025-06-02 20:05:00,2538.7250000000004,2533.652643325526,2540.15,2533.652643325526,0,0,black,False,False,False,False,0
1970-01-01 00:00:00.000002876,1748895000,5369,2025-06-02 20:10:00,2543.575,2536.188821662763,2545.25,2536.188821662763,1,0,black,False,False,False,False,0
1970-01-01 00:00:00.000002877,1748895300,1966,2025-06-02 20:15:00,2542.9125,2539.8819108313814,2547.15,2539.8819108313814,0,0,black,False,False,False,False,0
1970-01-01 00:00:00.000002878,1748895600,2158,2025-06-02 20:20:00,2539.9375,2541.3972054156907,2541.3972054156907,2539.0,0,0,black,False,False,False,False,0
1970-01-01 00:00:00.000002879,1748895900,112,2025-06-02 20:25:00,2539.85,2540.6673527078456,2540.6673527078456,2539.7,0,0,black,False,False,False,False,0
