,time,volume,Timestamp,RF_BuySignal,RF_SellSignal,GreenArrow,RedArrow,Signal_Final,close,open,high,low
1970-01-01 00:00:00.000000360,1748687400,7952,2025-05-31 10:30:00,0,0,False,False,0,1.2384078216001122e-05,1.2396578216001122e-05,0.0,0.0
1970-01-01 00:00:00.000000361,1748688300,5000,2025-05-31 10:45:00,0,0,False,False,0,1.236164455400028e-05,1.2390328216001122e-05,1.24e-05,1.23e-05
1970-01-01 00:00:00.000000362,1748689200,197,2025-05-31 11:00:00,0,0,False,False,0,1.2355822277000141e-05,1.2375986385000701e-05,1.238e-05,1.232e-05
1970-01-01 00:00:00.000000363,1748690100,3287,2025-05-31 11:15:00,0,0,False,False,0,1.235416113850007e-05,1.2365904331000422e-05,1.238e-05,1.232e-05
1970-01-01 00:00:00.000000364,1748691000,174,2025-05-31 11:30:00,0,0,False,False,0,1.2341661138500072e-05,1.2360032734750246e-05,1.2360032734750246e-05,1.232e-05
1970-01-01 00:00:00.000000365,1748691900,0,2025-05-31 11:45:00,0,0,False,False,0,1.2332080569250036e-05,1.235084693662516e-05,1.235084693662516e-05,1.232e-05
1970-01-01 00:00:00.000000366,1748692800,909,2025-05-31 12:00:00,1,0,False,False,0,1.2352290284625018e-05,1.2341463752937598e-05,1.238e-05,1.2332080569250036e-05
1970-01-01 00:00:00.000000367,1748693700,0,2025-05-31 12:15:00,0,0,False,False,0,1.236427014231251e-05,1.2346877018781308e-05,1.238e-05,1.2346877018781308e-05
1970-01-01 00:00:00.000000368,1748694600,12312,2025-05-31 12:30:00,0,0,True,False,0,1.2394635071156254e-05,1.2355573580546909e-05,1.244e-05,1.2355573580546909e-05
1970-01-01 00:00:00.000000369,1748695500,13730,2025-05-31 12:45:00,0,0,False,False,0,1.2454817535578127e-05,1.2375104325851581e-05,1.254e-05,1.2375104325851581e-05
1970-01-01 00:00:00.000000370,1748696400,1568,2025-05-31 13:00:00,0,0,False,False,0,1.2531783767789064e-05,1.2414960930714855e-05,1.266e-05,1.2414960930714855e-05
1970-01-01 00:00:00.000000371,1748697300,128,2025-05-31 13:15:00,0,0,False,False,0,1.2540266883894531e-05,1.247337234925196e-05,1.258e-05,1.247337234925196e-05
1970-01-01 00:00:00.000000372,1748698200,0,2025-05-31 13:30:00,0,0,False,False,0,1.2537633441947267e-05,1.2506819616573245e-05,1.254e-05,1.2506819616573245e-05
1970-01-01 00:00:00.000000373,1748699100,5,2025-05-31 13:45:00,0,0,True,False,0,1.2548816720973633e-05,1.2522226529260256e-05,1.256e-05,1.2522226529260256e-05
1970-01-01 00:00:00.000000374,1748700000,2597,2025-05-31 14:00:00,0,0,False,False,0,1.2599408360486816e-05,1.2535521625116945e-05,1.266e-05,1.2535521625116945e-05
1970-01-01 00:00:00.000000375,1748700900,801,2025-05-31 14:15:00,0,0,False,False,0,1.2591102090121704e-05,1.256746499280188e-05,1.26e-05,1.256746499280188e-05
1970-01-01 00:00:00.000000376,1748701800,32,2025-05-31 14:30:00,0,0,False,False,0,1.2616102090121705e-05,1.2579283541461793e-05,1.264e-05,1.2579283541461793e-05
1970-01-01 00:00:00.000000377,1748702700,12184,2025-05-31 14:45:00,0,0,False,False,0,1.2631801045060853e-05,1.259769281579175e-05,1.266e-05,1.259769281579175e-05
1970-01-01 00:00:00.000000378,1748703600,0,2025-05-31 15:00:00,0,0,False,False,0,1.2622775522530424e-05,1.2614746930426301e-05,1.2625551045060851e-05,1.2614746930426301e-05
1970-01-01 00:00:00.000000379,1748704500,1810,2025-05-31 15:15:00,0,0,True,False,0,1.2683887761265213e-05,1.2618761226478364e-05,1.276e-05,1.2618761226478364e-05
1970-01-01 00:00:00.000000380,1748705400,31,2025-05-31 15:30:00,0,0,False,False,0,1.2708193880632607e-05,1.2651324493871788e-05,1.276e-05,1.2651324493871788e-05
1970-01-01 00:00:00.000000381,1748706300,11074,2025-05-31 15:45:00,0,0,False,False,0,1.2682048470158153e-05,1.2679759187252198e-05,1.27e-05,1.266e-05
1970-01-01 00:00:00.000000382,1748707200,786,2025-05-31 16:00:00,0,0,False,False,0,1.2679774235079076e-05,1.2680903828705174e-05,1.274e-05,1.262e-05
1970-01-01 00:00:00.000000383,1748708100,1497,2025-05-31 16:15:00,0,0,False,False,0,1.2727274235079075e-05,1.2680339031892125e-05,1.278e-05,1.2679548470158152e-05
1970-01-01 00:00:00.000000384,1748709000,0,2025-05-31 16:30:00,0,0,False,False,0,1.2752387117539538e-05,1.2703806633485599e-05,1.278e-05,1.2703806633485599e-05
1970-01-01 00:00:00.000000385,1748709900,1520,2025-05-31 16:45:00,0,0,False,False,0,1.2750596779384883e-05,1.2728096875512568e-05,1.276e-05,1.2728096875512568e-05
1970-01-01 00:00:00.000000386,1748710800,84,2025-05-31 17:00:00,0,0,True,False,0,1.2765298389692441e-05,1.2739346827448727e-05,1.28e-05,1.2739346827448727e-05
1970-01-01 00:00:00.000000387,1748711700,14152,2025-05-31 17:15:00,0,0,False,False,0,1.2767649194846221e-05,1.2752322608570584e-05,1.278e-05,1.2752322608570584e-05
1970-01-01 00:00:00.000000388,1748712600,3,2025-05-31 17:30:00,0,0,False,False,0,1.2745149194846221e-05,1.2759985901708403e-05,1.2765298389692441e-05,1.272e-05
1970-01-01 00:00:00.000000389,1748713500,3839,2025-05-31 17:45:00,0,0,False,False,0,1.2725662298711556e-05,1.2752567548277312e-05,1.276e-05,1.268e-05
1970-01-01 00:00:00.000000390,1748714400,192,2025-05-31 18:00:00,0,0,False,False,0,1.2735662298711556e-05,1.2739114923494435e-05,1.274e-05,1.2731324597423112e-05
1970-01-01 00:00:00.000000391,1748715300,263,2025-05-31 18:15:00,0,0,False,False,0,1.273891557467789e-05,1.2737388611102995e-05,1.276e-05,1.272e-05
1970-01-01 00:00:00.000000392,1748716200,16,2025-05-31 18:30:00,0,0,False,False,0,1.273891557467789e-05,1.2738152092890442e-05,1.274e-05,1.2737831149355778e-05
1970-01-01 00:00:00.000000393,1748717100,16,2025-05-31 18:45:00,0,0,False,False,0,1.2749457787338944e-05,1.2738533833784166e-05,1.276e-05,1.2738533833784166e-05
1970-01-01 00:00:00.000000394,1748718000,5299,2025-05-31 19:00:00,0,0,False,False,0,1.2792228893669471e-05,1.2743995810561555e-05,1.284e-05,1.2743995810561555e-05
1970-01-01 00:00:00.000000395,1748718900,231,2025-05-31 19:15:00,0,0,False,False,0,1.2804864446834737e-05,1.2768112352115513e-05,1.282e-05,1.2768112352115513e-05
1970-01-01 00:00:00.000000396,1748719800,1145,2025-05-31 19:30:00,0,0,False,False,0,1.2822432223417368e-05,1.2786488399475125e-05,1.284e-05,1.2786488399475125e-05
1970-01-01 00:00:00.000000397,1748720700,3920,2025-05-31 19:45:00,0,0,False,False,0,1.2829358055854341e-05,1.2804460311446245e-05,1.286e-05,1.28e-05
1970-01-01 00:00:00.000000398,1748721600,0,2025-05-31 20:00:00,0,0,False,False,0,1.2824358055854342e-05,1.2816909183650293e-05,1.2828716111708686e-05,1.2816909183650293e-05
1970-01-01 00:00:00.000000399,1748722500,0,2025-05-31 20:15:00,0,0,False,False,0,1.282217902792717e-05,1.2820633619752318e-05,1.2824358055854342e-05,1.282e-05
1970-01-01 00:00:00.000000400,1748723400,0,2025-05-31 20:30:00,0,0,False,False,0,1.2821089513963585e-05,1.2821406323839744e-05,1.282217902792717e-05,1.282e-05
1970-01-01 00:00:00.000000401,1748724300,472,2025-05-31 20:45:00,0,0,True,False,0,1.2848044756981795e-05,1.2821247918901664e-05,1.288e-05,1.2821089513963585e-05
1970-01-01 00:00:00.000000402,1748725200,0,2025-05-31 21:00:00,0,0,False,False,0,1.2862772378490897e-05,1.283464633794173e-05,1.288e-05,1.283464633794173e-05
1970-01-01 00:00:00.000000403,1748726100,0,2025-05-31 21:15:00,0,0,False,False,0,1.2871386189245448e-05,1.2848709358216314e-05,1.288e-05,1.2848709358216314e-05
1970-01-01 00:00:00.000000404,1748727000,0,2025-05-31 21:30:00,0,0,False,False,0,1.2875693094622725e-05,1.2860047773730881e-05,1.288e-05,1.2860047773730881e-05
1970-01-01 00:00:00.000000405,1748727900,0,2025-05-31 21:45:00,0,0,False,False,0,1.2877846547311362e-05,1.2867870434176804e-05,1.288e-05,1.2867870434176804e-05
1970-01-01 00:00:00.000000406,1748728800,0,2025-05-31 22:00:00,0,0,False,False,0,1.287892327365568e-05,1.2872858490744083e-05,1.288e-05,1.2872858490744083e-05
1970-01-01 00:00:00.000000407,1748729700,0,2025-05-31 22:15:00,0,0,False,False,0,1.2879461636827841e-05,1.287589088219988e-05,1.288e-05,1.287589088219988e-05
1970-01-01 00:00:00.000000408,1748730600,0,2025-05-31 22:30:00,0,0,False,False,0,1.287973081841392e-05,1.2877676259513861e-05,1.288e-05,1.2877676259513861e-05
1970-01-01 00:00:00.000000409,1748731500,98,2025-05-31 22:45:00,0,0,False,False,0,1.284486540920696e-05,1.287870353896389e-05,1.287973081841392e-05,1.28e-05
1970-01-01 00:00:00.000000410,1748732400,2192,2025-05-31 23:00:00,0,0,False,False,0,1.284121635230174e-05,1.2861784474085425e-05,1.2861784474085425e-05,1.282e-05
1970-01-01 00:00:00.000000411,1748733300,1000,2025-05-31 23:15:00,0,0,False,False,0,1.284121635230174e-05,1.2851500413193582e-05,1.2851500413193582e-05,1.284e-05
1970-01-01 00:00:00.000000412,1748734200,1414,2025-05-31 23:30:00,0,0,False,False,0,1.282310817615087e-05,1.2846358382747661e-05,1.2846358382747661e-05,1.28e-05
1970-01-01 00:00:00.000000413,1748735100,0,2025-05-31 23:45:00,0,0,False,False,0,1.2822804088075434e-05,1.2834733279449266e-05,1.2834733279449266e-05,1.282e-05
1970-01-01 00:00:00.000000414,1748736000,0,2025-06-01 00:00:00,0,0,False,False,0,1.2821402044037718e-05,1.282876868376235e-05,1.282876868376235e-05,1.282e-05
1970-01-01 00:00:00.000000415,1748736900,3743,2025-06-01 00:15:00,0,1,False,True,-1,1.278070102201886e-05,1.2825085363900034e-05,1.2825085363900034e-05,1.274e-05
1970-01-01 00:00:00.000000416,1748737800,2,2025-06-01 00:30:00,0,0,False,False,0,1.2760350511009431e-05,1.2802893192959447e-05,1.2802893192959447e-05,1.274e-05
1970-01-01 00:00:00.000000417,1748738700,0,2025-06-01 00:45:00,0,0,False,False,0,1.2750175255504714e-05,1.2781621851984438e-05,1.2781621851984438e-05,1.274e-05
1970-01-01 00:00:00.000000418,1748739600,2840,2025-06-01 01:00:00,0,0,False,False,0,1.2798837627752358e-05,1.2765898553744576e-05,1.286e-05,1.2750175255504714e-05
1970-01-01 00:00:00.000000419,1748740500,1536,2025-06-01 01:15:00,0,0,False,False,0,1.2796293813876179e-05,1.2782368090748468e-05,1.28e-05,1.2782368090748468e-05
1970-01-01 00:00:00.000000420,1748741400,0,2025-06-01 01:30:00,0,0,False,False,0,1.279814690693809e-05,1.2789330952312324e-05,1.28e-05,1.2789330952312324e-05
1970-01-01 00:00:00.000000421,1748742300,222,2025-06-01 01:45:00,0,0,False,False,0,1.2761573453469045e-05,1.2793738929625207e-05,1.279814690693809e-05,1.272e-05
1970-01-01 00:00:00.000000422,1748743200,3408,2025-06-01 02:00:00,0,0,False,False,0,1.2713286726734523e-05,1.2777656191547127e-05,1.2777656191547127e-05,1.266e-05
1970-01-01 00:00:00.000000423,1748744100,2395,2025-06-01 02:15:00,0,0,False,False,0,1.2692268363367263e-05,1.2745471459140825e-05,1.2745471459140825e-05,1.266e-05
1970-01-01 00:00:00.000000424,1748745000,232,2025-06-01 02:30:00,0,0,False,False,0,1.272863418168363e-05,1.2718869911254043e-05,1.276e-05,1.2697268363367262e-05
1970-01-01 00:00:00.000000425,1748745900,13961,2025-06-01 02:45:00,0,0,False,False,0,1.2764317090841816e-05,1.2723752046468838e-05,1.282e-05,1.2723752046468838e-05
1970-01-01 00:00:00.000000426,1748746800,62,2025-06-01 03:00:00,0,0,False,False,0,1.2737158545420907e-05,1.2744034568655327e-05,1.2754317090841814e-05,1.272e-05
1970-01-01 00:00:00.000000427,1748747700,532,2025-06-01 03:15:00,0,0,False,True,0,1.2719289636355227e-05,1.2740596557038116e-05,1.2740596557038116e-05,1.268e-05
1970-01-01 00:00:00.000000428,1748748600,5110,2025-06-01 03:30:00,0,0,False,False,0,1.2741789636355227e-05,1.272994309669667e-05,1.276e-05,1.2728579272710455e-05
1970-01-01 00:00:00.000000429,1748749500,4169,2025-06-01 03:45:00,0,0,False,False,0,1.2763394818177614e-05,1.2735866366525949e-05,1.28e-05,1.2735866366525949e-05
1970-01-01 00:00:00.000000430,1748750400,1623,2025-06-01 04:00:00,0,0,False,False,0,1.2778572409088806e-05,1.2749630592351781e-05,1.28e-05,1.2749630592351781e-05
1970-01-01 00:00:00.000000431,1748751300,252,2025-06-01 04:15:00,1,0,False,False,0,1.2794643102272202e-05,1.2764101500720293e-05,1.284e-05,1.276e-05
1970-01-01 00:00:00.000000432,1748752200,4560,2025-06-01 04:30:00,0,0,False,False,0,1.2822143102272201e-05,1.2779372301496246e-05,1.286e-05,1.2779372301496246e-05
1970-01-01 00:00:00.000000433,1748753100,281,2025-06-01 04:45:00,0,0,False,False,0,1.28548215511361e-05,1.2800757701884223e-05,1.29e-05,1.2800757701884223e-05
1970-01-01 00:00:00.000000434,1748754000,2609,2025-06-01 05:00:00,0,0,False,False,0,1.287991077556805e-05,1.2827789626510162e-05,1.292e-05,1.2827789626510162e-05
1970-01-01 00:00:00.000000435,1748754900,589,2025-06-01 05:15:00,0,0,False,False,0,1.2872477693892012e-05,1.2853850201039105e-05,1.29e-05,1.284e-05
1970-01-01 00:00:00.000000436,1748755800,6016,2025-06-01 05:30:00,0,0,False,False,0,1.2878738846946006e-05,1.2863163947465559e-05,1.29e-05,1.286e-05
1970-01-01 00:00:00.000000437,1748756700,509,2025-06-01 05:45:00,0,0,False,False,0,1.2863119423473005e-05,1.2870951397205782e-05,1.288e-05,1.284e-05
1970-01-01 00:00:00.000000438,1748757600,572,2025-06-01 06:00:00,0,0,False,False,0,1.28540597117365e-05,1.2867035410339394e-05,1.288e-05,1.282e-05
1970-01-01 00:00:00.000000439,1748758500,28336,2025-06-01 06:15:00,0,0,False,False,0,1.2837029855868252e-05,1.2860547561037946e-05,1.288e-05,1.278e-05
1970-01-01 00:00:00.000000440,1748759400,4226,2025-06-01 06:30:00,0,0,False,False,0,1.2854764927934125e-05,1.2848788708453099e-05,1.288e-05,1.284e-05
1970-01-01 00:00:00.000000441,1748760300,8803,2025-06-01 06:45:00,0,0,False,False,0,1.2827264927934126e-05,1.2851776818193612e-05,1.2851776818193612e-05,1.28e-05
1970-01-01 00:00:00.000000442,1748761200,9163,2025-06-01 07:00:00,0,0,False,False,0,1.2799882463967064e-05,1.2839520873063868e-05,1.2839520873063868e-05,1.274e-05
1970-01-01 00:00:00.000000443,1748762100,1500,2025-06-01 07:15:00,0,0,False,False,0,1.2817441231983533e-05,1.2819701668515466e-05,1.282e-05,1.2814882463967063e-05
1970-01-01 00:00:00.000000444,1748763000,1787,2025-06-01 07:30:00,0,0,False,False,0,1.2791220615991767e-05,1.28185714502495e-05,1.28185714502495e-05,1.276e-05
1970-01-01 00:00:00.000000445,1748763900,5146,2025-06-01 07:45:00,0,0,False,False,0,1.2783430153997941e-05,1.2804896033120634e-05,1.2804896033120634e-05,1.276e-05
1970-01-01 00:00:00.000000446,1748764800,165,2025-06-01 08:00:00,0,0,False,False,0,1.276843015399794e-05,1.2794163093559287e-05,1.2794163093559287e-05,1.274e-05
1970-01-01 00:00:00.000000447,1748765700,2912,2025-06-01 08:15:00,0,0,False,False,0,1.2769607538499483e-05,1.2781296623778615e-05,1.28e-05,1.274e-05
1970-01-01 00:00:00.000000448,1748766600,5875,2025-06-01 08:30:00,0,1,False,False,0,1.2756053769249742e-05,1.277545208113905e-05,1.278e-05,1.272e-05
1970-01-01 00:00:00.000000449,1748767500,12102,2025-06-01 08:45:00,0,0,False,False,0,1.2750526884624873e-05,1.2765752925194396e-05,1.278e-05,1.272e-05
1970-01-01 00:00:00.000000450,1748768400,606,2025-06-01 09:00:00,0,0,False,False,0,1.2719276884624872e-05,1.2758139904909634e-05,1.2758139904909634e-05,1.268e-05
1970-01-01 00:00:00.000000451,1748769300,13550,2025-06-01 09:15:00,0,0,False,False,0,1.2675263442312435e-05,1.2738708394767253e-05,1.2738708394767253e-05,1.262e-05
1970-01-01 00:00:00.000000452,1748770200,2209,2025-06-01 09:30:00,0,0,False,False,0,1.2635756721156218e-05,1.2706985918539844e-05,1.2706985918539844e-05,1.258e-05
1970-01-01 00:00:00.000000453,1748771100,4555,2025-06-01 09:45:00,0,0,False,False,0,1.261350336057811e-05,1.2671371319848031e-05,1.2671371319848031e-05,1.256e-05
1970-01-01 00:00:00.000000454,1748772000,6304,2025-06-01 10:00:00,0,0,False,False,0,1.2645250840144527e-05,1.2642437340213071e-05,1.268e-05,1.262e-05
1970-01-01 00:00:00.000000455,1748772900,4226,2025-06-01 10:15:00,0,0,False,False,0,1.2667750840144527e-05,1.26438440901788e-05,1.27e-05,1.2640501680289055e-05
1970-01-01 00:00:00.000000456,1748773800,4841,2025-06-01 10:30:00,0,0,False,False,0,1.2668812710036131e-05,1.2655797465161663e-05,1.27e-05,1.264e-05
1970-01-01 00:00:00.000000457,1748774700,1030,2025-06-01 10:45:00,0,0,False,False,0,1.2669406355018065e-05,1.2662305087598897e-05,1.268e-05,1.266e-05
1970-01-01 00:00:00.000000458,1748775600,457,2025-06-01 11:00:00,0,0,False,False,0,1.2694406355018066e-05,1.2665855721308481e-05,1.272e-05,1.2665855721308481e-05
1970-01-01 00:00:00.000000459,1748776500,613,2025-06-01 11:15:00,0,0,False,False,0,1.2722203177509032e-05,1.2680131038163273e-05,1.276e-05,1.2680131038163273e-05
1970-01-01 00:00:00.000000460,1748777400,2710,2025-06-01 11:30:00,1,0,False,False,0,1.2753601588754515e-05,1.2701167107836153e-05,1.28e-05,1.2701167107836153e-05
1970-01-01 00:00:00.000000461,1748778300,5556,2025-06-01 11:45:00,0,0,False,False,0,1.2769300794377259e-05,1.2727384348295334e-05,1.28e-05,1.2727384348295334e-05
1970-01-01 00:00:00.000000462,1748779200,32503,2025-06-01 12:00:00,0,0,False,False,0,1.2777325198594315e-05,1.2748342571336296e-05,1.282e-05,1.274e-05
1970-01-01 00:00:00.000000463,1748780100,52326,2025-06-01 12:15:00,0,0,False,False,0,1.2772412599297158e-05,1.2762833884965305e-05,1.282e-05,1.273e-05
1970-01-01 00:00:00.000000464,1748781000,4918,2025-06-01 12:30:00,0,0,False,False,0,1.2732412599297157e-05,1.2767623242131231e-05,1.2769825198594314e-05,1.268e-05
1970-01-01 00:00:00.000000465,1748781900,2757,2025-06-01 12:45:00,0,0,False,False,0,1.271245629964858e-05,1.2750017920714193e-05,1.2750017920714193e-05,1.268e-05
1970-01-01 00:00:00.000000466,1748782800,78,2025-06-01 13:00:00,0,0,False,False,0,1.271747814982429e-05,1.2731237110181387e-05,1.2731237110181387e-05,1.271495629964858e-05
1970-01-01 00:00:00.000000467,1748783700,594,2025-06-01 13:15:00,0,0,False,False,0,1.2744989074912145e-05,1.2724357630002839e-05,1.278e-05,1.271747814982429e-05
1970-01-01 00:00:00.000000468,1748784600,5211,2025-06-01 13:30:00,0,0,False,False,0,1.2766869537456073e-05,1.2734673352457492e-05,1.28e-05,1.2734673352457492e-05
1970-01-01 00:00:00.000000469,1748785500,3247,2025-06-01 13:45:00,0,0,False,False,0,1.2783279884364018e-05,1.2750771444956782e-05,1.282e-05,1.2750771444956782e-05
1970-01-01 00:00:00.000000470,1748786400,2170,2025-06-01 14:00:00,0,0,False,False,0,1.2813279884364018e-05,1.2767025664660401e-05,1.286e-05,1.2767025664660401e-05
1970-01-01 00:00:00.000000471,1748787300,11102,2025-06-01 14:15:00,0,0,False,False,0,1.286913994218201e-05,1.279015277451221e-05,1.296e-05,1.279015277451221e-05
1970-01-01 00:00:00.000000472,1748788200,11388,2025-06-01 14:30:00,0,0,False,False,0,1.2897069971091005e-05,1.282964635834711e-05,1.296e-05,1.282964635834711e-05
1970-01-01 00:00:00.000000473,1748789100,12945,2025-06-01 14:45:00,0,0,False,False,0,1.29285349855455e-05,1.2863358164719056e-05,1.298e-05,1.2863358164719056e-05
1970-01-01 00:00:00.000000474,1748790000,1553,2025-06-01 15:00:00,0,0,False,False,0,1.2925258746386376e-05,1.2895946575132278e-05,1.294e-05,1.2895946575132278e-05
1970-01-01 00:00:00.000000475,1748790900,2379,2025-06-01 15:15:00,0,0,False,False,0,1.2922629373193189e-05,1.2910602660759327e-05,1.294e-05,1.29e-05
1970-01-01 00:00:00.000000476,1748791800,42395,2025-06-01 15:30:00,0,0,False,False,0,1.2951379373193188e-05,1.2916616016976258e-05,1.3e-05,1.2916616016976258e-05
1970-01-01 00:00:00.000000477,1748792700,476,2025-06-01 15:45:00,0,0,False,False,0,1.2940064686596594e-05,1.2933997695084724e-05,1.2940129373193188e-05,1.2933997695084724e-05
1970-01-01 00:00:00.000000478,1748793600,2311,2025-06-01 16:00:00,0,0,False,False,0,1.297751617164915e-05,1.293703119084066e-05,1.306e-05,1.292e-05
1970-01-01 00:00:00.000000479,1748794500,514,2025-06-01 16:15:00,0,0,False,False,0,1.3015016171649148e-05,1.2957273681244904e-05,1.308e-05,1.2957273681244904e-05
1970-01-01 00:00:00.000000480,1748795400,4469,2025-06-01 16:30:00,0,0,False,False,0,1.3011879042912287e-05,1.2986144926447027e-05,1.304e-05,1.298e-05
1970-01-01 00:00:00.000000481,1748796300,4848,2025-06-01 16:45:00,0,0,False,False,0,1.2995939521456144e-05,1.2999011984679657e-05,1.302e-05,1.296e-05
1970-01-01 00:00:00.000000482,1748797200,15,2025-06-01 17:00:00,0,0,False,False,0,1.2984689521456143e-05,1.29974757530679e-05,1.3001879042912286e-05,1.296e-05
1970-01-01 00:00:00.000000483,1748798100,2050,2025-06-01 17:15:00,0,0,False,False,0,1.2960469760728072e-05,1.2991082637262022e-05,1.2991082637262022e-05,1.292e-05
1970-01-01 00:00:00.000000484,1748799000,202,2025-06-01 17:30:00,0,0,False,False,0,1.2974179940182017e-05,1.2975776198995046e-05,1.3e-05,1.296e-05
1970-01-01 00:00:00.000000485,1748799900,22965,2025-06-01 17:45:00,0,0,False,False,0,1.3000429940182019e-05,1.297497806958853e-05,1.306e-05,1.2968359880364035e-05
1970-01-01 00:00:00.000000486,1748800800,4198,2025-06-01 18:00:00,0,0,False,False,0,1.2975419985045504e-05,1.2987704004885275e-05,1.3e-05,1.294e-05
1970-01-01 00:00:00.000000487,1748801700,672,2025-06-01 18:15:00,0,0,False,True,0,1.2927919985045505e-05,1.298156199496539e-05,1.298156199496539e-05,1.286e-05
1970-01-01 00:00:00.000000488,1748802600,795,2025-06-01 18:30:00,0,0,False,False,0,1.2892709992522752e-05,1.2954740990005447e-05,1.2954740990005447e-05,1.284e-05
1970-01-01 00:00:00.000000489,1748803500,4957,2025-06-01 18:45:00,0,1,False,False,0,1.2848854996261376e-05,1.29237254912641e-05,1.29237254912641e-05,1.28e-05
1970-01-01 00:00:00.000000490,1748804400,4,2025-06-01 19:00:00,0,0,False,False,0,1.2864427498130688e-05,1.2886290243762738e-05,1.2886290243762738e-05,1.2848854996261376e-05
1970-01-01 00:00:00.000000491,1748805300,40,2025-06-01 19:15:00,0,0,False,False,0,1.2868606874532672e-05,1.2875358870946714e-05,1.288e-05,1.286e-05
1970-01-01 00:00:00.000000492,1748806200,4116,2025-06-01 19:30:00,0,0,False,False,0,1.2888606874532672e-05,1.2871982872739693e-05,1.292e-05,1.2867213749065344e-05
1970-01-01 00:00:00.000000493,1748807100,117,2025-06-01 19:45:00,0,0,False,False,0,1.2897151718633168e-05,1.2880294873636182e-05,1.292e-05,1.288e-05
1970-01-01 00:00:00.000000494,1748808000,0,2025-06-01 20:00:00,0,0,False,False,0,1.2907151718633168e-05,1.2888723296134675e-05,1.292e-05,1.2888723296134675e-05
1970-01-01 00:00:00.000000495,1748808900,3963,2025-06-01 20:15:00,0,0,False,False,0,1.2913575859316583e-05,1.2897937507383921e-05,1.292e-05,1.2897937507383921e-05
1970-01-01 00:00:00.000000496,1748809800,0,2025-06-01 20:30:00,0,0,False,False,0,1.2916787929658291e-05,1.2905756683350251e-05,1.292e-05,1.2905756683350251e-05
1970-01-01 00:00:00.000000497,1748810700,0,2025-06-01 20:45:00,0,0,False,False,0,1.2918393964829146e-05,1.2911272306504272e-05,1.292e-05,1.2911272306504272e-05
1970-01-01 00:00:00.000000498,1748811600,0,2025-06-01 21:00:00,0,0,False,False,0,1.2919196982414573e-05,1.291483313566671e-05,1.292e-05,1.291483313566671e-05
1970-01-01 00:00:00.000000499,1748812500,1,2025-06-01 21:15:00,0,0,True,False,0,1.2929598491207288e-05,1.2917015059040642e-05,1.294e-05,1.2917015059040642e-05
1970-01-01 00:00:00.000000500,1748813400,2286,2025-06-01 21:30:00,0,0,False,False,0,1.2948549245603644e-05,1.2923306775123965e-05,1.298e-05,1.2923306775123965e-05
1970-01-01 00:00:00.000000501,1748814300,1,2025-06-01 21:45:00,0,0,False,False,0,1.2961149622801823e-05,1.2935928010363805e-05,1.298e-05,1.2935928010363805e-05
1970-01-01 00:00:00.000000502,1748815200,0,2025-06-01 22:00:00,1,0,False,False,0,1.297057481140091e-05,1.2948538816582815e-05,1.298e-05,1.2948538816582815e-05
1970-01-01 00:00:00.000000503,1748816100,0,2025-06-01 22:15:00,0,0,False,False,0,1.2975287405700456e-05,1.2959556813991862e-05,1.298e-05,1.2959556813991862e-05
1970-01-01 00:00:00.000000504,1748817000,0,2025-06-01 22:30:00,0,0,False,False,0,1.2977643702850227e-05,1.2967422109846159e-05,1.298e-05,1.2967422109846159e-05
1970-01-01 00:00:00.000000505,1748817900,0,2025-06-01 22:45:00,0,0,False,False,0,1.2978821851425114e-05,1.2972532906348194e-05,1.298e-05,1.2972532906348194e-05
1970-01-01 00:00:00.000000506,1748818800,0,2025-06-01 23:00:00,0,0,False,False,0,1.2979410925712557e-05,1.2975677378886654e-05,1.298e-05,1.2975677378886654e-05
1970-01-01 00:00:00.000000507,1748819700,0,2025-06-01 23:15:00,0,0,False,False,0,1.297970546285628e-05,1.2977544152299606e-05,1.298e-05,1.2977544152299606e-05
1970-01-01 00:00:00.000000508,1748820600,0,2025-06-01 23:30:00,0,0,False,False,0,1.2979852731428138e-05,1.2978624807577943e-05,1.298e-05,1.2978624807577943e-05
1970-01-01 00:00:00.000000509,1748821500,0,2025-06-01 23:45:00,0,0,False,False,0,1.297992636571407e-05,1.297923876950304e-05,1.298e-05,1.297923876950304e-05
1970-01-01 00:00:00.000000510,1748822400,0,2025-06-02 00:00:00,0,0,False,False,0,1.2979963182857035e-05,1.2979582567608556e-05,1.298e-05,1.2979582567608556e-05
1970-01-01 00:00:00.000000511,1748823300,0,2025-06-02 00:15:00,0,0,False,False,0,1.2979981591428517e-05,1.2979772875232796e-05,1.298e-05,1.2979772875232796e-05
1970-01-01 00:00:00.000000512,1748824200,2028,2025-06-02 00:30:00,0,0,False,False,0,1.2932490795714258e-05,1.2979877233330656e-05,1.2979981591428517e-05,1.288e-05
1970-01-01 00:00:00.000000513,1748825100,0,2025-06-02 00:45:00,0,0,False,False,0,1.291749539785713e-05,1.2956184014522457e-05,1.2956184014522457e-05,1.29e-05
1970-01-01 00:00:00.000000514,1748826000,0,2025-06-02 01:00:00,0,1,False,False,0,1.2908747698928565e-05,1.2936839706189794e-05,1.2936839706189794e-05,1.29e-05
1970-01-01 00:00:00.000000515,1748826900,0,2025-06-02 01:15:00,0,0,False,False,0,1.2904373849464283e-05,1.292279370255918e-05,1.292279370255918e-05,1.29e-05
1970-01-01 00:00:00.000000516,1748827800,140,2025-06-02 01:30:00,0,0,False,False,0,1.288468692473214e-05,1.2913583776011731e-05,1.2913583776011731e-05,1.286e-05
1970-01-01 00:00:00.000000517,1748828700,37,2025-06-02 01:45:00,0,0,False,False,0,1.2863593462366071e-05,1.2899135350371935e-05,1.2899135350371935e-05,1.284e-05
1970-01-01 00:00:00.000000518,1748829600,4,2025-06-02 02:00:00,0,0,False,True,0,1.2834296731183036e-05,1.2881364406369003e-05,1.2881364406369003e-05,1.28e-05
1970-01-01 00:00:00.000000519,1748830500,0,2025-06-02 02:15:00,0,0,False,False,0,1.2818398365591518e-05,1.285783056877602e-05,1.285783056877602e-05,1.28e-05
1970-01-01 00:00:00.000000520,1748831400,1600,2025-06-02 02:30:00,0,0,False,False,0,1.2826699182795759e-05,1.283811446718377e-05,1.284e-05,1.2818398365591518e-05
1970-01-01 00:00:00.000000521,1748832300,502,2025-06-02 02:45:00,0,0,False,True,0,1.279459959139788e-05,1.2832406824989764e-05,1.2832406824989764e-05,1.276e-05
1970-01-01 00:00:00.000000522,1748833200,1,2025-06-02 03:00:00,0,0,False,False,0,1.2768549795698941e-05,1.2813503208193822e-05,1.2813503208193822e-05,1.274e-05
1970-01-01 00:00:00.000000523,1748834100,2400,2025-06-02 03:15:00,0,0,False,True,0,1.273052489784947e-05,1.2791026501946383e-05,1.2791026501946383e-05,1.268e-05
1970-01-01 00:00:00.000000524,1748835000,692,2025-06-02 03:30:00,0,0,False,False,0,1.2758387448924735e-05,1.2760775699897927e-05,1.278e-05,1.2736774897849471e-05
1970-01-01 00:00:00.000000525,1748835900,2957,2025-06-02 03:45:00,0,0,False,False,0,1.2776693724462367e-05,1.2759581574411331e-05,1.28e-05,1.2758387448924735e-05
1970-01-01 00:00:00.000000526,1748836800,722,2025-06-02 04:00:00,0,0,False,False,0,1.2759596862231183e-05,1.2768137649436849e-05,1.2774193724462368e-05,1.274e-05
1970-01-01 00:00:00.000000527,1748837700,797,2025-06-02 04:15:00,0,0,False,False,0,1.2761048431115592e-05,1.2763867255834016e-05,1.2763867255834016e-05,1.276e-05
1970-01-01 00:00:00.000000528,1748838600,799,2025-06-02 04:30:00,0,0,False,False,0,1.2767762107778897e-05,1.2762457843474803e-05,1.278e-05,1.276e-05
1970-01-01 00:00:00.000000529,1748839500,11,2025-06-02 04:45:00,0,0,False,False,0,1.2772762107778898e-05,1.276510997562685e-05,1.278e-05,1.276510997562685e-05
1970-01-01 00:00:00.000000530,1748840400,3102,2025-06-02 05:00:00,0,0,False,False,0,1.2763190526944724e-05,1.2768936041702875e-05,1.278e-05,1.274e-05
1970-01-01 00:00:00.000000531,1748841300,2803,2025-06-02 05:15:00,0,0,False,False,0,1.2769095263472362e-05,1.2766063284323799e-05,1.278e-05,1.276e-05
1970-01-01 00:00:00.000000532,1748842200,206,2025-06-02 05:30:00,0,0,False,False,0,1.2749095263472362e-05,1.276757927389808e-05,1.2768190526944724e-05,1.272e-05
1970-01-01 00:00:00.000000533,1748843100,0,2025-06-02 05:45:00,0,0,False,False,0,1.2737047631736182e-05,1.2758337268685221e-05,1.2758337268685221e-05,1.272e-05
1970-01-01 00:00:00.000000534,1748844000,170,2025-06-02 06:00:00,0,0,False,False,0,1.274602381586809e-05,1.2747692450210701e-05,1.276e-05,1.2737047631736182e-05
1970-01-01 00:00:00.000000535,1748844900,0,2025-06-02 06:15:00,0,0,False,False,0,1.2751761907934046e-05,1.2746858133039396e-05,1.276e-05,1.2743523815868092e-05
1970-01-01 00:00:00.000000536,1748845800,700,2025-06-02 06:30:00,0,0,False,False,0,1.2755880953967023e-05,1.274931002048672e-05,1.276e-05,1.274931002048672e-05
1970-01-01 00:00:00.000000537,1748846700,703,2025-06-02 06:45:00,0,0,False,False,0,1.274794047698351e-05,1.2752595487226872e-05,1.2755880953967023e-05,1.274e-05
1970-01-01 00:00:00.000000538,1748847600,2106,2025-06-02 07:00:00,0,0,False,False,0,1.2749485119245877e-05,1.275026798210519e-05,1.276e-05,1.274e-05
1970-01-01 00:00:00.000000539,1748848500,2688,2025-06-02 07:15:00,0,0,True,False,0,1.2814485119245877e-05,1.2749876550675534e-05,1.29e-05,1.2748970238491756e-05
1970-01-01 00:00:00.000000540,1748849400,203,2025-06-02 07:30:00,1,0,False,False,1,1.282099255962294e-05,1.2782180834960705e-05,1.284e-05,1.2782180834960705e-05
1970-01-01 00:00:00.000000541,1748850300,658,2025-06-02 07:45:00,0,0,False,False,0,1.2819871279811469e-05,1.2801586697291821e-05,1.282e-05,1.2801586697291821e-05
1970-01-01 00:00:00.000000542,1748851200,0,2025-06-02 08:00:00,0,0,False,False,0,1.2819935639905736e-05,1.2810728988551645e-05,1.282e-05,1.2810728988551645e-05
1970-01-01 00:00:00.000000543,1748852100,200,2025-06-02 08:15:00,0,0,False,False,0,1.2829967819952867e-05,1.2815332314228691e-05,1.284e-05,1.2815332314228691e-05
1970-01-01 00:00:00.000000544,1748853000,0,2025-06-02 08:30:00,0,0,False,False,0,1.2834983909976433e-05,1.282265006709078e-05,1.284e-05,1.282265006709078e-05
1970-01-01 00:00:00.000000545,1748853900,0,2025-06-02 08:45:00,0,0,False,False,0,1.2837491954988217e-05,1.2828816988533606e-05,1.284e-05,1.2828816988533606e-05
1970-01-01 00:00:00.000000546,1748854800,1424,2025-06-02 09:00:00,0,0,False,True,0,1.277374597749411e-05,1.283315447176091e-05,1.2837491954988217e-05,1.27e-05
1970-01-01 00:00:00.000000547,1748855700,203,2025-06-02 09:15:00,0,1,False,False,-1,1.2741872988747054e-05,1.280345022462751e-05,1.280345022462751e-05,1.27e-05
1970-01-01 00:00:00.000000548,1748856600,1421,2025-06-02 09:30:00,0,0,False,False,0,1.2712186494373528e-05,1.2772661606687281e-05,1.2772661606687281e-05,1.268e-05
1970-01-01 00:00:00.000000549,1748857500,12225,2025-06-02 09:45:00,0,0,False,False,0,1.2683593247186763e-05,1.2742424050530405e-05,1.2742424050530405e-05,1.264e-05
1970-01-01 00:00:00.000000550,1748858400,1157,2025-06-02 10:00:00,0,0,False,False,0,1.266777331179669e-05,1.2713008648858585e-05,1.2713008648858585e-05,1.262e-05
1970-01-01 00:00:00.000000551,1748859300,0,2025-06-02 10:15:00,0,0,False,False,0,1.268777331179669e-05,1.2690390980327638e-05,1.27e-05,1.2675546623593382e-05
1970-01-01 00:00:00.000000552,1748860200,9968,2025-06-02 10:30:00,0,0,False,False,0,1.2676386655898344e-05,1.2689082146062164e-05,1.2689082146062164e-05,1.266e-05
1970-01-01 00:00:00.000000553,1748861100,918,2025-06-02 10:45:00,0,0,False,False,0,1.2689443327949173e-05,1.2682734400980253e-05,1.27e-05,1.2678886655898346e-05
1970-01-01 00:00:00.000000554,1748862000,6559,2025-06-02 11:00:00,0,0,False,False,0,1.2719860831987291e-05,1.2686088864464713e-05,1.278e-05,1.268e-05
1970-01-01 00:00:00.000000555,1748862900,0,2025-06-02 11:15:00,0,0,False,False,0,1.2744860831987292e-05,1.2702974848226002e-05,1.278e-05,1.2702974848226002e-05
1970-01-01 00:00:00.000000556,1748863800,0,2025-06-02 11:30:00,1,0,False,False,0,1.2762430415993646e-05,1.2723917840106647e-05,1.278e-05,1.2723917840106647e-05
1970-01-01 00:00:00.000000557,1748864700,0,2025-06-02 11:45:00,0,0,False,False,0,1.2771215207996823e-05,1.2743174128050147e-05,1.278e-05,1.2743174128050147e-05
1970-01-01 00:00:00.000000558,1748865600,0,2025-06-02 12:00:00,0,0,False,False,0,1.2775607603998411e-05,1.2757194668023485e-05,1.278e-05,1.2757194668023485e-05
1970-01-01 00:00:00.000000559,1748866500,3,2025-06-02 12:15:00,0,0,False,False,0,1.2735303801999205e-05,1.2766401136010948e-05,1.2775607603998411e-05,1.268e-05
1970-01-01 00:00:00.000000560,1748867400,0,2025-06-02 12:30:00,0,0,False,False,0,1.2731401900999603e-05,1.2750852469005076e-05,1.2750852469005076e-05,1.272e-05
1970-01-01 00:00:00.000000561,1748868300,1919,2025-06-02 12:45:00,0,0,True,False,0,1.27832009504998e-05,1.274112718500234e-05,1.284e-05,1.2731401900999603e-05
1970-01-01 00:00:00.000000562,1748869200,0,2025-06-02 13:00:00,0,0,False,False,0,1.2800350475249902e-05,1.276216406775107e-05,1.282e-05,1.276216406775107e-05
1970-01-01 00:00:00.000000563,1748870100,2335,2025-06-02 13:15:00,0,0,False,False,0,1.2815087618812476e-05,1.2781257271500485e-05,1.286e-05,1.278e-05
1970-01-01 00:00:00.000000564,1748871000,1656,2025-06-02 13:30:00,0,0,False,False,0,1.2823793809406238e-05,1.279817244515648e-05,1.286e-05,1.279817244515648e-05
1970-01-01 00:00:00.000000565,1748871900,2199,2025-06-02 13:45:00,0,0,False,False,0,1.2804396904703119e-05,1.2810983127281359e-05,1.284e-05,1.276e-05
1970-01-01 00:00:00.000000566,1748872800,1872,2025-06-02 14:00:00,0,0,False,False,0,1.2809698452351559e-05,1.2807690015992238e-05,1.282e-05,1.28e-05
1970-01-01 00:00:00.000000567,1748873700,306,2025-06-02 14:15:00,0,0,False,False,0,1.280469845235156e-05,1.28086942341719e-05,1.280939690470312e-05,1.28e-05
1970-01-01 00:00:00.000000568,1748874600,633,2025-06-02 14:30:00,0,0,False,False,0,1.2832349226175781e-05,1.280669634326173e-05,1.286e-05,1.280469845235156e-05
1970-01-01 00:00:00.000000569,1748875500,0,2025-06-02 14:45:00,0,0,False,False,0,1.2846174613087892e-05,1.2819522784718754e-05,1.286e-05,1.2819522784718754e-05
1970-01-01 00:00:00.000000570,1748876400,1,2025-06-02 15:00:00,0,0,False,False,0,1.2813087306543943e-05,1.2832848698903322e-05,1.284617461308789e-05,1.278e-05
1970-01-01 00:00:00.000000571,1748877300,0,2025-06-02 15:15:00,0,0,False,False,0,1.2796543653271971e-05,1.2822968002723633e-05,1.2822968002723633e-05,1.278e-05
1970-01-01 00:00:00.000000572,1748878200,225,2025-06-02 15:30:00,0,0,False,False,0,1.2835771826635988e-05,1.2809755827997802e-05,1.288e-05,1.2796543653271971e-05
1970-01-01 00:00:00.000000573,1748879100,210,2025-06-02 15:45:00,0,0,False,False,0,1.2864135913317993e-05,1.2822763827316894e-05,1.29e-05,1.2822763827316894e-05
1970-01-01 00:00:00.000000574,1748880000,40,2025-06-02 16:00:00,0,0,False,False,0,1.2860817956658998e-05,1.2843449870317443e-05,1.2861635913317993e-05,1.2843449870317443e-05
1970-01-01 00:00:00.000000575,1748880900,25,2025-06-02 16:15:00,0,0,False,False,0,1.2830408978329499e-05,1.285213391348822e-05,1.2860817956658998e-05,1.28e-05
1970-01-01 00:00:00.000000576,1748881800,574,2025-06-02 16:30:00,0,0,False,False,0,1.2815204489164749e-05,1.284127144590886e-05,1.284127144590886e-05,1.28e-05
1970-01-01 00:00:00.000000577,1748882700,10,2025-06-02 16:45:00,0,0,False,False,0,1.2807602244582374e-05,1.2828237967536804e-05,1.2828237967536804e-05,1.28e-05
1970-01-01 00:00:00.000000578,1748883600,0,2025-06-02 17:00:00,0,0,False,False,0,1.2803801122291187e-05,1.281792010605959e-05,1.281792010605959e-05,1.28e-05
1970-01-01 00:00:00.000000579,1748884500,600,2025-06-02 17:15:00,0,0,False,False,0,1.2851900561145593e-05,1.2810860614175388e-05,1.29e-05,1.2803801122291187e-05
1970-01-01 00:00:00.000000580,1748885400,85,2025-06-02 17:30:00,0,0,False,False,0,1.2865950280572798e-05,1.283138058766049e-05,1.288e-05,1.283138058766049e-05
1970-01-01 00:00:00.000000581,1748886300,7,2025-06-02 17:45:00,0,0,False,False,0,1.28829751402864e-05,1.2848665434116644e-05,1.29e-05,1.2848665434116644e-05
1970-01-01 00:00:00.000000582,1748887200,1025,2025-06-02 18:00:00,0,0,False,False,0,1.28957437850716e-05,1.2865820287201523e-05,1.292e-05,1.2865820287201523e-05
1970-01-01 00:00:00.000000583,1748888100,400,2025-06-02 18:15:00,0,0,False,False,0,1.2915743785071601e-05,1.2880782036136561e-05,1.294e-05,1.2880782036136561e-05
1970-01-01 00:00:00.000000584,1748889000,35,2025-06-02 18:30:00,0,0,False,False,0,1.2917871892535799e-05,1.2898262910604082e-05,1.292e-05,1.2898262910604082e-05
1970-01-01 00:00:00.000000585,1748889900,35,2025-06-02 18:45:00,0,0,False,False,0,1.2898935946267899e-05,1.290806740156994e-05,1.2917871892535799e-05,1.288e-05
1970-01-01 00:00:00.000000586,1748890800,76,2025-06-02 19:00:00,0,0,True,False,0,1.292696797313395e-05,1.290350167391892e-05,1.296e-05,1.28989359462679e-05
1970-01-01 00:00:00.000000587,1748891700,164,2025-06-02 19:15:00,0,0,False,False,0,1.2897233986566974e-05,1.2915234823526435e-05,1.292446797313395e-05,1.286e-05
1970-01-01 00:00:00.000000588,1748892600,86,2025-06-02 19:30:00,0,0,False,False,0,1.2863616993283486e-05,1.2906234405046705e-05,1.2906234405046705e-05,1.282e-05
1970-01-01 00:00:00.000000589,1748893500,0,2025-06-02 19:45:00,0,0,False,False,0,1.2843058496641744e-05,1.2884925699165095e-05,1.2884925699165095e-05,1.282e-05
1970-01-01 00:00:00.000000590,1748894400,0,2025-06-02 20:00:00,0,0,False,False,0,1.2831529248320871e-05,1.286399209790342e-05,1.286399209790342e-05,1.282e-05
1970-01-01 00:00:00.000000591,1748895300,0,2025-06-02 20:15:00,0,0,False,False,0,1.2825764624160435e-05,1.2847760673112146e-05,1.2847760673112146e-05,1.282e-05
1970-01-01 00:00:00.000000592,1748896200,0,2025-06-02 20:30:00,0,1,False,False,0,1.2822882312080219e-05,1.283676264863629e-05,1.283676264863629e-05,1.282e-05
1970-01-01 00:00:00.000000593,1748897100,0,2025-06-02 20:45:00,0,0,False,False,0,1.2821441156040109e-05,1.2829822480358255e-05,1.2829822480358255e-05,1.282e-05
1970-01-01 00:00:00.000000594,1748898000,241,2025-06-02 21:00:00,1,0,True,False,1,1.2925720578020054e-05,1.2825631818199183e-05,1.304e-05,1.2821441156040109e-05
1970-01-01 00:00:00.000000595,1748898900,0,2025-06-02 21:15:00,0,0,False,False,0,1.2980360289010026e-05,1.287567619810962e-05,1.304e-05,1.287567619810962e-05
1970-01-01 00:00:00.000000596,1748899800,0,2025-06-02 21:30:00,0,0,False,False,0,1.3010180144505015e-05,1.2928018243559823e-05,1.304e-05,1.2928018243559823e-05
1970-01-01 00:00:00.000000597,1748900700,0,2025-06-02 21:45:00,0,0,False,False,0,1.3025090072252508e-05,1.2969099194032419e-05,1.304e-05,1.2969099194032419e-05
1970-01-01 00:00:00.000000598,1748901600,0,2025-06-02 22:00:00,0,0,False,False,0,1.3032545036126254e-05,1.2997094633142462e-05,1.304e-05,1.2997094633142462e-05
1970-01-01 00:00:00.000000599,1748902500,20,2025-06-02 22:15:00,0,0,True,False,0,1.3093772518063126e-05,1.3014819834634358e-05,1.316e-05,1.3014819834634358e-05
1970-01-01 00:00:00.000000600,1748903400,5896,2025-06-02 22:30:00,0,0,False,False,0,1.3130636259031563e-05,1.3054296176348743e-05,1.318e-05,1.3054296176348743e-05
1970-01-01 00:00:00.000000601,1748904300,0,2025-06-02 22:45:00,0,0,False,False,0,1.3152818129515781e-05,1.3092466217690153e-05,1.318e-05,1.3092466217690153e-05
1970-01-01 00:00:00.000000602,1748905200,0,2025-06-02 23:00:00,0,0,False,False,0,1.316640906475789e-05,1.3122642173602967e-05,1.318e-05,1.3122642173602967e-05
1970-01-01 00:00:00.000000603,1748906100,0,2025-06-02 23:15:00,0,0,False,False,0,1.3173204532378944e-05,1.3144525619180428e-05,1.318e-05,1.3144525619180428e-05
1970-01-01 00:00:00.000000604,1748907000,230,2025-06-02 23:30:00,0,0,False,False,0,1.3176602266189473e-05,1.3158865075779685e-05,1.318e-05,1.3158865075779685e-05
1970-01-01 00:00:00.000000605,1748907900,0,2025-06-02 23:45:00,0,0,False,False,0,1.3178301133094736e-05,1.3167733670984579e-05,1.318e-05,1.3167733670984579e-05
1970-01-01 00:00:00.000000606,1748908800,0,2025-06-03 00:00:00,0,0,False,False,0,1.3179150566547368e-05,1.3173017402039657e-05,1.318e-05,1.3173017402039657e-05
1970-01-01 00:00:00.000000607,1748909700,0,2025-06-03 00:15:00,0,0,False,False,0,1.3179575283273682e-05,1.3176083984293512e-05,1.318e-05,1.3176083984293512e-05
1970-01-01 00:00:00.000000608,1748910600,0,2025-06-03 00:30:00,0,0,False,False,0,1.317978764163684e-05,1.3177829633783597e-05,1.318e-05,1.3177829633783597e-05
1970-01-01 00:00:00.000000609,1748911500,627,2025-06-03 00:45:00,0,0,False,False,0,1.317989382081842e-05,1.317880863771022e-05,1.318e-05,1.317880863771022e-05
1970-01-01 00:00:00.000000610,1748912400,1520,2025-06-03 01:00:00,0,0,False,False,0,1.3172473455204606e-05,1.317935122926432e-05,1.32e-05,1.314e-05
1970-01-01 00:00:00.000000611,1748913300,11875,2025-06-03 01:15:00,0,0,False,False,0,1.3217473455204606e-05,1.3175912342234463e-05,1.328e-05,1.317494691040921e-05
1970-01-01 00:00:00.000000612,1748914200,10437,2025-06-03 01:30:00,0,0,False,False,0,1.320936836380115e-05,1.3196692898719535e-05,1.328e-05,1.314e-05
1970-01-01 00:00:00.000000613,1748915100,7577,2025-06-03 01:45:00,0,0,False,False,0,1.3217184181900575e-05,1.3203030631260343e-05,1.33e-05,1.314e-05
1970-01-01 00:00:00.000000614,1748916000,1708,2025-06-03 02:00:00,0,0,False,False,0,1.3218592090950287e-05,1.321010740658046e-05,1.33e-05,1.314e-05
1970-01-01 00:00:00.000000615,1748916900,2887,2025-06-03 02:15:00,0,0,False,False,0,1.3229296045475144e-05,1.3214349748765373e-05,1.33e-05,1.314e-05
1970-01-01 00:00:00.000000616,1748917800,4453,2025-06-03 02:30:00,0,0,False,False,0,1.323214802273757e-05,1.3221822897120258e-05,1.332e-05,1.314e-05
1970-01-01 00:00:00.000000617,1748918700,3617,2025-06-03 02:45:00,0,0,False,False,0,1.3231074011368786e-05,1.3226985459928915e-05,1.332e-05,1.314e-05
1970-01-01 00:00:00.000000618,1748919600,2493,2025-06-03 03:00:00,0,0,False,False,0,1.3236787005684392e-05,1.322902973564885e-05,1.334e-05,1.314e-05
1970-01-01 00:00:00.000000619,1748920500,2397,2025-06-03 03:15:00,0,0,False,False,0,1.3280537005684391e-05,1.323290837066662e-05,1.334e-05,1.323290837066662e-05
1970-01-01 00:00:00.000000620,1748921400,2303,2025-06-03 03:30:00,0,0,False,False,0,1.3219643502842196e-05,1.3256722688175506e-05,1.3274287005684391e-05,1.314e-05
1970-01-01 00:00:00.000000621,1748922300,850,2025-06-03 03:45:00,0,0,False,False,0,1.3286071751421097e-05,1.3238183095508852e-05,1.334e-05,1.3232143502842196e-05
1970-01-01 00:00:00.000000622,1748923200,1520,2025-06-03 04:00:00,0,0,False,False,0,1.3251517937855272e-05,1.3262127423464974e-05,1.334e-05,1.314e-05
1970-01-01 00:00:00.000000623,1748924100,337,2025-06-03 04:15:00,0,0,False,False,0,1.3233258968927637e-05,1.3256822680660123e-05,1.334e-05,1.314e-05
1970-01-01 00:00:00.000000624,1748925000,1288,2025-06-03 04:30:00,0,0,False,False,0,1.3224129484463818e-05,1.324504082479388e-05,1.334e-05,1.314e-05
1970-01-01 00:00:00.000000625,1748925900,4,2025-06-03 04:45:00,0,0,False,False,0,1.3219564742231908e-05,1.3234585154628849e-05,1.334e-05,1.314e-05
1970-01-01 00:00:00.000000626,1748926800,1000,2025-06-03 05:00:00,0,0,False,False,0,1.3269564742231908e-05,1.3227074948430378e-05,1.334e-05,1.3199129484463818e-05
1970-01-01 00:00:00.000000627,1748927700,2623,2025-06-03 05:15:00,0,0,False,False,0,1.3234891185557978e-05,1.3248319845331143e-05,1.334e-05,1.314e-05
1970-01-01 00:00:00.000000628,1748928600,4155,2025-06-03 05:30:00,0,0,False,False,0,1.3244945592778988e-05,1.324160551544456e-05,1.336e-05,1.314e-05
1970-01-01 00:00:00.000000629,1748929500,1152,2025-06-03 05:45:00,0,0,False,False,0,1.3272472796389495e-05,1.3243275554111774e-05,1.336e-05,1.32e-05
1970-01-01 00:00:00.000000630,1748930400,0,2025-06-03 06:00:00,0,0,False,False,0,1.3252472796389495e-05,1.3257874175250635e-05,1.3264945592778988e-05,1.324e-05
1970-01-01 00:00:00.000000631,1748931300,1728,2025-06-03 06:15:00,0,0,False,True,0,1.3209986398194746e-05,1.3255173485820064e-05,1.3255173485820064e-05,1.316e-05
1970-01-01 00:00:00.000000632,1748932200,770,2025-06-03 06:30:00,0,0,False,False,0,1.3195934099548687e-05,1.3232579942007406e-05,1.3232579942007406e-05,1.316e-05
1970-01-01 00:00:00.000000633,1748933100,0,2025-06-03 06:45:00,0,0,False,False,0,1.3210934099548688e-05,1.3214257020778046e-05,1.322e-05,1.3201868199097373e-05
1970-01-01 00:00:00.000000634,1748934000,1310,2025-06-03 07:00:00,0,0,False,False,0,1.3215233524887171e-05,1.3212595560163367e-05,1.323e-05,1.32e-05
1970-01-01 00:00:00.000000635,1748934900,874,2025-06-03 07:15:00,0,0,False,False,0,1.3200233524887172e-05,1.3213914542525269e-05,1.3215467049774345e-05,1.318e-05
1970-01-01 00:00:00.000000636,1748935800,3235,2025-06-03 07:30:00,0,0,False,False,0,1.3193866762443586e-05,1.320707403370622e-05,1.320707403370622e-05,1.318e-05
1970-01-01 00:00:00.000000637,1748936700,1082,2025-06-03 07:45:00,0,0,False,False,0,1.3184091690610897e-05,1.3200470398074904e-05,1.3200470398074904e-05,1.316e-05
1970-01-01 00:00:00.000000638,1748937600,2008,2025-06-03 08:00:00,0,1,False,True,-1,1.3156591690610896e-05,1.31922810443429e-05,1.31922810443429e-05,1.312e-05
1970-01-01 00:00:00.000000639,1748938500,2598,2025-06-03 08:15:00,0,0,False,False,0,1.3109545845305447e-05,1.3174436367476898e-05,1.3174436367476898e-05,1.304e-05
1970-01-01 00:00:00.000000640,1748939400,7391,2025-06-03 08:30:00,0,0,False,False,0,1.3096022922652723e-05,1.3141991106391173e-05,1.3141991106391173e-05,1.306e-05
1970-01-01 00:00:00.000000641,1748940300,2081,2025-06-03 08:45:00,0,0,False,False,0,1.3094318230663179e-05,1.3119007014521948e-05,1.312e-05,1.306e-05
1970-01-01 00:00:00.000000642,1748941200,4738,2025-06-03 09:00:00,0,0,False,False,0,1.3114318230663179e-05,1.3106662622592564e-05,1.314e-05,1.3098636461326361e-05
1970-01-01 00:00:00.000000643,1748942100,5,2025-06-03 09:15:00,0,0,False,False,0,1.310465911533159e-05,1.3110490426627872e-05,1.3110490426627872e-05,1.31e-05
1970-01-01 00:00:00.000000644,1748943000,0,2025-06-03 09:30:00,0,0,False,False,0,1.3102329557665795e-05,1.3107574770979731e-05,1.3107574770979731e-05,1.31e-05
1970-01-01 00:00:00.000000645,1748943900,508,2025-06-03 09:45:00,0,0,False,False,0,1.3137414778832897e-05,1.3104952164322763e-05,1.318e-05,1.3102329557665795e-05
1970-01-01 00:00:00.000000646,1748944800,6649,2025-06-03 10:00:00,0,0,False,False,0,1.316058238941645e-05,1.312118347157783e-05,1.32e-05,1.312118347157783e-05
1970-01-01 00:00:00.000000647,1748945700,3000,2025-06-03 10:15:00,0,0,False,False,0,1.3174666194708226e-05,1.314088293049714e-05,1.32e-05,1.314088293049714e-05
1970-01-01 00:00:00.000000648,1748946600,10,2025-06-03 10:30:00,0,0,False,False,0,1.3170541548677054e-05,1.3157774562602682e-05,1.318e-05,1.3157774562602682e-05
1970-01-01 00:00:00.000000649,1748947500,2506,2025-06-03 10:45:00,0,0,False,False,0,1.3162770774338527e-05,1.3164158055639868e-05,1.318e-05,1.314e-05
1970-01-01 00:00:00.000000650,1748948400,1,2025-06-03 11:00:00,0,0,False,False,0,1.3172770774338528e-05,1.3163464414989198e-05,1.318e-05,1.3163464414989198e-05
1970-01-01 00:00:00.000000651,1748949300,0,2025-06-03 11:15:00,0,0,False,False,0,1.3176385387169264e-05,1.3168117594663863e-05,1.318e-05,1.3168117594663863e-05
1970-01-01 00:00:00.000000652,1748950200,155,2025-06-03 11:30:00,0,0,False,False,0,1.3158192693584632e-05,1.3172251490916564e-05,1.3176385387169264e-05,1.314e-05
1970-01-01 00:00:00.000000653,1748951100,0,2025-06-03 11:45:00,0,0,False,False,0,1.3149096346792316e-05,1.3165222092250598e-05,1.3165222092250598e-05,1.314e-05
1970-01-01 00:00:00.000000654,1748952000,1927,2025-06-03 12:00:00,0,0,False,True,0,1.3129548173396157e-05,1.3157159219521458e-05,1.3157159219521458e-05,1.31e-05
1970-01-01 00:00:00.000000655,1748952900,0,2025-06-03 12:15:00,0,0,False,False,0,1.3137274086698079e-05,1.3143353696458807e-05,1.3143353696458807e-05,1.3134548173396158e-05
1970-01-01 00:00:00.000000656,1748953800,1193,2025-06-03 12:30:00,0,0,False,False,0,1.3148637043349038e-05,1.3140313891578443e-05,1.316e-05,1.3137274086698079e-05
1970-01-01 00:00:00.000000657,1748954700,0,2025-06-03 12:45:00,0,0,False,False,0,1.315431852167452e-05,1.314447546746374e-05,1.316e-05,1.314447546746374e-05
1970-01-01 00:00:00.000000658,1748955600,6013,2025-06-03 13:00:00,0,0,True,False,0,1.3182159260837259e-05,1.3149396994569131e-05,1.322e-05,1.3149396994569131e-05
1970-01-01 00:00:00.000000659,1748956500,1,2025-06-03 13:15:00,1,0,False,False,1,1.320857963041863e-05,1.3165778127703195e-05,1.324e-05,1.3165778127703195e-05
1970-01-01 00:00:00.000000660,1748957400,235,2025-06-03 13:30:00,0,0,False,False,0,1.320964490760466e-05,1.3187178879060913e-05,1.322e-05,1.3187178879060913e-05
1970-01-01 00:00:00.000000661,1748958300,5,2025-06-03 13:45:00,0,0,False,False,0,1.3204644907604659e-05,1.3198411893332787e-05,1.3209289815209315e-05,1.3198411893332787e-05
1970-01-01 00:00:00.000000662,1748959200,301,2025-06-03 14:00:00,0,0,False,False,0,1.3167322453802328e-05,1.3201528400468723e-05,1.3204644907604659e-05,1.312e-05
1970-01-01 00:00:00.000000663,1748960100,327,2025-06-03 14:15:00,0,0,False,False,0,1.3176161226901164e-05,1.3184425427135526e-05,1.3184425427135526e-05,1.317232245380233e-05
1970-01-01 00:00:00.000000664,1748961000,100,2025-06-03 14:30:00,0,0,False,False,0,1.3178080613450582e-05,1.3180293327018344e-05,1.3180293327018344e-05,1.3176161226901164e-05
1970-01-01 00:00:00.000000665,1748961900,7178,2025-06-03 14:45:00,0,0,True,False,0,1.3240290306725291e-05,1.3179186970234463e-05,1.332e-05,1.3178080613450582e-05
1970-01-01 00:00:00.000000666,1748962800,0,2025-06-03 15:00:00,0,0,False,False,0,1.3275770153362644e-05,1.3209738638479877e-05,1.332e-05,1.3209738638479877e-05
1970-01-01 00:00:00.000000667,1748963700,4601,2025-06-03 15:15:00,0,0,False,False,0,1.3300385076681321e-05,1.324275439592126e-05,1.334e-05,1.324275439592126e-05
1970-01-01 00:00:00.000000668,1748964600,4067,2025-06-03 15:30:00,0,0,False,False,0,1.3285721269170331e-05,1.3271569736301291e-05,1.33e-05,1.326e-05
1970-01-01 00:00:00.000000669,1748965500,10012,2025-06-03 15:45:00,0,0,True,False,0,1.332697126917033e-05,1.3278645502735811e-05,1.338e-05,1.3278645502735811e-05
1970-01-01 00:00:00.000000670,1748966400,0,2025-06-03 16:00:00,0,0,False,False,0,1.3349110634585166e-05,1.330280838595307e-05,1.338e-05,1.330280838595307e-05
1970-01-01 00:00:00.000000671,1748967300,5,2025-06-03 16:15:00,0,0,False,False,0,1.3284555317292582e-05,1.332595951026912e-05,1.3349110634585166e-05,1.322e-05
1970-01-01 00:00:00.000000672,1748968200,2152,2025-06-03 16:30:00,0,0,False,False,0,1.3239777658646293e-05,1.3305257413780852e-05,1.3305257413780852e-05,1.318e-05
1970-01-01 00:00:00.000000673,1748969100,5736,2025-06-03 16:45:00,0,1,False,False,0,1.3207388829323146e-05,1.3272517536213572e-05,1.3272517536213572e-05,1.316e-05
1970-01-01 00:00:00.000000674,1748970000,1418,2025-06-03 17:00:00,0,0,False,False,0,1.3205569414661574e-05,1.3239953182768358e-05,1.3239953182768358e-05,1.32e-05
1970-01-01 00:00:00.000000675,1748970900,20,2025-06-03 17:15:00,0,0,False,False,0,1.3232784707330786e-05,1.3222761298714966e-05,1.326e-05,1.3205569414661574e-05
1970-01-01 00:00:00.000000676,1748971800,2870,2025-06-03 17:30:00,0,0,False,False,0,1.3243892353665392e-05,1.3227773003022876e-05,1.326e-05,1.3227773003022876e-05
1970-01-01 00:00:00.000000677,1748972700,2870,2025-06-03 17:45:00,0,0,False,True,0,1.3210696176832696e-05,1.3235832678344134e-05,1.3241392353665393e-05,1.318e-05
1970-01-01 00:00:00.000000678,1748973600,0,2025-06-03 18:00:00,0,0,False,False,0,1.3195348088416347e-05,1.3223264427588416e-05,1.3223264427588416e-05,1.318e-05
1970-01-01 00:00:00.000000679,1748974500,2088,2025-06-03 18:15:00,0,0,False,False,0,1.3180174044208173e-05,1.3209306258002382e-05,1.3209306258002382e-05,1.316e-05
1970-01-01 00:00:00.000000680,1748975400,120,2025-06-03 18:30:00,0,0,False,False,0,1.3163837022104088e-05,1.3194740151105277e-05,1.3194740151105277e-05,1.314e-05
1970-01-01 00:00:00.000000681,1748976300,0,2025-06-03 18:45:00,0,0,False,False,0,1.3163168511052045e-05,1.3179288586604683e-05,1.3179288586604683e-05,1.316e-05
1970-01-01 00:00:00.000000682,1748977200,874,2025-06-03 19:00:00,0,0,False,False,0,1.3179084255526022e-05,1.3171228548828364e-05,1.32e-05,1.3163168511052044e-05
1970-01-01 00:00:00.000000683,1748978100,0,2025-06-03 19:15:00,0,0,False,False,0,1.3188292127763013e-05,1.3175156402177193e-05,1.32e-05,1.3175156402177193e-05
1970-01-01 00:00:00.000000684,1748979000,20,2025-06-03 19:30:00,0,0,False,False,0,1.3201646063881509e-05,1.3181724264970102e-05,1.322e-05,1.3181724264970102e-05
1970-01-01 00:00:00.000000685,1748979900,43,2025-06-03 19:45:00,0,0,False,False,0,1.3201036515970377e-05,1.3191685164425805e-05,1.322e-05,1.318e-05
1970-01-01 00:00:00.000000686,1748980800,0,2025-06-03 20:00:00,0,0,False,False,0,1.3211036515970377e-05,1.3196360840198091e-05,1.322e-05,1.3196360840198091e-05
1970-01-01 00:00:00.000000687,1748981700,1429,2025-06-03 20:15:00,0,0,False,True,0,1.3130518257985189e-05,1.3203698678084235e-05,1.3211036515970377e-05,1.304e-05
1970-01-01 00:00:00.000000688,1748982600,159,2025-06-03 20:30:00,0,0,False,False,0,1.3105259128992594e-05,1.3167108468034713e-05,1.3167108468034713e-05,1.306e-05
1970-01-01 00:00:00.000000689,1748983500,0,2025-06-03 20:45:00,0,0,False,False,0,1.3116379564496296e-05,1.3136183798513653e-05,1.3136183798513653e-05,1.3112759128992593e-05
1970-01-01 00:00:00.000000690,1748984400,0,2025-06-03 21:00:00,0,0,False,False,0,1.3118189782248146e-05,1.3126281681504974e-05,1.3126281681504974e-05,1.3116379564496296e-05
1970-01-01 00:00:00.000000691,1748985300,0,2025-06-03 21:15:00,0,0,False,False,0,1.3119094891124073e-05,1.312223573187656e-05,1.312223573187656e-05,1.3118189782248148e-05
1970-01-01 00:00:00.000000692,1748986200,0,2025-06-03 21:30:00,0,0,False,False,0,1.3119547445562035e-05,1.3120665311500316e-05,1.3120665311500316e-05,1.3119094891124073e-05
1970-01-01 00:00:00.000000693,1748987100,16169,2025-06-03 21:45:00,0,0,False,False,0,1.3042273722781018e-05,1.3120106378531175e-05,1.3120106378531175e-05,1.296e-05
1970-01-01 00:00:00.000000694,1748988000,0,2025-06-03 22:00:00,0,0,False,False,0,1.3002386861390507e-05,1.3081190050656096e-05,1.3081190050656096e-05,1.296e-05
1970-01-01 00:00:00.000000695,1748988900,0,2025-06-03 22:15:00,0,0,False,False,0,1.2981193430695254e-05,1.3041788456023303e-05,1.3041788456023303e-05,1.296e-05
1970-01-01 00:00:00.000000696,1748989800,0,2025-06-03 22:30:00,0,0,False,False,0,1.2970596715347627e-05,1.3011490943359277e-05,1.3011490943359277e-05,1.296e-05
1970-01-01 00:00:00.000000697,1748990700,0,2025-06-03 22:45:00,0,0,False,False,0,1.2965298357673813e-05,1.2991043829353451e-05,1.2991043829353451e-05,1.296e-05
1970-01-01 00:00:00.000000698,1748991600,0,2025-06-03 23:00:00,0,0,False,False,0,1.2962649178836906e-05,1.2978171093513631e-05,1.2978171093513631e-05,1.296e-05
1970-01-01 00:00:00.000000699,1748992500,0,2025-06-03 23:15:00,0,0,False,False,0,1.2961324589418452e-05,1.2970410136175269e-05,1.2970410136175269e-05,1.296e-05
1970-01-01 00:00:00.000000700,1748993400,0,2025-06-03 23:30:00,0,0,False,False,0,1.2960662294709226e-05,1.296586736279686e-05,1.296586736279686e-05,1.296e-05
1970-01-01 00:00:00.000000701,1748994300,0,2025-06-03 23:45:00,0,0,False,False,0,1.2960331147354612e-05,1.2963264828753043e-05,1.2963264828753043e-05,1.296e-05
1970-01-01 00:00:00.000000702,1748995200,0,2025-06-04 00:00:00,0,0,False,False,0,1.2960165573677305e-05,1.2961797988053826e-05,1.2961797988053826e-05,1.296e-05
1970-01-01 00:00:00.000000703,1748996100,0,2025-06-04 00:15:00,0,0,False,False,0,1.2960082786838651e-05,1.2960981780865566e-05,1.2960981780865566e-05,1.296e-05
1970-01-01 00:00:00.000000704,1748997000,0,2025-06-04 00:30:00,0,0,False,False,0,1.2960041393419325e-05,1.2960532283852108e-05,1.2960532283852108e-05,1.296e-05
1970-01-01 00:00:00.000000705,1748997900,3062,2025-06-04 00:45:00,0,0,False,False,0,1.3002520696709662e-05,1.2960286838635717e-05,1.306e-05,1.2960041393419326e-05
1970-01-01 00:00:00.000000706,1748998800,0,2025-06-04 01:00:00,0,0,False,False,0,1.3027510348354831e-05,1.298140376767269e-05,1.306e-05,1.298140376767269e-05
1970-01-01 00:00:00.000000707,1748999700,87,2025-06-04 01:15:00,1,0,True,False,1,1.3073755174177415e-05,1.300445705801376e-05,1.312e-05,1.300445705801376e-05
1970-01-01 00:00:00.000000708,1749000600,0,2025-06-04 01:30:00,0,0,False,False,0,1.3096877587088707e-05,1.3039106116095588e-05,1.312e-05,1.3039106116095588e-05
1970-01-01 00:00:00.000000709,1749001500,0,2025-06-04 01:45:00,0,0,False,False,0,1.3108438793544353e-05,1.3067991851592147e-05,1.312e-05,1.3067991851592147e-05
1970-01-01 00:00:00.000000710,1749002400,0,2025-06-04 02:00:00,0,0,False,False,0,1.3114219396772177e-05,1.3088215322568251e-05,1.312e-05,1.3088215322568251e-05
1970-01-01 00:00:00.000000711,1749003300,0,2025-06-04 02:15:00,0,0,False,False,0,1.3117109698386086e-05,1.3101217359670214e-05,1.312e-05,1.3101217359670214e-05
1970-01-01 00:00:00.000000712,1749004200,0,2025-06-04 02:30:00,0,0,False,False,0,1.3118554849193045e-05,1.3109163529028151e-05,1.312e-05,1.3109163529028151e-05
1970-01-01 00:00:00.000000713,1749005100,2447,2025-06-04 02:45:00,0,0,False,False,0,1.3101777424596523e-05,1.3113859189110598e-05,1.3118554849193045e-05,1.308e-05
1970-01-01 00:00:00.000000714,1749006000,0,2025-06-04 03:00:00,0,0,False,False,0,1.310213871229826e-05,1.3107818306853561e-05,1.3107818306853561e-05,1.31e-05
1970-01-01 00:00:00.000000715,1749006900,2500,2025-06-04 03:15:00,0,0,True,False,0,1.312856935614913e-05,1.3104978509575911e-05,1.316e-05,1.310213871229826e-05
1970-01-01 00:00:00.000000716,1749007800,1034,2025-06-04 03:30:00,0,0,False,False,0,1.3146784678074564e-05,1.311677393286252e-05,1.318e-05,1.311677393286252e-05
1970-01-01 00:00:00.000000717,1749008700,0,2025-06-04 03:45:00,0,0,False,False,0,1.3140267339037282e-05,1.3131779305468542e-05,1.3140534678074564e-05,1.3131779305468542e-05
1970-01-01 00:00:00.000000718,1749009600,0,2025-06-04 04:00:00,0,0,False,False,0,1.314013366951864e-05,1.3136023322252913e-05,1.3140267339037282e-05,1.3136023322252913e-05
1970-01-01 00:00:00.000000719,1749010500,0,2025-06-04 04:15:00,0,0,False,False,0,1.314006683475932e-05,1.3138078495885776e-05,1.314013366951864e-05,1.3138078495885776e-05
1970-01-01 00:00:00.000000720,1749011400,0,2025-06-04 04:30:00,0,0,False,False,0,1.3140033417379659e-05,1.3139072665322548e-05,1.314006683475932e-05,1.3139072665322548e-05
1970-01-01 00:00:00.000000721,1749012300,31,2025-06-04 04:45:00,0,0,False,False,0,1.313001670868983e-05,1.3139553041351103e-05,1.3140033417379659e-05,1.312e-05
1970-01-01 00:00:00.000000722,1749013200,0,2025-06-04 05:00:00,0,0,False,False,0,1.3125008354344913e-05,1.3134784875020465e-05,1.3134784875020465e-05,1.312e-05
1970-01-01 00:00:00.000000723,1749014100,269,2025-06-04 05:15:00,0,0,False,True,0,1.3115004177172458e-05,1.3129896614682689e-05,1.3129896614682689e-05,1.31e-05
1970-01-01 00:00:00.000000724,1749015000,786,2025-06-04 05:30:00,0,0,False,False,0,1.3101252088586227e-05,1.3122450395927574e-05,1.3122450395927574e-05,1.308e-05
1970-01-01 00:00:00.000000725,1749015900,2284,2025-06-04 05:45:00,0,0,False,False,0,1.3092188022146558e-05,1.31118512422569e-05,1.312e-05,1.306e-05
1970-01-01 00:00:00.000000726,1749016800,1441,2025-06-04 06:00:00,0,0,False,False,0,1.3087188022146557e-05,1.3102019632201729e-05,1.3102019632201729e-05,1.308e-05
1970-01-01 00:00:00.000000727,1749017700,15,2025-06-04 06:15:00,0,0,False,False,0,1.3073594011073279e-05,1.3094603827174143e-05,1.3094603827174143e-05,1.306e-05
1970-01-01 00:00:00.000000728,1749018600,10493,2025-06-04 06:30:00,0,0,False,False,0,1.308589850276832e-05,1.3084098919123712e-05,1.312e-05,1.306e-05
1970-01-01 00:00:00.000000729,1749019500,2245,2025-06-04 06:45:00,0,0,False,False,0,1.309089850276832e-05,1.3084998710946015e-05,1.31e-05,1.3081797005536638e-05
1970-01-01 00:00:00.000000730,1749020400,4000,2025-06-04 07:00:00,0,0,False,False,0,1.3090224625692079e-05,1.3087948606857167e-05,1.31e-05,1.308e-05
1970-01-01 00:00:00.000000731,1749021300,0,2025-06-04 07:15:00,0,0,False,False,0,1.3085224625692081e-05,1.3089086616274623e-05,1.3090449251384161e-05,1.308e-05
1970-01-01 00:00:00.000000732,1749022200,150,2025-06-04 07:30:00,0,1,False,False,0,1.307261231284604e-05,1.3087155620983353e-05,1.3087155620983353e-05,1.306e-05
1970-01-01 00:00:00.000000733,1749023100,1650,2025-06-04 07:45:00,0,0,False,False,0,1.307065307821151e-05,1.3079883966914696e-05,1.308e-05,1.306e-05
1970-01-01 00:00:00.000000734,1749024000,4926,2025-06-04 08:00:00,0,0,True,False,0,1.3093153078211512e-05,1.3075268522563103e-05,1.312e-05,1.3071306156423022e-05
1970-01-01 00:00:00.000000735,1749024900,15,2025-06-04 08:15:00,0,0,False,False,0,1.3110326539105754e-05,1.3084210800387307e-05,1.313e-05,1.3084210800387307e-05
1970-01-01 00:00:00.000000736,1749025800,758,2025-06-04 08:30:00,0,0,False,False,0,1.3125163269552877e-05,1.309726866974653e-05,1.314e-05,1.309726866974653e-05
1970-01-01 00:00:00.000000737,1749026700,152,2025-06-04 08:45:00,0,0,False,False,0,1.3107581634776438e-05,1.3111215969649703e-05,1.3125163269552877e-05,1.308e-05
1970-01-01 00:00:00.000000738,1749027600,6041,2025-06-04 09:00:00,0,0,False,False,0,1.310439540869411e-05,1.3109398802213071e-05,1.312e-05,1.308e-05
1970-01-01 00:00:00.000000739,1749028500,200,2025-06-04 09:15:00,0,0,False,False,0,1.3089395408694109e-05,1.310689710545359e-05,1.3108790817388219e-05,1.306e-05
1970-01-01 00:00:00.000000740,1749029400,0,2025-06-04 09:30:00,0,0,False,False,0,1.3077197704347055e-05,1.3098146257073849e-05,1.3098146257073849e-05,1.306e-05
1970-01-01 00:00:00.000000741,1749030300,1471,2025-06-04 09:45:00,0,0,False,False,0,1.3088598852173527e-05,1.3087671980710451e-05,1.31e-05,1.3077197704347055e-05
1970-01-01 00:00:00.000000742,1749031200,20,2025-06-04 10:00:00,0,0,False,False,0,1.3104299426086764e-05,1.308813541644199e-05,1.312e-05,1.308813541644199e-05
1970-01-01 00:00:00.000000743,1749032100,11,2025-06-04 10:15:00,0,0,False,False,0,1.3102149713043382e-05,1.3096217421264377e-05,1.3104299426086764e-05,1.3096217421264377e-05
1970-01-01 00:00:00.000000744,1749033000,189,2025-06-04 10:30:00,0,0,False,True,0,1.3071074856521691e-05,1.309918356715388e-05,1.3102149713043382e-05,1.304e-05
1970-01-01 00:00:00.000000745,1749033900,1693,2025-06-04 10:45:00,0,0,False,False,0,1.3051787428260846e-05,1.3085129211837786e-05,1.3085129211837786e-05,1.302e-05
1970-01-01 00:00:00.000000746,1749034800,20,2025-06-04 11:00:00,0,0,False,False,0,1.3039018714130424e-05,1.3068458320049316e-05,1.3068458320049316e-05,1.302e-05
1970-01-01 00:00:00.000000747,1749035700,10,2025-06-04 11:15:00,0,0,False,False,0,1.301950935706521e-05,1.3053738517089871e-05,1.3053738517089871e-05,1.3e-05
1970-01-01 00:00:00.000000748,1749036600,0,2025-06-04 11:30:00,0,0,False,False,0,1.3009754678532605e-05,1.303662393707754e-05,1.303662393707754e-05,1.3e-05
1970-01-01 00:00:00.000000749,1749037500,1813,2025-06-04 11:45:00,0,0,False,False,0,1.3009938669633151e-05,1.3023189307805072e-05,1.3023189307805072e-05,1.3e-05
1970-01-01 00:00:00.000000750,1749038400,14201,2025-06-04 12:00:00,0,0,False,True,0,1.299618866963315e-05,1.3016563988719112e-05,1.3016563988719112e-05,1.298e-05
1970-01-01 00:00:00.000000751,1749039300,2003,2025-06-04 12:15:00,0,0,False,False,0,1.2958719334816576e-05,1.3006376329176132e-05,1.3006376329176132e-05,1.29e-05
1970-01-01 00:00:00.000000752,1749040200,2437,2025-06-04 12:30:00,0,0,False,False,0,1.2934359667408288e-05,1.2982547831996354e-05,1.2982547831996354e-05,1.289e-05
1970-01-01 00:00:00.000000753,1749041100,3362,2025-06-04 12:45:00,0,0,False,False,0,1.2932339916852072e-05,1.2958453749702322e-05,1.2958453749702322e-05,1.292e-05
1970-01-01 00:00:00.000000754,1749042000,13,2025-06-04 13:00:00,0,0,False,False,0,1.2902339916852072e-05,1.2945396833277197e-05,1.2945396833277197e-05,1.286e-05
1970-01-01 00:00:00.000000755,1749042900,0,2025-06-04 13:15:00,0,0,False,False,0,1.2883669958426037e-05,1.2923868375064635e-05,1.2923868375064635e-05,1.286e-05
1970-01-01 00:00:00.000000756,1749043800,1700,2025-06-04 13:30:00,0,0,False,False,0,1.2909334979213018e-05,1.2903769166745336e-05,1.294e-05,1.2883669958426035e-05
1970-01-01 00:00:00.000000757,1749044700,0,2025-06-04 13:45:00,0,0,False,False,0,1.2913417489606508e-05,1.2906552072979178e-05,1.292e-05,1.2906552072979178e-05
1970-01-01 00:00:00.000000758,1749045600,8347,2025-06-04 14:00:00,0,0,False,True,0,1.2851708744803255e-05,1.2909984781292843e-05,1.2913417489606508e-05,1.276e-05
1970-01-01 00:00:00.000000759,1749046500,50,2025-06-04 14:15:00,0,0,False,False,0,1.2853354372401627e-05,1.2880846763048048e-05,1.2880846763048048e-05,1.284e-05
1970-01-01 00:00:00.000000760,1749047400,1500,2025-06-04 14:30:00,0,0,False,False,0,1.2856677186200816e-05,1.2867100567724837e-05,1.2867100567724837e-05,1.2853354372401629e-05
1970-01-01 00:00:00.000000761,1749048300,7,2025-06-04 14:45:00,0,0,False,False,0,1.2898338593100409e-05,1.2861888876962826e-05,1.294e-05,1.2856677186200816e-05
1970-01-01 00:00:00.000000762,1749049200,8,2025-06-04 15:00:00,0,0,False,False,0,1.2919169296550204e-05,1.2880113735031618e-05,1.294e-05,1.2880113735031618e-05
1970-01-01 00:00:00.000000763,1749050100,200,2025-06-04 15:15:00,1,0,True,False,1,1.29795846482751e-05,1.2899641515790911e-05,1.304e-05,1.2899641515790911e-05
1970-01-01 00:00:00.000000764,1749051000,4753,2025-06-04 15:30:00,0,0,False,False,0,1.3012292324137553e-05,1.2939613082033006e-05,1.306e-05,1.2939613082033006e-05
1970-01-01 00:00:00.000000765,1749051900,20,2025-06-04 15:45:00,0,0,False,False,0,1.3012396162068775e-05,1.297595270308528e-05,1.302e-05,1.297595270308528e-05
1970-01-01 00:00:00.000000766,1749052800,3423,2025-06-04 16:00:00,0,0,False,False,0,1.3019349040517192e-05,1.2994174432577026e-05,1.304e-05,1.2994174432577026e-05
1970-01-01 00:00:00.000000767,1749053700,0,2025-06-04 16:15:00,0,0,False,False,0,1.3019349040517194e-05,1.300676173654711e-05,1.302e-05,1.300676173654711e-05
1970-01-01 00:00:00.000000768,1749054600,0,2025-06-04 16:30:00,0,0,False,False,0,1.3019674520258597e-05,1.3013055388532152e-05,1.302e-05,1.3013055388532152e-05
1970-01-01 00:00:00.000000769,1749055500,0,2025-06-04 16:45:00,0,0,False,False,0,1.3019837260129298e-05,1.3016364954395374e-05,1.302e-05,1.3016364954395374e-05
1970-01-01 00:00:00.000000770,1749056400,377,2025-06-04 17:00:00,0,0,False,False,0,1.299991863006465e-05,1.3018101107262336e-05,1.3019837260129298e-05,1.298e-05
1970-01-01 00:00:00.000000771,1749057300,123,2025-06-04 17:15:00,0,0,False,False,0,1.2983729657516161e-05,1.3009009868663494e-05,1.3009009868663494e-05,1.296e-05
1970-01-01 00:00:00.000000772,1749058200,212,2025-06-04 17:30:00,0,0,False,True,0,1.2942479657516162e-05,1.2996369763089827e-05,1.2996369763089827e-05,1.288e-05
1970-01-01 00:00:00.000000773,1749059100,11,2025-06-04 17:45:00,0,0,False,False,0,1.2955614828758081e-05,1.2969424710302995e-05,1.2969424710302995e-05,1.2951229657516162e-05
1970-01-01 00:00:00.000000774,1749060000,23,2025-06-04 18:00:00,0,0,False,False,0,1.296780741437904e-05,1.2962519769530539e-05,1.298e-05,1.2955614828758081e-05
1970-01-01 00:00:00.000000775,1749060900,2858,2025-06-04 18:15:00,0,0,False,False,0,1.2981403707189521e-05,1.296516359195479e-05,1.3e-05,1.296516359195479e-05
1970-01-01 00:00:00.000000776,1749061800,77,2025-06-04 18:30:00,0,0,False,False,0,1.2979451853594758e-05,1.2973283649572156e-05,1.298e-05,1.2973283649572156e-05
1970-01-01 00:00:00.000000777,1749062700,2315,2025-06-04 18:45:00,0,0,False,False,0,1.2969725926797378e-05,1.2976367751583457e-05,1.2979451853594758e-05,1.296e-05
1970-01-01 00:00:00.000000778,1749063600,0,2025-06-04 19:00:00,0,0,False,False,0,1.2964862963398689e-05,1.2973046839190417e-05,1.2973046839190417e-05,1.296e-05
1970-01-01 00:00:00.000000779,1749064500,2573,2025-06-04 19:15:00,0,0,False,False,0,1.2968715740849672e-05,1.2968954901294554e-05,1.298e-05,1.296e-05
1970-01-01 00:00:00.000000780,1749065400,0,2025-06-04 19:30:00,0,0,False,False,0,1.2973715740849671e-05,1.2968835321072114e-05,1.298e-05,1.2967431481699345e-05
1970-01-01 00:00:00.000000781,1749066300,50,2025-06-04 19:45:00,0,1,False,True,-1,1.2926857870424835e-05,1.2971275530960893e-05,1.2973715740849671e-05,1.288e-05
1970-01-01 00:00:00.000000782,1749067200,154,2025-06-04 20:00:00,0,0,False,False,0,1.2883428935212417e-05,1.2949066700692864e-05,1.2949066700692864e-05,1.284e-05
1970-01-01 00:00:00.000000783,1749068100,619,2025-06-04 20:15:00,0,0,False,True,0,1.2804214467606209e-05,1.2916247817952641e-05,1.2916247817952641e-05,1.272e-05
1970-01-01 00:00:00.000000784,1749069000,0,2025-06-04 20:30:00,0,0,False,False,0,1.2763357233803104e-05,1.2860231142779425e-05,1.2860231142779425e-05,1.272e-05
1970-01-01 00:00:00.000000785,1749069900,0,2025-06-04 20:45:00,0,0,False,False,0,1.2741678616901553e-05,1.2811794188291265e-05,1.2811794188291265e-05,1.272e-05
1970-01-01 00:00:00.000000786,1749070800,2852,2025-06-04 21:00:00,0,0,False,True,0,1.2715839308450776e-05,1.2776736402596409e-05,1.2776736402596409e-05,1.268e-05
1970-01-01 00:00:00.000000787,1749071700,2,2025-06-04 21:15:00,0,0,False,False,0,1.2747919654225388e-05,1.2746287855523593e-05,1.278e-05,1.2720839308450777e-05
1970-01-01 00:00:00.000000788,1749072600,2,2025-06-04 21:30:00,0,0,True,False,0,1.2802709827112696e-05,1.274710375487449e-05,1.286e-05,1.2745419654225389e-05
1970-01-01 00:00:00.000000789,1749073500,0,2025-06-04 21:45:00,0,0,False,False,0,1.2831354913556348e-05,1.2774906790993593e-05,1.286e-05,1.2774906790993593e-05
1970-01-01 00:00:00.000000790,1749074400,0,2025-06-04 22:00:00,1,0,False,False,0,1.2845677456778175e-05,1.2803130852274971e-05,1.286e-05,1.2803130852274971e-05
1970-01-01 00:00:00.000000791,1749075300,50,2025-06-04 22:15:00,0,0,False,False,0,1.2812838728389087e-05,1.2824404154526573e-05,1.2845677456778175e-05,1.278e-05
1970-01-01 00:00:00.000000792,1749076200,50,2025-06-04 22:30:00,0,0,False,False,0,1.2806419364194543e-05,1.2818621441457831e-05,1.2818621441457831e-05,1.28e-05
1970-01-01 00:00:00.000000793,1749077100,0,2025-06-04 22:45:00,0,0,False,False,0,1.2803209682097271e-05,1.2812520402826187e-05,1.2812520402826187e-05,1.28e-05
1970-01-01 00:00:00.000000794,1749078000,0,2025-06-04 23:00:00,0,0,False,False,0,1.2801604841048636e-05,1.2807865042461729e-05,1.2807865042461729e-05,1.28e-05
1970-01-01 00:00:00.000000795,1749078900,0,2025-06-04 23:15:00,0,0,False,False,0,1.2800802420524318e-05,1.2804734941755182e-05,1.2804734941755182e-05,1.28e-05
1970-01-01 00:00:00.000000796,1749079800,0,2025-06-04 23:30:00,0,0,False,False,0,1.280040121026216e-05,1.280276868113975e-05,1.280276868113975e-05,1.28e-05
1970-01-01 00:00:00.000000797,1749080700,0,2025-06-04 23:45:00,0,0,False,False,0,1.280020060513108e-05,1.2801584945700955e-05,1.2801584945700955e-05,1.28e-05
1970-01-01 00:00:00.000000798,1749081600,0,2025-06-05 00:00:00,0,0,False,False,0,1.2800100302565539e-05,1.2800892775416016e-05,1.2800892775416016e-05,1.28e-05
1970-01-01 00:00:00.000000799,1749082500,0,2025-06-05 00:15:00,0,0,False,False,0,1.2800050151282769e-05,1.2800496538990777e-05,1.2800496538990777e-05,1.28e-05
1970-01-01 00:00:00.000000800,1749083400,0,2025-06-05 00:30:00,0,0,False,False,0,1.2800025075641385e-05,1.2800273345136774e-05,1.2800273345136774e-05,1.28e-05
1970-01-01 00:00:00.000000801,1749084300,206,2025-06-05 00:45:00,0,0,False,False,0,1.2817512537820693e-05,1.280014921038908e-05,1.284e-05,1.2800025075641385e-05
1970-01-01 00:00:00.000000802,1749085200,310,2025-06-05 01:00:00,0,0,False,False,0,1.2865006268910348e-05,1.2808830874104886e-05,1.292e-05,1.2808830874104886e-05
1970-01-01 00:00:00.000000803,1749086100,0,2025-06-05 01:15:00,0,0,False,False,0,1.2891253134455172e-05,1.2836918571507617e-05,1.292e-05,1.2836918571507617e-05
1970-01-01 00:00:00.000000804,1749087000,0,2025-06-05 01:30:00,0,0,False,False,0,1.2905626567227585e-05,1.2864085852981395e-05,1.292e-05,1.2864085852981395e-05
1970-01-01 00:00:00.000000805,1749087900,15,2025-06-05 01:45:00,0,0,False,False,0,1.2862813283613794e-05,1.288485621010449e-05,1.2905626567227585e-05,1.282e-05
1970-01-01 00:00:00.000000806,1749088800,0,2025-06-05 02:00:00,0,0,False,False,0,1.2841406641806895e-05,1.2873834746859143e-05,1.2873834746859143e-05,1.282e-05
1970-01-01 00:00:00.000000807,1749089700,200,2025-06-05 02:15:00,0,0,False,False,0,1.2870703320903447e-05,1.2857620694333019e-05,1.29e-05,1.2841406641806895e-05
1970-01-01 00:00:00.000000808,1749090600,0,2025-06-05 02:30:00,0,0,False,False,0,1.2885351660451724e-05,1.2864162007618232e-05,1.29e-05,1.2864162007618232e-05
1970-01-01 00:00:00.000000809,1749091500,20,2025-06-05 02:45:00,0,0,False,False,0,1.2872675830225863e-05,1.2874756834034978e-05,1.2885351660451724e-05,1.286e-05
1970-01-01 00:00:00.000000810,1749092400,0,2025-06-05 03:00:00,0,0,False,False,0,1.2866337915112933e-05,1.287371633213042e-05,1.287371633213042e-05,1.286e-05
1970-01-01 00:00:00.000000811,1749093300,35,2025-06-05 03:15:00,0,0,False,False,0,1.2853168957556466e-05,1.2870027123621676e-05,1.2870027123621676e-05,1.284e-05
1970-01-01 00:00:00.000000812,1749094200,7,2025-06-05 03:30:00,0,0,False,False,0,1.2856584478778234e-05,1.286159804058907e-05,1.286159804058907e-05,1.2853168957556466e-05
1970-01-01 00:00:00.000000813,1749095100,0,2025-06-05 03:45:00,0,0,False,False,0,1.2858292239389117e-05,1.2859091259683651e-05,1.286e-05,1.2856584478778232e-05
1970-01-01 00:00:00.000000814,1749096000,0,2025-06-05 04:00:00,0,0,False,False,0,1.2859146119694559e-05,1.2858691749536383e-05,1.286e-05,1.2858292239389116e-05
1970-01-01 00:00:00.000000815,1749096900,89,2025-06-05 04:15:00,0,0,True,False,0,1.2877073059847279e-05,1.2858918934615472e-05,1.29e-05,1.2858918934615472e-05
1970-01-01 00:00:00.000000816,1749097800,0,2025-06-05 04:30:00,0,0,False,False,0,1.2887286529923639e-05,1.2867995997231376e-05,1.29e-05,1.2867995997231376e-05
1970-01-01 00:00:00.000000817,1749098700,168,2025-06-05 04:45:00,0,0,False,False,0,1.2893643264961819e-05,1.2877641263577508e-05,1.29e-05,1.2877641263577508e-05
1970-01-01 00:00:00.000000818,1749099600,0,2025-06-05 05:00:00,0,0,False,False,0,1.289682163248091e-05,1.2885642264269664e-05,1.29e-05,1.2885642264269664e-05
1970-01-01 00:00:00.000000819,1749100500,340,2025-06-05 05:15:00,0,0,False,False,0,1.2860910816240455e-05,1.2891231948375287e-05,1.289682163248091e-05,1.282e-05
1970-01-01 00:00:00.000000820,1749101400,351,2025-06-05 05:30:00,0,1,False,False,0,1.2801705408120227e-05,1.2876071382307871e-05,1.2876071382307871e-05,1.274e-05
1970-01-01 00:00:00.000000821,1749102300,5,2025-06-05 05:45:00,0,0,False,False,0,1.2790852704060113e-05,1.2838888395214049e-05,1.2838888395214049e-05,1.278e-05
1970-01-01 00:00:00.000000822,1749103200,402,2025-06-05 06:00:00,0,0,False,False,0,1.2797713176015029e-05,1.281487054963708e-05,1.282e-05,1.278e-05
1970-01-01 00:00:00.000000823,1749104100,1100,2025-06-05 06:15:00,0,0,False,False,0,1.2806356588007515e-05,1.2806291862826055e-05,1.284e-05,1.278e-05
1970-01-01 00:00:00.000000824,1749105000,2940,2025-06-05 06:30:00,0,0,False,False,0,1.2786356588007514e-05,1.2806324225416784e-05,1.2806324225416784e-05,1.276e-05
1970-01-01 00:00:00.000000825,1749105900,0,2025-06-05 06:45:00,0,0,False,False,0,1.2775678294003757e-05,1.2796340406712149e-05,1.2796340406712149e-05,1.276e-05
1970-01-01 00:00:00.000000826,1749106800,1293,2025-06-05 07:00:00,0,0,False,False,0,1.2757839147001879e-05,1.2786009350357954e-05,1.2786009350357954e-05,1.274e-05
1970-01-01 00:00:00.000000827,1749107700,0,2025-06-05 07:15:00,0,0,False,False,0,1.2748919573500941e-05,1.2771924248679916e-05,1.2771924248679916e-05,1.274e-05
1970-01-01 00:00:00.000000828,1749108600,1280,2025-06-05 07:30:00,0,0,False,False,0,1.278445978675047e-05,1.2760421911090429e-05,1.282e-05,1.274891957350094e-05
1970-01-01 00:00:00.000000829,1749109500,1280,2025-06-05 07:45:00,0,0,False,False,0,1.2802229893375235e-05,1.277244084892045e-05,1.282e-05,1.277244084892045e-05
1970-01-01 00:00:00.000000830,1749110400,0,2025-06-05 08:00:00,0,0,False,False,0,1.2811114946687619e-05,1.2787335371147843e-05,1.282e-05,1.2787335371147843e-05
1970-01-01 00:00:00.000000831,1749111300,0,2025-06-05 08:15:00,0,0,False,False,0,1.2815557473343809e-05,1.279922515891773e-05,1.282e-05,1.279922515891773e-05
1970-01-01 00:00:00.000000832,1749112200,0,2025-06-05 08:30:00,0,0,False,False,0,1.2817778736671904e-05,1.2807391316130769e-05,1.282e-05,1.2807391316130769e-05
1970-01-01 00:00:00.000000833,1749113100,0,2025-06-05 08:45:00,0,0,False,False,0,1.2818889368335953e-05,1.2812585026401337e-05,1.282e-05,1.2812585026401337e-05
1970-01-01 00:00:00.000000834,1749114000,38,2025-06-05 09:00:00,0,0,True,False,0,1.2829444684167976e-05,1.2815737197368646e-05,1.284e-05,1.2815737197368646e-05
1970-01-01 00:00:00.000000835,1749114900,0,2025-06-05 09:15:00,0,0,False,False,0,1.2834722342083988e-05,1.2822590940768311e-05,1.284e-05,1.2822590940768311e-05
1970-01-01 00:00:00.000000836,1749115800,0,2025-06-05 09:30:00,1,0,False,False,0,1.2837361171041993e-05,1.282865664142615e-05,1.284e-05,1.282865664142615e-05
1970-01-01 00:00:00.000000837,1749116700,0,2025-06-05 09:45:00,0,0,False,False,0,1.2838680585520996e-05,1.2833008906234071e-05,1.284e-05,1.2833008906234071e-05
1970-01-01 00:00:00.000000838,1749117600,40,2025-06-05 10:00:00,0,0,False,False,0,1.2819340292760498e-05,1.2835844745877534e-05,1.2838680585520996e-05,1.28e-05
1970-01-01 00:00:00.000000839,1749118500,100,2025-06-05 10:15:00,0,0,False,False,0,1.281967014638025e-05,1.2827592519319016e-05,1.2827592519319016e-05,1.2819340292760498e-05
1970-01-01 00:00:00.000000840,1749119400,609,2025-06-05 10:30:00,0,0,False,True,0,1.2772335073190125e-05,1.2823631332849632e-05,1.2823631332849632e-05,1.272e-05
1970-01-01 00:00:00.000000841,1749120300,202,2025-06-05 10:45:00,0,0,False,False,0,1.277120876829753e-05,1.2797983203019878e-05,1.2797983203019878e-05,1.276e-05
1970-01-01 00:00:00.000000842,1749121200,102,2025-06-05 11:00:00,0,1,False,False,0,1.274620876829753e-05,1.2784595985658704e-05,1.2784595985658704e-05,1.272e-05
1970-01-01 00:00:00.000000843,1749122100,76,2025-06-05 11:15:00,0,0,False,False,0,1.2743104384148765e-05,1.2765402376978117e-05,1.2765402376978117e-05,1.274e-05
1970-01-01 00:00:00.000000844,1749123000,768,2025-06-05 11:30:00,0,0,False,False,0,1.2751552192074382e-05,1.2754253380563442e-05,1.276e-05,1.2743104384148765e-05
1970-01-01 00:00:00.000000845,1749123900,1644,2025-06-05 11:45:00,0,0,False,False,0,1.2760388048018597e-05,1.2752902786318913e-05,1.278e-05,1.274e-05
1970-01-01 00:00:00.000000846,1749124800,3130,2025-06-05 12:00:00,0,0,False,False,0,1.2792694024009299e-05,1.2756645417168755e-05,1.284e-05,1.2756645417168755e-05
1970-01-01 00:00:00.000000847,1749125700,4284,2025-06-05 12:15:00,1,0,False,False,0,1.2837694024009296e-05,1.2774669720589028e-05,1.29e-05,1.2774669720589028e-05
1970-01-01 00:00:00.000000848,1749126600,2000,2025-06-05 12:30:00,0,0,False,False,0,1.287384701200465e-05,1.2806181872299162e-05,1.292e-05,1.2806181872299162e-05
1970-01-01 00:00:00.000000849,1749127500,1248,2025-06-05 12:45:00,0,0,False,False,0,1.2892836753001163e-05,1.2840014442151906e-05,1.294e-05,1.2840014442151906e-05
1970-01-01 00:00:00.000000850,1749128400,1922,2025-06-05 13:00:00,0,0,False,False,0,1.2912836753001163e-05,1.2866425597576534e-05,1.294e-05,1.2866425597576534e-05
1970-01-01 00:00:00.000000851,1749129300,405,2025-06-05 13:15:00,0,0,False,False,0,1.291641837650058e-05,1.2889631175288848e-05,1.292e-05,1.2889631175288848e-05
1970-01-01 00:00:00.000000852,1749130200,1,2025-06-05 13:30:00,0,0,False,False,0,1.2908209188250292e-05,1.2903024775894713e-05,1.2916418376500582e-05,1.29e-05
1970-01-01 00:00:00.000000853,1749131100,1626,2025-06-05 13:45:00,0,0,False,False,0,1.2850354594125144e-05,1.2905616982072502e-05,1.2908209188250292e-05,1.278e-05
1970-01-01 00:00:00.000000854,1749132000,199,2025-06-05 14:00:00,0,1,False,False,0,1.2788302297062572e-05,1.2877985788098824e-05,1.2877985788098824e-05,1.272e-05
1970-01-01 00:00:00.000000855,1749132900,11675,2025-06-05 14:15:00,0,0,False,True,-1,1.2714151148531287e-05,1.2833144042580698e-05,1.2833144042580698e-05,1.26e-05
1970-01-01 00:00:00.000000856,1749133800,1658,2025-06-05 14:30:00,0,0,False,False,0,1.2713325574265644e-05,1.2773647595555992e-05,1.2773647595555992e-05,1.268e-05
1970-01-01 00:00:00.000000857,1749134700,592,2025-06-05 14:45:00,0,0,False,False,0,1.2749787787132823e-05,1.2743486584910818e-05,1.278e-05,1.2719575574265644e-05
1970-01-01 00:00:00.000000858,1749135600,0,2025-06-05 15:00:00,0,0,False,False,0,1.2764893893566411e-05,1.274663718602182e-05,1.278e-05,1.274663718602182e-05
1970-01-01 00:00:00.000000859,1749136500,92,2025-06-05 15:15:00,0,0,False,False,0,1.2802446946783205e-05,1.2755765539794116e-05,1.284e-05,1.2755765539794116e-05
1970-01-01 00:00:00.000000860,1749137400,52136,2025-06-05 15:30:00,0,0,False,False,0,1.28331117366958e-05,1.277910624328866e-05,1.292e-05,1.277910624328866e-05
1970-01-01 00:00:00.000000861,1749138300,1214,2025-06-05 15:45:00,0,0,False,False,0,1.28040558683479e-05,1.280610898999223e-05,1.282e-05,1.278e-05
1970-01-01 00:00:00.000000862,1749139200,1722,2025-06-05 16:00:00,0,0,False,False,0,1.27765558683479e-05,1.2805082429170064e-05,1.2808111736695802e-05,1.274e-05
1970-01-01 00:00:00.000000863,1749140100,10610,2025-06-05 16:15:00,0,0,False,False,0,1.2694527934173951e-05,1.2790819148758982e-05,1.2790819148758982e-05,1.258e-05
1970-01-01 00:00:00.000000864,1749141000,3665,2025-06-05 16:30:00,0,0,False,False,0,1.2649763967086975e-05,1.2742673541466467e-05,1.2742673541466467e-05,1.258e-05
1970-01-01 00:00:00.000000865,1749141900,3690,2025-06-05 16:45:00,0,0,False,False,0,1.2603631983543486e-05,1.2696218754276722e-05,1.2696218754276722e-05,1.254e-05
1970-01-01 00:00:00.000000866,1749142800,1020,2025-06-05 17:00:00,0,0,False,False,0,1.2589940991771742e-05,1.2649925368910103e-05,1.2649925368910103e-05,1.256e-05
1970-01-01 00:00:00.000000867,1749143700,0,2025-06-05 17:15:00,0,0,False,False,0,1.2597470495885871e-05,1.2619933180340922e-05,1.2619933180340922e-05,1.2594940991771743e-05
1970-01-01 00:00:00.000000868,1749144600,603,2025-06-05 17:30:00,0,0,False,False,0,1.2591867623971468e-05,1.2608701838113397e-05,1.2608701838113397e-05,1.258e-05
1970-01-01 00:00:00.000000869,1749145500,1,2025-06-05 17:45:00,0,0,False,False,0,1.2576867623971469e-05,1.2600284731042432e-05,1.2600284731042432e-05,1.256e-05
1970-01-01 00:00:00.000000870,1749146400,2414,2025-06-05 18:00:00,0,0,False,False,0,1.2556716905992866e-05,1.258857617750695e-05,1.26e-05,1.25e-05
1970-01-01 00:00:00.000000871,1749147300,50,2025-06-05 18:15:00,0,0,False,False,0,1.2589216905992866e-05,1.2572646541749908e-05,1.262e-05,1.2563433811985734e-05
1970-01-01 00:00:00.000000872,1749148200,0,2025-06-05 18:30:00,0,0,False,False,0,1.2593358452996434e-05,1.2580931723871387e-05,1.26e-05,1.2580931723871387e-05
1970-01-01 00:00:00.000000873,1749149100,156,2025-06-05 18:45:00,0,0,False,False,0,1.2569179226498217e-05,1.258714508843391e-05,1.2593358452996434e-05,1.254e-05
1970-01-01 00:00:00.000000874,1749150000,2038,2025-06-05 19:00:00,0,0,False,False,0,1.2515839613249109e-05,1.2578162157466065e-05,1.2578162157466065e-05,1.246e-05
1970-01-01 00:00:00.000000875,1749150900,6204,2025-06-05 19:15:00,0,0,False,False,0,1.2342919806624555e-05,1.2547000885357587e-05,1.2547000885357587e-05,1.208e-05
1970-01-01 00:00:00.000000876,1749151800,0,2025-06-05 19:30:00,0,0,False,False,0,1.2233959903312277e-05,1.244496034599107e-05,1.244496034599107e-05,1.208e-05
1970-01-01 00:00:00.000000877,1749152700,0,2025-06-05 19:45:00,0,0,False,False,0,1.215697995165614e-05,1.2339460124651674e-05,1.2339460124651674e-05,1.208e-05
1970-01-01 00:00:00.000000878,1749153600,0,2025-06-05 20:00:00,0,0,False,False,0,1.2118489975828069e-05,1.2248220038153907e-05,1.2248220038153907e-05,1.208e-05
1970-01-01 00:00:00.000000879,1749154500,1769,2025-06-05 20:15:00,0,0,False,True,0,1.2051744987914034e-05,1.2183355006990988e-05,1.2183355006990988e-05,1.196e-05
1970-01-01 00:00:00.000000880,1749155400,12312,2025-06-05 20:30:00,0,0,False,False,0,1.2002122493957016e-05,1.2117549997452512e-05,1.2117549997452512e-05,1.19e-05
1970-01-01 00:00:00.000000881,1749156300,1647,2025-06-05 20:45:00,0,0,False,False,0,1.1951061246978509e-05,1.2059836245704764e-05,1.2059836245704764e-05,1.188e-05
1970-01-01 00:00:00.000000882,1749157200,0,2025-06-05 21:00:00,0,0,False,False,0,1.1915530623489255e-05,1.2005448746341636e-05,1.2005448746341636e-05,1.188e-05
1970-01-01 00:00:00.000000883,1749158100,0,2025-06-05 21:15:00,0,0,False,False,0,1.1897765311744627e-05,1.1960489684915446e-05,1.1960489684915446e-05,1.188e-05
1970-01-01 00:00:00.000000884,1749159000,2500,2025-06-05 21:30:00,0,0,False,False,0,1.1971382655872312e-05,1.1929127498330037e-05,1.208e-05,1.1897765311744626e-05
1970-01-01 00:00:00.000000885,1749159900,0,2025-06-05 21:45:00,0,0,False,False,0,1.2016941327936157e-05,1.1950255077101174e-05,1.208e-05,1.1950255077101174e-05
1970-01-01 00:00:00.000000886,1749160800,0,2025-06-05 22:00:00,0,0,False,False,0,1.2048470663968078e-05,1.1983598202518665e-05,1.208e-05,1.1983598202518665e-05
1970-01-01 00:00:00.000000887,1749161700,0,2025-06-05 22:15:00,0,0,False,False,0,1.2064235331984038e-05,1.2016034433243371e-05,1.208e-05,1.2016034433243371e-05
1970-01-01 00:00:00.000000888,1749162600,0,2025-06-05 22:30:00,0,0,False,False,0,1.2072117665992019e-05,1.2040134882613704e-05,1.208e-05,1.2040134882613704e-05
1970-01-01 00:00:00.000000889,1749163500,0,2025-06-05 22:45:00,0,0,False,False,0,1.2076058832996008e-05,1.205612627430286e-05,1.208e-05,1.205612627430286e-05
1970-01-01 00:00:00.000000890,1749164400,0,2025-06-05 23:00:00,0,0,False,False,0,1.2078029416498004e-05,1.2066092553649435e-05,1.208e-05,1.2066092553649435e-05
1970-01-01 00:00:00.000000891,1749165300,805,2025-06-05 23:15:00,0,0,False,False,0,1.2039639708249002e-05,1.207206098507372e-05,1.2078029416498004e-05,1.199e-05
1970-01-01 00:00:00.000000892,1749166200,148,2025-06-05 23:30:00,0,0,False,False,0,1.20326323541245e-05,1.205585034666136e-05,1.205585034666136e-05,1.202e-05
1970-01-01 00:00:00.000000893,1749167100,0,2025-06-05 23:45:00,0,0,False,False,0,1.202631617706225e-05,1.204424135039293e-05,1.204424135039293e-05,1.202e-05
1970-01-01 00:00:00.000000894,1749168000,0,2025-06-06 00:00:00,0,0,False,False,0,1.2023158088531123e-05,1.203527876372759e-05,1.203527876372759e-05,1.202e-05
1970-01-01 00:00:00.000000895,1749168900,0,2025-06-06 00:15:00,0,0,False,False,0,1.2021579044265562e-05,1.2029218426129356e-05,1.2029218426129356e-05,1.202e-05
1970-01-01 00:00:00.000000896,1749169800,100,2025-06-06 00:30:00,0,0,False,False,0,1.2030789522132781e-05,1.2025398735197459e-05,1.204e-05,1.2021579044265562e-05
1970-01-01 00:00:00.000000897,1749170700,1807,2025-06-06 00:45:00,0,0,False,False,0,1.2041644761066391e-05,1.2028094128665119e-05,1.206e-05,1.2028094128665119e-05
1970-01-01 00:00:00.000000898,1749171600,1442,2025-06-06 01:00:00,0,0,False,False,0,1.2038947380533195e-05,1.2034869444865755e-05,1.204e-05,1.2034869444865755e-05
1970-01-01 00:00:00.000000899,1749172500,0,2025-06-06 01:15:00,0,0,False,False,0,1.2039473690266598e-05,1.2036908412699475e-05,1.204e-05,1.2036908412699475e-05
1970-01-01 00:00:00.000000900,1749173400,0,2025-06-06 01:30:00,0,0,False,False,0,1.2039736845133299e-05,1.2038191051483037e-05,1.204e-05,1.2038191051483037e-05
1970-01-01 00:00:00.000000901,1749174300,165,2025-06-06 01:45:00,0,0,False,False,0,1.205986842256665e-05,1.2038963948308167e-05,1.208e-05,1.2038963948308167e-05
1970-01-01 00:00:00.000000902,1749175200,0,2025-06-06 02:00:00,0,0,False,False,0,1.2069934211283325e-05,1.2049416185437409e-05,1.208e-05,1.2049416185437409e-05
1970-01-01 00:00:00.000000903,1749176100,0,2025-06-06 02:15:00,0,0,False,False,0,1.2074967105641663e-05,1.2059675198360367e-05,1.208e-05,1.2059675198360367e-05
1970-01-01 00:00:00.000000904,1749177000,200,2025-06-06 02:30:00,0,0,False,False,0,1.204748355282083e-05,1.2067321152001014e-05,1.2074967105641663e-05,1.202e-05
1970-01-01 00:00:00.000000905,1749177900,10,2025-06-06 02:45:00,0,0,False,False,0,1.2033741776410415e-05,1.2057402352410922e-05,1.2057402352410922e-05,1.202e-05
1970-01-01 00:00:00.000000906,1749178800,1357,2025-06-06 03:00:00,0,0,False,False,0,1.2024685444102604e-05,1.2045572064410668e-05,1.2045572064410668e-05,1.2e-05
1970-01-01 00:00:00.000000907,1749179700,993,2025-06-06 03:15:00,0,0,False,False,0,1.2044842722051301e-05,1.2035128754256635e-05,1.208e-05,1.202e-05
1970-01-01 00:00:00.000000908,1749180600,2,2025-06-06 03:30:00,1,0,False,False,0,1.20698427220513e-05,1.2039985738153969e-05,1.21e-05,1.2039685444102605e-05
1970-01-01 00:00:00.000000909,1749181500,695,2025-06-06 03:45:00,0,0,True,False,1,1.210992136102565e-05,1.2054914230102635e-05,1.216e-05,1.2054914230102635e-05
1970-01-01 00:00:00.000000910,1749182400,1982,2025-06-06 04:00:00,0,0,False,False,0,1.2138710680512826e-05,1.2082417795564143e-05,1.218e-05,1.2082417795564143e-05
1970-01-01 00:00:00.000000911,1749183300,342,2025-06-06 04:15:00,0,0,False,False,0,1.2162480340256412e-05,1.2110564238038485e-05,1.22e-05,1.2110564238038485e-05
1970-01-01 00:00:00.000000912,1749184200,2657,2025-06-06 04:30:00,0,0,False,False,0,1.2186240170128207e-05,1.2136522289147448e-05,1.222e-05,1.2136522289147448e-05
1970-01-01 00:00:00.000000913,1749185100,104,2025-06-06 04:45:00,0,0,False,False,0,1.2211870085064102e-05,1.2161381229637828e-05,1.224e-05,1.2161381229637828e-05
1970-01-01 00:00:00.000000914,1749186000,200,2025-06-06 05:00:00,0,0,False,False,0,1.222343504253205e-05,1.2186625657350965e-05,1.224e-05,1.2186625657350965e-05
1970-01-01 00:00:00.000000915,1749186900,10,2025-06-06 05:15:00,0,0,False,False,0,1.2212733760633013e-05,1.2205030349941508e-05,1.224e-05,1.218e-05
1970-01-01 00:00:00.000000916,1749187800,0,2025-06-06 05:30:00,0,0,False,False,0,1.2197733760633014e-05,1.220888205528726e-05,1.2215467521266026e-05,1.218e-05
1970-01-01 00:00:00.000000917,1749188700,104,2025-06-06 05:45:00,0,0,False,False,0,1.2208866880316505e-05,1.2203307907960137e-05,1.222e-05,1.2197733760633012e-05
1970-01-01 00:00:00.000000918,1749189600,0,2025-06-06 06:00:00,0,0,False,False,0,1.2214433440158252e-05,1.2206087394138321e-05,1.222e-05,1.2206087394138321e-05
1970-01-01 00:00:00.000000919,1749190500,605,2025-06-06 06:15:00,0,0,False,False,0,1.2207216720079125e-05,1.2210260417148286e-05,1.2214433440158252e-05,1.22e-05
1970-01-01 00:00:00.000000920,1749191400,57,2025-06-06 06:30:00,0,0,False,False,0,1.2233608360039563e-05,1.2208738568613707e-05,1.226e-05,1.2207216720079125e-05
1970-01-01 00:00:00.000000921,1749192300,1757,2025-06-06 06:45:00,0,0,False,False,0,1.2244304180019782e-05,1.2221173464326635e-05,1.226e-05,1.2221173464326635e-05
1970-01-01 00:00:00.000000922,1749193200,11,2025-06-06 07:00:00,0,0,True,False,0,1.226090209000989e-05,1.2232738822173207e-05,1.228e-05,1.2232738822173207e-05
1970-01-01 00:00:00.000000923,1749194100,673,2025-06-06 07:15:00,0,0,False,False,0,1.2252951045004945e-05,1.2246820456091549e-05,1.226090209000989e-05,1.224e-05
1970-01-01 00:00:00.000000924,1749195000,0,2025-06-06 07:30:00,0,0,False,False,0,1.2257725522502473e-05,1.2249885750548246e-05,1.226e-05,1.2249885750548246e-05
1970-01-01 00:00:00.000000925,1749195900,4151,2025-06-06 07:45:00,0,0,False,False,0,1.2236362761251237e-05,1.225380563652536e-05,1.2257725522502473e-05,1.22e-05
1970-01-01 00:00:00.000000926,1749196800,2,2025-06-06 08:00:00,0,0,False,False,0,1.2241931380625617e-05,1.2245084198888298e-05,1.2245084198888298e-05,1.224e-05
1970-01-01 00:00:00.000000927,1749197700,0,2025-06-06 08:15:00,0,0,False,False,0,1.2240965690312808e-05,1.2243507789756957e-05,1.2243507789756957e-05,1.224e-05
1970-01-01 00:00:00.000000928,1749198600,447,2025-06-06 08:30:00,0,0,True,False,0,1.2257982845156404e-05,1.2242236740034883e-05,1.228e-05,1.2240965690312808e-05
1970-01-01 00:00:00.000000929,1749199500,347,2025-06-06 08:45:00,0,0,False,False,0,1.2267741422578202e-05,1.2250109792595644e-05,1.228e-05,1.2250109792595644e-05
1970-01-01 00:00:00.000000930,1749200400,2,2025-06-06 09:00:00,0,0,True,False,0,1.22813707112891e-05,1.2258925607586922e-05,1.23e-05,1.2258925607586922e-05
1970-01-01 00:00:00.000000931,1749201300,0,2025-06-06 09:15:00,0,0,False,False,0,1.2279435355644549e-05,1.2270148159438012e-05,1.228e-05,1.2270148159438012e-05
1970-01-01 00:00:00.000000932,1749202200,10,2025-06-06 09:30:00,0,0,True,False,0,1.2304717677822274e-05,1.227479175754128e-05,1.234e-05,1.227479175754128e-05
1970-01-01 00:00:00.000000933,1749203100,500,2025-06-06 09:45:00,0,0,False,False,0,1.2309858838911139e-05,1.2289754717681776e-05,1.232e-05,1.2289754717681776e-05
1970-01-01 00:00:00.000000934,1749204000,1316,2025-06-06 10:00:00,0,0,False,False,0,1.232117941945557e-05,1.2299806778296457e-05,1.234e-05,1.2299806778296457e-05
1970-01-01 00:00:00.000000935,1749204900,700,2025-06-06 10:15:00,0,0,False,False,0,1.2343714709727785e-05,1.2310493098876014e-05,1.238e-05,1.2310493098876014e-05
1970-01-01 00:00:00.000000936,1749205800,2384,2025-06-06 10:30:00,0,0,False,False,0,1.234935735486389e-05,1.23271039043019e-05,1.236e-05,1.23271039043019e-05
1970-01-01 00:00:00.000000937,1749206700,1,2025-06-06 10:45:00,0,0,False,False,0,1.2354678677431945e-05,1.2338230629582895e-05,1.236e-05,1.2338230629582895e-05
1970-01-01 00:00:00.000000938,1749207600,2010,2025-06-06 11:00:00,0,0,False,False,0,1.2374839338715974e-05,1.234645465350742e-05,1.24e-05,1.234645465350742e-05
1970-01-01 00:00:00.000000939,1749208500,730,2025-06-06 11:15:00,0,0,False,False,0,1.2403669669357988e-05,1.2360646996111697e-05,1.244e-05,1.2360646996111697e-05
1970-01-01 00:00:00.000000940,1749209400,0,2025-06-06 11:30:00,0,0,False,False,0,1.2420584834678993e-05,1.2382158332734843e-05,1.244e-05,1.2382158332734843e-05
1970-01-01 00:00:00.000000941,1749210300,500,2025-06-06 11:45:00,0,0,False,False,0,1.2430292417339496e-05,1.2401371583706918e-05,1.244e-05,1.2401371583706918e-05
1970-01-01 00:00:00.000000942,1749211200,3000,2025-06-06 12:00:00,0,0,True,False,0,1.2472646208669749e-05,1.2415832000523207e-05,1.252e-05,1.2415832000523207e-05
1970-01-01 00:00:00.000000943,1749212100,1659,2025-06-06 12:15:00,0,0,False,False,0,1.2490073104334874e-05,1.2444239104596479e-05,1.252e-05,1.2444239104596479e-05
1970-01-01 00:00:00.000000944,1749213000,2404,2025-06-06 12:30:00,0,0,True,False,0,1.2558786552167438e-05,1.2467156104465676e-05,1.264e-05,1.2467156104465676e-05
1970-01-01 00:00:00.000000945,1749213900,3331,2025-06-06 12:45:00,0,0,False,False,0,1.2557509138041858e-05,1.2512971328316558e-05,1.258e-05,1.2512971328316558e-05
1970-01-01 00:00:00.000000946,1749214800,7,2025-06-06 13:00:00,0,0,False,False,0,1.255875456902093e-05,1.2535240233179208e-05,1.258e-05,1.2535240233179208e-05
1970-01-01 00:00:00.000000947,1749215700,205,2025-06-06 13:15:00,0,0,False,False,0,1.2551877284510464e-05,1.2546997401100069e-05,1.256e-05,1.254e-05
1970-01-01 00:00:00.000000948,1749216600,2384,2025-06-06 13:30:00,0,0,False,False,0,1.2586877284510464e-05,1.2549437342805266e-05,1.262e-05,1.2549437342805266e-05
1970-01-01 00:00:00.000000949,1749217500,3392,2025-06-06 13:45:00,0,0,False,False,0,1.2620938642255233e-05,1.2568157313657864e-05,1.266e-05,1.2568157313657864e-05
1970-01-01 00:00:00.000000950,1749218400,2590,2025-06-06 14:00:00,0,0,False,False,0,1.2626719321127615e-05,1.2594547977956548e-05,1.264e-05,1.2594547977956548e-05
1970-01-01 00:00:00.000000951,1749219300,30,2025-06-06 14:15:00,0,0,False,False,0,1.2642109660563808e-05,1.261063364954208e-05,1.266e-05,1.261063364954208e-05
1970-01-01 00:00:00.000000952,1749220200,0,2025-06-06 14:30:00,0,0,False,False,0,1.2651054830281904e-05,1.2626371655052944e-05,1.266e-05,1.2626371655052944e-05
1970-01-01 00:00:00.000000953,1749221100,61,2025-06-06 14:45:00,0,0,True,False,0,1.2690527415140951e-05,1.2638713242667425e-05,1.274e-05,1.2638713242667425e-05
1970-01-01 00:00:00.000000954,1749222000,444,2025-06-06 15:00:00,0,0,False,False,0,1.2722763707570475e-05,1.2664620328904188e-05,1.278e-05,1.2664620328904188e-05
1970-01-01 00:00:00.000000955,1749222900,4470,2025-06-06 15:15:00,0,0,False,False,0,1.273944092689262e-05,1.2693692018237332e-05,1.282e-05,1.268e-05
1970-01-01 00:00:00.000000956,1749223800,140,2025-06-06 15:30:00,0,0,False,False,0,1.2681940926892617e-05,1.2716566472564977e-05,1.2728881853785237e-05,1.262e-05
1970-01-01 00:00:00.000000957,1749224700,0,2025-06-06 15:45:00,0,0,False,False,0,1.2654720463446309e-05,1.2699253699728797e-05,1.2699253699728797e-05,1.262e-05
1970-01-01 00:00:00.000000958,1749225600,1040,2025-06-06 16:00:00,0,0,False,False,0,1.2631110231723155e-05,1.2676987081587554e-05,1.2676987081587554e-05,1.26e-05
1970-01-01 00:00:00.000000959,1749226500,1000,2025-06-06 16:15:00,0,0,False,False,0,1.2637430115861577e-05,1.2654048656655354e-05,1.2654048656655354e-05,1.2634860231723155e-05
