,time,volume,Timestamp,close,open,high,low,RF_BuySignal,RF_SellSignal,rsi_buy,rsi_sell,gaizy_color,GreenArrow,RedArrow,Signal_Final
1970-01-01 00:00:00.000000760,1749047400,5785,2025-06-04 14:30:00,2614.1875,2610.205984851651,2617.5,2609.7,0,0,False,False,black,False,False,0
1970-01-01 00:00:00.000000761,1749048300,23399,2025-06-04 14:45:00,2628.425,2612.1967424258255,2639.9,2612.1967424258255,1,0,False,False,black,True,False,2
1970-01-01 00:00:00.000000762,1749049200,11636,2025-06-04 15:00:00,2640.5,2620.310871212913,2646.0,2620.310871212913,0,0,False,False,black,False,False,0
1970-01-01 00:00:00.000000763,1749050100,23714,2025-06-04 15:15:00,2648.5,2630.405435606456,2657.9,2630.405435606456,0,0,False,False,green,False,False,0
1970-01-01 00:00:00.000000764,1749051000,33503,2025-06-04 15:30:00,2657.6875,2639.452717803228,2672.55,2639.452717803228,0,0,False,False,green,False,False,0
1970-01-01 00:00:00.000000765,1749051900,20013,2025-06-04 15:45:00,2669.0375,2648.570108901614,2678.2,2648.570108901614,0,0,False,False,green,False,False,0
1970-01-01 00:00:00.000000766,1749052800,22306,2025-06-04 16:00:00,2662.6625,2658.8038044508066,2668.0,2656.2,0,0,False,True,black,False,False,0
1970-01-01 00:00:00.000000767,1749053700,19014,2025-06-04 16:15:00,2654.5249999999996,2660.7331522254035,2660.7331522254035,2648.9,0,0,False,False,black,False,False,0
1970-01-01 00:00:00.000000768,1749054600,11805,2025-06-04 16:30:00,2652.5375,2657.6290761127016,2659.4,2648.15,0,0,False,False,black,False,False,0
1970-01-01 00:00:00.000000769,1749055500,9311,2025-06-04 16:45:00,2654.8875,2655.0832880563507,2658.9,2650.6,0,0,False,False,black,False,False,0
1970-01-01 00:00:00.000000770,1749056400,7029,2025-06-04 17:00:00,2654.8,2654.9853940281755,2658.85,2648.8,0,0,False,False,black,False,False,0
1970-01-01 00:00:00.000000771,1749057300,17486,2025-06-04 17:15:00,2647.4375,2654.892697014088,2654.892697014088,2641.8,0,0,False,False,black,False,True,-1
1970-01-01 00:00:00.000000772,1749058200,29518,2025-06-04 17:30:00,2636.4624999999996,2651.1650985070437,2651.1650985070437,2629.15,0,1,False,False,black,False,False,-2
1970-01-01 00:00:00.000000773,1749059100,13755,2025-06-04 17:45:00,2634.4875,2643.8137992535217,2643.8137992535217,2631.9,0,0,False,False,black,False,False,0
1970-01-01 00:00:00.000000774,1749060000,5071,2025-06-04 18:00:00,2636.2875000000004,2639.150649626761,2641.0,2633.85,0,0,False,False,black,False,False,0
1970-01-01 00:00:00.000000775,1749060900,5057,2025-06-04 18:15:00,2636.425,2637.7190748133808,2639.75,2635.2,0,0,False,False,black,False,False,0
1970-01-01 00:00:00.000000776,1749061800,2936,2025-06-04 18:30:00,2636.4375,2637.0720374066905,2637.95,2634.75,0,0,False,False,black,False,False,0
1970-01-01 00:00:00.000000777,1749062700,6368,2025-06-04 18:45:00,2632.625,2636.7547687033452,2638.8,2624.5,0,0,False,False,black,False,False,0
1970-01-01 00:00:00.000000778,1749063600,4713,2025-06-04 19:00:00,2626.6375,2634.689884351673,2634.689884351673,2622.8,0,0,False,False,black,False,False,0
1970-01-01 00:00:00.000000779,1749064500,6341,2025-06-04 19:15:00,2624.7999999999997,2630.6636921758363,2630.6636921758363,2621.5,0,0,False,False,black,False,False,0
1970-01-01 00:00:00.000000780,1749065400,11704,2025-06-04 19:30:00,2626.1125,2627.731846087918,2631.35,2621.5,0,0,False,False,black,False,False,0
1970-01-01 00:00:00.000000781,1749066300,4471,2025-06-04 19:45:00,2627.0374999999995,2626.922173043959,2631.1,2623.4,0,0,False,False,black,False,False,0
1970-01-01 00:00:00.000000782,1749067200,5392,2025-06-04 20:00:00,2619.725,2626.9798365219795,2626.9798365219795,2616.2,0,0,False,False,black,False,True,0
1970-01-01 00:00:00.000000783,1749068100,26044,2025-06-04 20:15:00,2611.05,2623.35241826099,2623.35241826099,2600.25,0,0,False,False,black,False,False,0
1970-01-01 00:00:00.000000784,1749069000,1805,2025-06-04 20:30:00,2609.5499999999997,2617.201209130495,2617.201209130495,2605.7,0,0,False,False,black,False,False,0
1970-01-01 00:00:00.000000785,1749069900,7286,2025-06-04 20:45:00,2603.9,2613.375604565247,2613.375604565247,2598.3,0,0,False,False,black,False,False,0
1970-01-01 00:00:00.000000786,1749070800,3723,2025-06-04 21:00:00,2606.9875,2608.637802282624,2612.9,2598.85,0,0,True,False,black,False,False,0
1970-01-01 00:00:00.000000787,1749071700,1248,2025-06-04 21:15:00,2606.825,2607.812651141312,2608.3,2605.1,0,0,False,False,black,False,False,0
1970-01-01 00:00:00.000000788,1749072600,2668,2025-06-04 21:30:00,2612.5249999999996,2607.318825570656,2618.2,2607.318825570656,0,0,False,False,black,False,False,0
1970-01-01 00:00:00.000000789,1749073500,2728,2025-06-04 21:45:00,2618.2625,2609.9219127853275,2621.8,2609.9219127853275,0,0,False,False,black,False,False,0
1970-01-01 00:00:00.000000790,1749074400,408,2025-06-04 22:00:00,2613.375,2614.0922063926637,2615.45,2610.7,0,0,False,False,black,False,False,0
1970-01-01 00:00:00.000000791,1749075300,220,2025-06-04 22:15:00,2610.25,2613.733603196332,2614.35,2606.15,0,0,False,False,black,False,False,0
1970-01-01 00:00:00.000000792,1749076200,619,2025-06-04 22:30:00,2609.8625,2611.9918015981657,2611.9918015981657,2608.0,0,0,False,False,black,False,False,0
1970-01-01 00:00:00.000000793,1749077100,2158,2025-06-04 22:45:00,2605.525,2610.927150799083,2610.927150799083,2604.6,0,0,False,False,black,False,True,0
1970-01-01 00:00:00.000000794,1749078000,208,2025-06-04 23:00:00,2606.575,2608.2260753995415,2608.65,2604.5,0,0,False,False,black,False,False,0
1970-01-01 00:00:00.000000795,1749078900,904,2025-06-04 23:15:00,2604.775,2607.4005376997707,2607.5,2599.05,0,0,False,False,black,False,False,0
1970-01-01 00:00:00.000000796,1749079800,2238,2025-06-04 23:30:00,2607.95,2606.0877688498854,2610.65,2605.25,0,0,False,False,green,False,False,0
1970-01-01 00:00:00.000000797,1749080700,1364,2025-06-04 23:45:00,2608.45,2607.0188844249424,2611.0,2606.4,0,0,False,False,green,False,False,0
1970-01-01 00:00:00.000000798,1749081600,2653,2025-06-05 00:00:00,2609.0750000000003,2607.734442212471,2611.8,2607.734442212471,0,0,False,False,green,False,False,0
1970-01-01 00:00:00.000000799,1749082500,1055,2025-06-05 00:15:00,2606.3500000000004,2608.4047211062357,2608.4047211062357,2604.05,0,0,False,False,green,False,False,0
1970-01-01 00:00:00.000000800,1749083400,2453,2025-06-05 00:30:00,2610.9375,2607.377360553118,2613.15,2607.377360553118,0,0,False,False,green,False,False,0
1970-01-01 00:00:00.000000801,1749084300,676,2025-06-05 00:45:00,2608.2875000000004,2609.157430276559,2610.45,2605.25,0,0,False,False,green,False,False,0
1970-01-01 00:00:00.000000802,1749085200,1110,2025-06-05 01:00:00,2612.05,2608.7224651382794,2613.35,2608.7224651382794,0,0,False,False,green,False,False,0
1970-01-01 00:00:00.000000803,1749086100,3411,2025-06-05 01:15:00,2610.2,2610.38623256914,2613.8,2606.0,0,0,False,False,green,False,False,0
1970-01-01 00:00:00.000000804,1749087000,5422,2025-06-05 01:30:00,2606.65,2610.29311628457,2610.29311628457,2604.5,0,0,False,False,green,False,False,0
1970-01-01 00:00:00.000000805,1749087900,1419,2025-06-05 01:45:00,2606.5625,2608.471558142285,2608.5,2603.6,0,0,False,False,green,False,False,0
1970-01-01 00:00:00.000000806,1749088800,9132,2025-06-05 02:00:00,2613.6875,2607.5170290711426,2618.55,2607.5170290711426,0,0,False,False,green,True,False,0
1970-01-01 00:00:00.000000807,1749089700,4028,2025-06-05 02:15:00,2614.8375,2610.6022645355715,2617.85,2610.6022645355715,0,0,False,False,green,False,False,0
1970-01-01 00:00:00.000000808,1749090600,5233,2025-06-05 02:30:00,2618.7375,2612.7198822677856,2626.85,2612.05,0,0,False,False,green,True,False,0
1970-01-01 00:00:00.000000809,1749091500,3822,2025-06-05 02:45:00,2621.6625,2615.728691133893,2626.0,2615.728691133893,0,0,False,False,green,False,False,0
1970-01-01 00:00:00.000000810,1749092400,3779,2025-06-05 03:00:00,2620.55,2618.6955955669464,2624.75,2617.05,0,0,False,False,green,False,False,0
1970-01-01 00:00:00.000000811,1749093300,5388,2025-06-05 03:15:00,2623.4624999999996,2619.6227977834733,2626.8,2619.6227977834733,0,0,False,False,green,False,False,0
1970-01-01 00:00:00.000000812,1749094200,5269,2025-06-05 03:30:00,2625.1375000000003,2621.5426488917365,2630.25,2620.15,1,0,False,False,green,False,False,0
1970-01-01 00:00:00.000000813,1749095100,5725,2025-06-05 03:45:00,2625.25,2623.3400744458686,2628.5,2623.25,0,0,False,False,green,False,False,0
1970-01-01 00:00:00.000000814,1749096000,10342,2025-06-05 04:00:00,2624.075,2624.2950372229343,2627.7,2620.15,0,0,False,False,green,False,False,0
1970-01-01 00:00:00.000000815,1749096900,4879,2025-06-05 04:15:00,2626.95,2624.185018611467,2630.0,2624.185018611467,0,0,False,False,green,False,False,0
1970-01-01 00:00:00.000000816,1749097800,7900,2025-06-05 04:30:00,2629.3625,2625.5675093057334,2632.8,2625.5675093057334,0,0,False,False,green,False,False,0
1970-01-01 00:00:00.000000817,1749098700,5597,2025-06-05 04:45:00,2630.4624999999996,2627.465004652867,2633.0,2627.465004652867,0,0,False,False,green,False,False,0
1970-01-01 00:00:00.000000818,1749099600,6303,2025-06-05 05:00:00,2626.7125,2628.963752326433,2629.9,2623.25,0,0,False,False,black,False,False,0
1970-01-01 00:00:00.000000819,1749100500,7423,2025-06-05 05:15:00,2622.5875,2627.8381261632167,2627.8381261632167,2619.2,0,0,False,False,black,False,False,0
1970-01-01 00:00:00.000000820,1749101400,22592,2025-06-05 05:30:00,2614.575,2625.212813081608,2625.212813081608,2607.15,0,1,False,False,black,False,False,0
1970-01-01 00:00:00.000000821,1749102300,8412,2025-06-05 05:45:00,2611.0,2619.893906540804,2619.893906540804,2607.95,0,0,False,False,black,False,False,0
1970-01-01 00:00:00.000000822,1749103200,8264,2025-06-05 06:00:00,2612.0,2615.446953270402,2615.446953270402,2609.2,0,0,False,False,black,False,False,0
1970-01-01 00:00:00.000000823,1749104100,14972,2025-06-05 06:15:00,2612.4125000000004,2613.723476635201,2616.65,2605.25,0,0,False,False,black,False,False,0
1970-01-01 00:00:00.000000824,1749105000,9777,2025-06-05 06:30:00,2609.1125,2613.067988317601,2616.05,2601.8,0,0,False,False,black,False,False,0
1970-01-01 00:00:00.000000825,1749105900,4990,2025-06-05 06:45:00,2604.1375000000003,2611.0902441588005,2611.0902441588005,2601.65,0,0,False,False,black,False,False,0
1970-01-01 00:00:00.000000826,1749106800,13139,2025-06-05 07:00:00,2606.7,2607.6138720794006,2610.0,2603.95,0,0,False,False,black,False,False,0
1970-01-01 00:00:00.000000827,1749107700,12192,2025-06-05 07:15:00,2611.175,2607.1569360397,2613.55,2607.1569360397,0,0,False,False,black,False,False,0
1970-01-01 00:00:00.000000828,1749108600,7810,2025-06-05 07:30:00,2607.7375,2609.16596801985,2611.95,2603.75,0,0,False,False,black,False,False,0
1970-01-01 00:00:00.000000829,1749109500,11378,2025-06-05 07:45:00,2602.9625000000005,2608.451734009925,2608.451734009925,2600.1,0,0,False,False,black,False,True,-1
1970-01-01 00:00:00.000000830,1749110400,4341,2025-06-05 08:00:00,2604.825,2605.707117004963,2607.0,2603.1,0,0,False,False,black,False,False,0
1970-01-01 00:00:00.000000831,1749111300,10070,2025-06-05 08:15:00,2605.2625,2605.2660585024814,2609.25,2597.6,0,0,False,False,black,False,False,0
1970-01-01 00:00:00.000000832,1749112200,6345,2025-06-05 08:30:00,2605.6375000000003,2605.2642792512406,2609.5,2601.85,0,0,False,False,black,False,False,0
1970-01-01 00:00:00.000000833,1749113100,6557,2025-06-05 08:45:00,2603.9,2605.45088962562,2607.0,2602.0,0,0,False,False,black,False,False,0
1970-01-01 00:00:00.000000834,1749114000,3010,2025-06-05 09:00:00,2606.4375,2604.6754448128104,2609.35,2604.6754448128104,0,0,False,False,black,False,False,0
1970-01-01 00:00:00.000000835,1749114900,4702,2025-06-05 09:15:00,2605.9375,2605.556472406405,2608.5,2603.75,0,0,False,False,black,False,False,0
1970-01-01 00:00:00.000000836,1749115800,3486,2025-06-05 09:30:00,2605.5875,2605.7469862032026,2607.3,2603.8,0,0,False,False,black,False,False,0
1970-01-01 00:00:00.000000837,1749116700,4214,2025-06-05 09:45:00,2607.7749999999996,2605.6672431016013,2609.5,2605.25,0,0,False,False,black,False,False,0
1970-01-01 00:00:00.000000838,1749117600,8830,2025-06-05 10:00:00,2610.3625,2606.7211215508005,2612.95,2606.7211215508005,0,0,False,False,black,False,False,0
1970-01-01 00:00:00.000000839,1749118500,7965,2025-06-05 10:15:00,2606.8,2608.5418107754003,2612.25,2601.55,0,0,False,False,black,False,False,0
1970-01-01 00:00:00.000000840,1749119400,51435,2025-06-05 10:30:00,2594.225,2607.6709053877003,2607.6709053877003,2580.0,0,0,False,False,red,False,True,-1
1970-01-01 00:00:00.000000841,1749120300,12595,2025-06-05 10:45:00,2592.3,2600.9479526938503,2600.9479526938503,2585.8,0,0,False,False,red,False,False,0
1970-01-01 00:00:00.000000842,1749121200,9161,2025-06-05 11:00:00,2595.5625,2596.6239763469252,2598.65,2592.55,0,0,False,False,black,False,False,0
1970-01-01 00:00:00.000000843,1749122100,10364,2025-06-05 11:15:00,2598.7375,2596.093238173463,2603.95,2593.35,0,0,False,False,black,False,False,0
1970-01-01 00:00:00.000000844,1749123000,8861,2025-06-05 11:30:00,2604.6625000000004,2597.4153690867315,2608.0,2597.4153690867315,0,0,False,False,black,False,False,0
1970-01-01 00:00:00.000000845,1749123900,6783,2025-06-05 11:45:00,2606.2625,2601.038934543366,2608.8,2601.038934543366,0,0,False,False,black,False,False,0
1970-01-01 00:00:00.000000846,1749124800,17276,2025-06-05 12:00:00,2612.2,2603.650717271683,2619.95,2603.650717271683,1,0,False,False,black,True,False,2
1970-01-01 00:00:00.000000847,1749125700,19358,2025-06-05 12:15:00,2621.7875,2607.9253586358413,2626.65,2607.9253586358413,0,0,False,False,black,False,False,0
1970-01-01 00:00:00.000000848,1749126600,12799,2025-06-05 12:30:00,2625.0875,2614.8564293179206,2629.95,2614.8564293179206,0,0,False,False,black,False,False,0
1970-01-01 00:00:00.000000849,1749127500,24278,2025-06-05 12:45:00,2631.1875,2619.97196465896,2640.0,2619.97196465896,0,0,False,False,black,True,False,0
1970-01-01 00:00:00.000000850,1749128400,11937,2025-06-05 13:00:00,2628.1625000000004,2625.57973232948,2634.9,2620.75,0,0,False,True,black,False,False,0
1970-01-01 00:00:00.000000851,1749129300,10564,2025-06-05 13:15:00,2626.275,2626.87111616474,2630.45,2621.0,0,0,False,False,black,False,False,0
1970-01-01 00:00:00.000000852,1749130200,21305,2025-06-05 13:30:00,2620.8375,2626.57305808237,2629.55,2611.65,0,0,False,False,black,False,False,0
1970-01-01 00:00:00.000000853,1749131100,38837,2025-06-05 13:45:00,2596.8875,2623.7052790411853,2623.7052790411853,2578.15,0,1,False,False,black,False,False,0
1970-01-01 00:00:00.000000854,1749132000,20892,2025-06-05 14:00:00,2588.025,2610.2963895205926,2610.2963895205926,2584.95,0,0,False,False,black,False,False,0
1970-01-01 00:00:00.000000855,1749132900,45172,2025-06-05 14:15:00,2578.5874999999996,2599.1606947602963,2599.1606947602963,2560.0,0,0,False,False,black,False,False,0
1970-01-01 00:00:00.000000856,1749133800,32992,2025-06-05 14:30:00,2584.8625,2588.8740973801478,2594.75,2570.85,0,0,False,False,black,False,False,0
1970-01-01 00:00:00.000000857,1749134700,29992,2025-06-05 14:45:00,2592.1625000000004,2586.868298690074,2611.45,2579.05,0,0,False,False,black,False,False,0
1970-01-01 00:00:00.000000858,1749135600,19874,2025-06-05 15:00:00,2585.2125,2589.515399345037,2591.0,2581.15,0,0,False,False,black,False,False,0
1970-01-01 00:00:00.000000859,1749136500,22187,2025-06-05 15:15:00,2590.7000000000003,2587.3639496725186,2601.4,2581.15,0,0,False,False,black,False,False,0
1970-01-01 00:00:00.000000860,1749137400,23773,2025-06-05 15:30:00,2596.0625,2589.0319748362595,2600.5,2589.0319748362595,0,0,False,False,black,False,False,0
1970-01-01 00:00:00.000000861,1749138300,13210,2025-06-05 15:45:00,2591.2625,2592.54723741813,2595.95,2586.85,0,0,False,False,black,False,False,0
1970-01-01 00:00:00.000000862,1749139200,15135,2025-06-05 16:00:00,2584.4125,2591.904868709065,2591.904868709065,2579.7,0,0,False,False,black,False,False,0
1970-01-01 00:00:00.000000863,1749140100,34643,2025-06-05 16:15:00,2569.575,2588.1586843545324,2588.1586843545324,2556.2,0,0,False,False,black,False,False,0
1970-01-01 00:00:00.000000864,1749141000,21818,2025-06-05 16:30:00,2564.5375,2578.8668421772663,2578.8668421772663,2556.95,0,0,False,False,black,False,False,0
1970-01-01 00:00:00.000000865,1749141900,16048,2025-06-05 16:45:00,2558.2875000000004,2571.702171088633,2571.702171088633,2549.0,0,0,False,False,black,False,False,0
1970-01-01 00:00:00.000000866,1749142800,10707,2025-06-05 17:00:00,2564.5625,2564.9948355443166,2572.45,2557.6,0,0,True,False,black,False,False,0
1970-01-01 00:00:00.000000867,1749143700,17415,2025-06-05 17:15:00,2570.8500000000004,2564.7786677721583,2575.95,2564.7786677721583,0,0,False,False,black,False,False,0
1970-01-01 00:00:00.000000868,1749144600,6729,2025-06-05 17:30:00,2569.7749999999996,2567.814333886079,2573.05,2566.45,0,0,False,False,black,False,False,0
1970-01-01 00:00:00.000000869,1749145500,10204,2025-06-05 17:45:00,2567.6625,2568.7946669430394,2570.5,2563.0,0,0,False,False,black,False,False,0
1970-01-01 00:00:00.000000870,1749146400,19541,2025-06-05 18:00:00,2562.5875,2568.2285834715194,2573.4,2552.3,0,0,False,False,black,False,False,0
1970-01-01 00:00:00.000000871,1749147300,29081,2025-06-05 18:15:00,2566.625,2565.40804173576,2577.15,2555.75,0,0,False,False,black,False,False,0
1970-01-01 00:00:00.000000872,1749148200,17294,2025-06-05 18:30:00,2576.5375,2566.01652086788,2582.7,2566.01652086788,0,0,False,False,black,False,False,0
1970-01-01 00:00:00.000000873,1749149100,4208,2025-06-05 18:45:00,2575.85,2571.2770104339397,2580.75,2571.2770104339397,0,0,False,False,green,False,False,0
1970-01-01 00:00:00.000000874,1749150000,15688,2025-06-05 19:00:00,2569.1125,2573.56350521697,2576.85,2562.35,0,0,False,False,black,False,False,0
1970-01-01 00:00:00.000000875,1749150900,67942,2025-06-05 19:15:00,2542.7,2571.338002608485,2571.338002608485,2504.35,0,0,False,False,black,False,False,0
1970-01-01 00:00:00.000000876,1749151800,30025,2025-06-05 19:30:00,2540.8,2557.0190013042425,2557.0190013042425,2536.0,0,0,False,False,black,False,False,0
1970-01-01 00:00:00.000000877,1749152700,15256,2025-06-05 19:45:00,2533.6125,2548.909500652121,2548.909500652121,2525.45,0,0,False,False,pink,False,False,0
1970-01-01 00:00:00.000000878,1749153600,32022,2025-06-05 20:00:00,2514.5625,2541.2610003260606,2541.2610003260606,2490.7,0,0,False,False,pink,False,False,0
1970-01-01 00:00:00.000000879,1749154500,58863,2025-06-05 20:15:00,2475.425,2527.9117501630303,2527.9117501630303,2435.6,0,0,False,False,pink,False,False,0
1970-01-01 00:00:00.000000880,1749155400,24562,2025-06-05 20:30:00,2441.55,2501.6683750815155,2501.6683750815155,2404.1,0,0,False,False,pink,False,False,0
1970-01-01 00:00:00.000000881,1749156300,32173,2025-06-05 20:45:00,2410.275,2471.609187540758,2471.609187540758,2387.55,0,0,False,False,pink,False,False,0
1970-01-01 00:00:00.000000882,1749157200,16406,2025-06-05 21:00:00,2404.975,2440.942093770379,2440.942093770379,2391.3,0,0,False,False,pink,False,False,0
1970-01-01 00:00:00.000000883,1749158100,9207,2025-06-05 21:15:00,2417.3125,2422.958546885189,2423.25,2413.25,0,0,False,False,black,False,False,0
1970-01-01 00:00:00.000000884,1749159000,10986,2025-06-05 21:30:00,2432.2875,2420.1355234425946,2447.3,2419.7,0,0,False,False,black,False,False,0
1970-01-01 00:00:00.000000885,1749159900,2233,2025-06-05 21:45:00,2432.7875000000004,2426.211511721297,2436.9,2422.3,0,0,False,False,black,False,False,0
1970-01-01 00:00:00.000000886,1749160800,3145,2025-06-05 22:00:00,2416.8125,2429.4995058606487,2429.4995058606487,2411.1,0,0,False,False,black,False,True,-1
1970-01-01 00:00:00.000000887,1749161700,1240,2025-06-05 22:15:00,2416.1375,2423.1560029303246,2423.2,2409.1,0,0,False,False,black,False,False,0
1970-01-01 00:00:00.000000888,1749162600,2285,2025-06-05 22:30:00,2423.0375,2419.646751465162,2424.9,2419.646751465162,0,0,False,False,black,False,False,0
1970-01-01 00:00:00.000000889,1749163500,2917,2025-06-05 22:45:00,2430.5375000000004,2421.342125732581,2434.4,2421.342125732581,0,0,False,False,green,True,False,0
1970-01-01 00:00:00.000000890,1749164400,314,2025-06-05 23:00:00,2430.325,2425.9398128662906,2432.9,2425.9398128662906,0,0,False,False,green,False,False,0
1970-01-01 00:00:00.000000891,1749165300,978,2025-06-05 23:15:00,2424.6125,2428.132406433145,2428.132406433145,2421.75,0,0,False,False,green,False,False,0
1970-01-01 00:00:00.000000892,1749166200,1893,2025-06-05 23:30:00,2421.45,2426.3724532165725,2426.3724532165725,2417.9,0,0,False,False,green,False,False,0
1970-01-01 00:00:00.000000893,1749167100,1628,2025-06-05 23:45:00,2414.9125000000004,2423.911226608286,2423.911226608286,2410.55,0,0,False,False,green,False,False,0
1970-01-01 00:00:00.000000894,1749168000,7740,2025-06-06 00:00:00,2408.6875,2419.4118633041435,2419.4118633041435,2404.7,0,0,False,False,green,False,False,0
1970-01-01 00:00:00.000000895,1749168900,8832,2025-06-06 00:15:00,2399.125,2414.0496816520717,2414.0496816520717,2377.0,0,0,False,False,green,False,False,0
1970-01-01 00:00:00.000000896,1749169800,3988,2025-06-06 00:30:00,2417.3875000000003,2406.587340826036,2422.9,2406.587340826036,0,0,True,False,green,False,False,0
1970-01-01 00:00:00.000000897,1749170700,3839,2025-06-06 00:45:00,2422.9875,2411.9874204130183,2426.85,2411.9874204130183,0,0,False,False,green,False,False,0
1970-01-01 00:00:00.000000898,1749171600,2759,2025-06-06 01:00:00,2423.6125,2417.4874602065092,2426.6,2417.4874602065092,0,0,False,False,green,False,False,0
1970-01-01 00:00:00.000000899,1749172500,3151,2025-06-06 01:15:00,2421.0,2420.5499801032547,2425.05,2415.9,0,0,False,False,green,False,False,0
1970-01-01 00:00:00.000000900,1749173400,2707,2025-06-06 01:30:00,2421.8875,2420.7749900516274,2425.9,2419.0,0,0,False,False,green,False,False,0
1970-01-01 00:00:00.000000901,1749174300,3954,2025-06-06 01:45:00,2419.7375,2421.3312450258136,2423.7,2415.65,0,0,False,False,green,False,False,0
1970-01-01 00:00:00.000000902,1749175200,6458,2025-06-06 02:00:00,2419.0375,2420.534372512907,2421.9,2416.2,0,0,False,False,green,False,False,0
1970-01-01 00:00:00.000000903,1749176100,11029,2025-06-06 02:15:00,2411.5249999999996,2419.785936256453,2419.785936256453,2403.95,0,0,False,False,green,False,True,0
1970-01-01 00:00:00.000000904,1749177000,10246,2025-06-06 02:30:00,2411.3625,2415.6554681282264,2417.95,2403.1,0,0,False,False,green,False,False,0
1970-01-01 00:00:00.000000905,1749177900,11641,2025-06-06 02:45:00,2424.9625,2413.508984064113,2434.65,2413.508984064113,0,0,False,False,green,True,False,0
1970-01-01 00:00:00.000000906,1749178800,14900,2025-06-06 03:00:00,2431.1625,2419.235742032057,2435.3,2419.235742032057,0,0,False,False,green,False,False,0
1970-01-01 00:00:00.000000907,1749179700,13253,2025-06-06 03:15:00,2435.0375,2425.1991210160286,2443.9,2425.1991210160286,0,0,False,False,green,False,False,0
1970-01-01 00:00:00.000000908,1749180600,12112,2025-06-06 03:30:00,2444.725,2430.1183105080145,2448.7,2430.1183105080145,0,0,False,False,green,False,False,0
1970-01-01 00:00:00.000000909,1749181500,15811,2025-06-06 03:45:00,2451.3500000000004,2437.4216552540074,2455.45,2437.4216552540074,1,0,False,False,green,False,False,0
1970-01-01 00:00:00.000000910,1749182400,10021,2025-06-06 04:00:00,2451.2125,2444.385827627004,2456.2,2444.385827627004,0,0,False,False,green,False,False,0
1970-01-01 00:00:00.000000911,1749183300,14496,2025-06-06 04:15:00,2450.4,2447.7991638135018,2455.65,2446.05,0,0,False,False,green,False,False,0
1970-01-01 00:00:00.000000912,1749184200,6115,2025-06-06 04:30:00,2450.9,2449.099581906751,2455.0,2447.85,0,0,False,False,green,False,False,0
1970-01-01 00:00:00.000000913,1749185100,17039,2025-06-06 04:45:00,2456.025,2449.999790953376,2462.15,2449.999790953376,0,0,False,False,green,True,False,0
1970-01-01 00:00:00.000000914,1749186000,8407,2025-06-06 05:00:00,2459.7,2453.0123954766877,2463.7,2453.0123954766877,0,0,False,False,green,False,False,0
1970-01-01 00:00:00.000000915,1749186900,17816,2025-06-06 05:15:00,2455.6375,2456.356197738344,2464.05,2446.9,0,0,False,False,green,False,False,0
1970-01-01 00:00:00.000000916,1749187800,10816,2025-06-06 05:30:00,2451.9375,2455.996848869172,2457.3,2445.3,0,0,False,False,green,False,False,0
1970-01-01 00:00:00.000000917,1749188700,7323,2025-06-06 05:45:00,2457.8625,2453.967174434586,2460.5,2453.967174434586,0,0,False,False,green,False,False,0
1970-01-01 00:00:00.000000918,1749189600,1406,2025-06-06 06:00:00,2459.225,2455.914837217293,2463.4,2454.0,0,0,False,False,green,False,False,0
1970-01-01 00:00:00.000000919,1749190500,12273,2025-06-06 06:15:00,2459.1125,2457.5699186086467,2466.35,2450.8,0,0,False,False,green,False,False,0
1970-01-01 00:00:00.000000920,1749191400,3883,2025-06-06 06:30:00,2457.55,2458.3412093043235,2462.4,2455.65,0,0,False,False,green,False,False,0
1970-01-01 00:00:00.000000921,1749192300,4703,2025-06-06 06:45:00,2457.725,2457.945604652162,2460.35,2456.15,0,0,False,False,green,False,False,0
1970-01-01 00:00:00.000000922,1749193200,3447,2025-06-06 07:00:00,2459.0,2457.8353023260806,2461.0,2456.8,0,0,False,False,green,False,False,0
1970-01-01 00:00:00.000000923,1749194100,8671,2025-06-06 07:15:00,2462.0375000000004,2458.4176511630403,2467.3,2458.4176511630403,0,0,False,False,green,True,False,0
1970-01-01 00:00:00.000000924,1749195000,5894,2025-06-06 07:30:00,2457.575,2460.2275755815203,2461.85,2452.3,0,0,False,False,green,False,False,0
1970-01-01 00:00:00.000000925,1749195900,8871,2025-06-06 07:45:00,2451.3875,2458.90128779076,2458.90128779076,2448.65,0,0,False,False,green,False,False,0
1970-01-01 00:00:00.000000926,1749196800,5298,2025-06-06 08:00:00,2456.65,2455.14439389538,2460.5,2453.05,0,0,False,False,green,False,False,0
1970-01-01 00:00:00.000000927,1749197700,6856,2025-06-06 08:15:00,2461.15,2455.8971969476897,2464.45,2455.8971969476897,0,0,False,False,green,True,False,0
1970-01-01 00:00:00.000000928,1749198600,4427,2025-06-06 08:30:00,2460.2375,2458.5235984738447,2461.8,2455.65,0,0,False,False,green,False,False,0
1970-01-01 00:00:00.000000929,1749199500,2588,2025-06-06 08:45:00,2461.175,2459.3805492369224,2463.2,2459.0,0,0,False,False,green,False,False,0
1970-01-01 00:00:00.000000930,1749200400,5575,2025-06-06 09:00:00,2461.575,2460.277774618461,2463.95,2458.95,0,0,False,False,green,False,False,0
1970-01-01 00:00:00.000000931,1749201300,31335,2025-06-06 09:15:00,2469.95,2460.9263873092304,2481.2,2460.9263873092304,0,0,False,False,green,True,False,0
1970-01-01 00:00:00.000000932,1749202200,4989,2025-06-06 09:30:00,2472.45,2465.438193654615,2475.0,2465.438193654615,0,0,False,False,green,False,False,0
1970-01-01 00:00:00.000000933,1749203100,5898,2025-06-06 09:45:00,2469.6625000000004,2468.9440968273075,2472.15,2467.15,0,0,False,False,green,False,False,0
1970-01-01 00:00:00.000000934,1749204000,12717,2025-06-06 10:00:00,2472.6875,2469.303298413654,2478.45,2467.35,0,0,False,False,green,False,False,0
1970-01-01 00:00:00.000000935,1749204900,8649,2025-06-06 10:15:00,2479.8374999999996,2470.9953992068267,2485.4,2470.9953992068267,0,0,False,False,green,False,False,0
1970-01-01 00:00:00.000000936,1749205800,7641,2025-06-06 10:30:00,2479.4875,2475.416449603413,2481.55,2475.416449603413,0,0,False,False,green,False,False,0
1970-01-01 00:00:00.000000937,1749206700,13737,2025-06-06 10:45:00,2481.3500000000004,2477.4519748017065,2484.55,2477.4519748017065,0,0,False,False,green,False,False,0
1970-01-01 00:00:00.000000938,1749207600,14032,2025-06-06 11:00:00,2482.325,2479.4009874008534,2487.0,2478.45,0,0,False,False,green,False,False,0
1970-01-01 00:00:00.000000939,1749208500,8857,2025-06-06 11:15:00,2485.1625,2480.8629937004266,2492.35,2480.8629937004266,0,0,False,False,green,False,False,0
1970-01-01 00:00:00.000000940,1749209400,30753,2025-06-06 11:30:00,2478.8375,2483.0127468502133,2483.0127468502133,2471.05,0,0,False,True,blue,False,False,0
1970-01-01 00:00:00.000000941,1749210300,8321,2025-06-06 11:45:00,2477.0,2480.925123425107,2480.925123425107,2474.2,0,0,False,False,blue,False,False,0
1970-01-01 00:00:00.000000942,1749211200,8564,2025-06-06 12:00:00,2476.7,2478.9625617125535,2479.45,2472.75,0,0,False,False,blue,False,False,0
1970-01-01 00:00:00.000000943,1749212100,7526,2025-06-06 12:15:00,2477.1,2477.831280856277,2478.5,2473.0,0,0,False,False,blue,False,False,0
1970-01-01 00:00:00.000000944,1749213000,50185,2025-06-06 12:30:00,2478.7375,2477.4656404281386,2499.7,2464.25,0,0,False,False,blue,False,False,0
1970-01-01 00:00:00.000000945,1749213900,17082,2025-06-06 12:45:00,2475.0875,2478.1015702140694,2478.9,2473.15,0,0,False,False,blue,False,False,0
1970-01-01 00:00:00.000000946,1749214800,9758,2025-06-06 13:00:00,2480.6875,2476.594535107035,2487.85,2474.95,0,0,False,False,green,False,False,0
1970-01-01 00:00:00.000000947,1749215700,11246,2025-06-06 13:15:00,2482.05,2478.6410175535175,2485.1,2478.3,0,0,False,False,green,False,False,0
1970-01-01 00:00:00.000000948,1749216600,26259,2025-06-06 13:30:00,2491.8125,2480.345508776759,2506.75,2480.345508776759,0,0,False,False,green,True,False,0
1970-01-01 00:00:00.000000949,1749217500,33813,2025-06-06 13:45:00,2504.9875,2486.0790043883794,2517.7,2486.0790043883794,0,0,False,False,green,False,False,0
1970-01-01 00:00:00.000000950,1749218400,27846,2025-06-06 14:00:00,2504.7875,2495.53325219419,2511.35,2493.35,0,0,False,False,green,False,False,0
1970-01-01 00:00:00.000000951,1749219300,13287,2025-06-06 14:15:00,2509.2250000000004,2500.1603760970947,2512.8,2500.1603760970947,0,0,False,False,green,False,False,0
1970-01-01 00:00:00.000000952,1749220200,34024,2025-06-06 14:30:00,2510.4249999999997,2504.6926880485476,2517.7,2500.3,0,0,False,False,green,False,False,0
1970-01-01 00:00:00.000000953,1749221100,13012,2025-06-06 14:45:00,2517.575,2507.5588440242736,2523.3,2507.5588440242736,0,0,False,False,green,False,False,0
1970-01-01 00:00:00.000000954,1749222000,4785,2025-06-06 15:00:00,2519.9875,2512.5669220121367,2525.1,2512.5669220121367,0,0,False,False,green,False,False,0
1970-01-01 00:00:00.000000955,1749222900,23047,2025-06-06 15:15:00,2516.6499999999996,2516.2772110060687,2529.6,2505.0,0,0,False,False,green,False,False,0
1970-01-01 00:00:00.000000956,1749223800,36112,2025-06-06 15:30:00,2503.3875000000003,2516.463605503034,2516.463605503034,2494.55,0,0,False,True,green,False,False,0
1970-01-01 00:00:00.000000957,1749224700,6059,2025-06-06 15:45:00,2504.4375,2509.925552751517,2509.925552751517,2500.25,0,0,False,False,green,False,False,0
1970-01-01 00:00:00.000000958,1749225600,23921,2025-06-06 16:00:00,2509.175,2507.1815263757585,2517.0,2505.2,0,0,False,False,green,False,False,0
1970-01-01 00:00:00.000000959,1749226500,9498,2025-06-06 16:15:00,2507.65,2508.1782631878796,2510.7,2503.3,0,0,False,False,green,False,False,0
