close,high,low,open,time,volume
1.264e-05,1.264e-05,1.264e-05,1.264e-05,1749226500,1000
1.26e-05,1.264e-05,1.26e-05,1.262e-05,1749225600,1040
1.262e-05,1.262e-05,1.262e-05,1.262e-05,1749224700,0
1.262e-05,1.268e-05,1.262e-05,1.268e-05,1749223800,140
1.268e-05,1.282e-05,1.268e-05,1.28e-05,1749222900,4470
1.27e-05,1.278e-05,1.27e-05,1.278e-05,1749222000,444
1.274e-05,1.274e-05,1.27e-05,1.27e-05,1749221100,61
1.266e-05,1.266e-05,1.266e-05,1.266e-05,1749220200,0
1.266e-05,1.266e-05,1.266e-05,1.266e-05,1749219300,30
1.262e-05,1.264e-05,1.262e-05,1.264e-05,1749218400,2590
1.264e-05,1.266e-05,1.264e-05,1.266e-05,1749217500,3392
1.262e-05,1.262e-05,1.262e-05,1.262e-05,1749216600,2384
1.254e-05,1.256e-05,1.254e-05,1.256e-05,1749215700,205
1.258e-05,1.258e-05,1.254e-05,1.254e-05,1749214800,7
1.254e-05,1.258e-05,1.254e-05,1.256e-05,1749213900,3331
1.264e-05,1.264e-05,1.26e-05,1.262e-05,1749213000,2404
1.252e-05,1.252e-05,1.248e-05,1.248e-05,1749212100,1659
1.252e-05,1.252e-05,1.25e-05,1.25e-05,1749211200,3000
1.244e-05,1.244e-05,1.244e-05,1.244e-05,1749210300,500
1.244e-05,1.244e-05,1.244e-05,1.244e-05,1749209400,0
1.244e-05,1.244e-05,1.242e-05,1.242e-05,1749208500,730
1.24e-05,1.24e-05,1.238e-05,1.238e-05,1749207600,2010
1.236e-05,1.236e-05,1.236e-05,1.236e-05,1749206700,1
1.236e-05,1.236e-05,1.236e-05,1.236e-05,1749205800,2384
1.238e-05,1.238e-05,1.234e-05,1.234e-05,1749204900,700
1.232e-05,1.234e-05,1.232e-05,1.232e-05,1749204000,1316
1.232e-05,1.232e-05,1.232e-05,1.232e-05,1749203100,500
1.234e-05,1.234e-05,1.23e-05,1.23e-05,1749202200,10
1.228e-05,1.228e-05,1.228e-05,1.228e-05,1749201300,0
1.228e-05,1.23e-05,1.228e-05,1.23e-05,1749200400,2
1.228e-05,1.228e-05,1.228e-05,1.228e-05,1749199500,347
1.226e-05,1.228e-05,1.226e-05,1.228e-05,1749198600,447
1.224e-05,1.224e-05,1.224e-05,1.224e-05,1749197700,0
1.224e-05,1.224e-05,1.224e-05,1.224e-05,1749196800,2
1.224e-05,1.224e-05,1.22e-05,1.224e-05,1749195900,4151
1.226e-05,1.226e-05,1.226e-05,1.226e-05,1749195000,0
1.226e-05,1.226e-05,1.224e-05,1.224e-05,1749194100,673
1.228e-05,1.228e-05,1.228e-05,1.228e-05,1749193200,11
1.224e-05,1.226e-05,1.224e-05,1.226e-05,1749192300,1757
1.226e-05,1.226e-05,1.226e-05,1.226e-05,1749191400,57
1.22e-05,1.22e-05,1.22e-05,1.22e-05,1749190500,605
1.222e-05,1.222e-05,1.222e-05,1.222e-05,1749189600,0
1.222e-05,1.222e-05,1.222e-05,1.222e-05,1749188700,104
1.218e-05,1.218e-05,1.218e-05,1.218e-05,1749187800,0
1.218e-05,1.224e-05,1.218e-05,1.224e-05,1749186900,10
1.224e-05,1.224e-05,1.222e-05,1.222e-05,1749186000,200
1.224e-05,1.224e-05,1.224e-05,1.224e-05,1749185100,104
1.222e-05,1.222e-05,1.22e-05,1.22e-05,1749184200,2657
1.216e-05,1.22e-05,1.216e-05,1.22e-05,1749183300,342
1.216e-05,1.218e-05,1.214e-05,1.218e-05,1749182400,1982
1.216e-05,1.216e-05,1.212e-05,1.212e-05,1749181500,695
1.21e-05,1.21e-05,1.21e-05,1.21e-05,1749180600,2
1.208e-05,1.208e-05,1.202e-05,1.202e-05,1749179700,993
1.204e-05,1.204e-05,1.2e-05,1.202e-05,1749178800,1357
1.202e-05,1.202e-05,1.202e-05,1.202e-05,1749177900,10
1.202e-05,1.202e-05,1.202e-05,1.202e-05,1749177000,200
1.208e-05,1.208e-05,1.208e-05,1.208e-05,1749176100,0
1.208e-05,1.208e-05,1.208e-05,1.208e-05,1749175200,0
1.208e-05,1.208e-05,1.208e-05,1.208e-05,1749174300,165
1.204e-05,1.204e-05,1.204e-05,1.204e-05,1749173400,0
1.204e-05,1.204e-05,1.204e-05,1.204e-05,1749172500,0
1.204e-05,1.204e-05,1.204e-05,1.204e-05,1749171600,1442
1.204e-05,1.206e-05,1.204e-05,1.204e-05,1749170700,1807
1.204e-05,1.204e-05,1.204e-05,1.204e-05,1749169800,100
1.202e-05,1.202e-05,1.202e-05,1.202e-05,1749168900,0
1.202e-05,1.202e-05,1.202e-05,1.202e-05,1749168000,0
1.202e-05,1.202e-05,1.202e-05,1.202e-05,1749167100,0
1.202e-05,1.202e-05,1.202e-05,1.202e-05,1749166200,148
1.202e-05,1.202e-05,1.199e-05,1.202e-05,1749165300,805
1.208e-05,1.208e-05,1.208e-05,1.208e-05,1749164400,0
1.208e-05,1.208e-05,1.208e-05,1.208e-05,1749163500,0
1.208e-05,1.208e-05,1.208e-05,1.208e-05,1749162600,0
1.208e-05,1.208e-05,1.208e-05,1.208e-05,1749161700,0
1.208e-05,1.208e-05,1.208e-05,1.208e-05,1749160800,0
1.208e-05,1.208e-05,1.208e-05,1.208e-05,1749159900,0
1.208e-05,1.208e-05,1.194e-05,1.194e-05,1749159000,2500
1.188e-05,1.188e-05,1.188e-05,1.188e-05,1749158100,0
1.188e-05,1.188e-05,1.188e-05,1.188e-05,1749157200,0
1.188e-05,1.188e-05,1.188e-05,1.188e-05,1749156300,1647
1.19e-05,1.206e-05,1.19e-05,1.206e-05,1749155400,12312
1.196e-05,1.206e-05,1.196e-05,1.206e-05,1749154500,1769
1.208e-05,1.208e-05,1.208e-05,1.208e-05,1749153600,0
1.208e-05,1.208e-05,1.208e-05,1.208e-05,1749152700,0
1.208e-05,1.208e-05,1.208e-05,1.208e-05,1749151800,0
1.208e-05,1.244e-05,1.208e-05,1.244e-05,1749150900,6204
1.246e-05,1.246e-05,1.246e-05,1.246e-05,1749150000,2038
1.256e-05,1.256e-05,1.254e-05,1.254e-05,1749149100,156
1.26e-05,1.26e-05,1.26e-05,1.26e-05,1749148200,0
1.26e-05,1.262e-05,1.26e-05,1.262e-05,1749147300,50
1.25e-05,1.26e-05,1.25e-05,1.26e-05,1749146400,2414
1.256e-05,1.256e-05,1.256e-05,1.256e-05,1749145500,1
1.258e-05,1.26e-05,1.258e-05,1.26e-05,1749144600,603
1.26e-05,1.26e-05,1.26e-05,1.26e-05,1749143700,0
1.26e-05,1.26e-05,1.256e-05,1.256e-05,1749142800,1020
1.258e-05,1.258e-05,1.254e-05,1.256e-05,1749141900,3690
1.258e-05,1.262e-05,1.258e-05,1.262e-05,1749141000,3665
1.258e-05,1.27e-05,1.258e-05,1.27e-05,1749140100,10610
1.276e-05,1.276e-05,1.274e-05,1.274e-05,1749139200,1722
1.278e-05,1.282e-05,1.278e-05,1.282e-05,1749138300,1214
1.28e-05,1.292e-05,1.278e-05,1.282e-05,1749137400,52136
1.284e-05,1.284e-05,1.284e-05,1.284e-05,1749136500,92
1.278e-05,1.278e-05,1.278e-05,1.278e-05,1749135600,0
1.278e-05,1.278e-05,1.278e-05,1.278e-05,1749134700,592
1.272e-05,1.272e-05,1.268e-05,1.27e-05,1749133800,1658
1.27e-05,1.272e-05,1.26e-05,1.27e-05,1749132900,11675
1.272e-05,1.272e-05,1.272e-05,1.272e-05,1749132000,199
1.28e-05,1.282e-05,1.278e-05,1.282e-05,1749131100,1626
1.29e-05,1.29e-05,1.29e-05,1.29e-05,1749130200,1
1.292e-05,1.292e-05,1.292e-05,1.292e-05,1749129300,405
1.294e-05,1.294e-05,1.294e-05,1.294e-05,1749128400,1922
1.292e-05,1.294e-05,1.286e-05,1.288e-05,1749127500,1248
1.29e-05,1.292e-05,1.29e-05,1.292e-05,1749126600,2000
1.29e-05,1.29e-05,1.286e-05,1.286e-05,1749125700,4284
1.284e-05,1.284e-05,1.276e-05,1.28e-05,1749124800,3130
1.278e-05,1.278e-05,1.274e-05,1.278e-05,1749123900,1644
1.276e-05,1.276e-05,1.276e-05,1.276e-05,1749123000,768
1.274e-05,1.274e-05,1.274e-05,1.274e-05,1749122100,76
1.272e-05,1.272e-05,1.272e-05,1.272e-05,1749121200,102
1.278e-05,1.278e-05,1.276e-05,1.276e-05,1749120300,202
1.274e-05,1.274e-05,1.272e-05,1.272e-05,1749119400,609
1.282e-05,1.282e-05,1.282e-05,1.282e-05,1749118500,100
1.28e-05,1.28e-05,1.28e-05,1.28e-05,1749117600,40
1.284e-05,1.284e-05,1.284e-05,1.284e-05,1749116700,0
1.284e-05,1.284e-05,1.284e-05,1.284e-05,1749115800,0
1.284e-05,1.284e-05,1.284e-05,1.284e-05,1749114900,0
1.284e-05,1.284e-05,1.284e-05,1.284e-05,1749114000,38
1.282e-05,1.282e-05,1.282e-05,1.282e-05,1749113100,0
1.282e-05,1.282e-05,1.282e-05,1.282e-05,1749112200,0
1.282e-05,1.282e-05,1.282e-05,1.282e-05,1749111300,0
1.282e-05,1.282e-05,1.282e-05,1.282e-05,1749110400,0
1.282e-05,1.282e-05,1.282e-05,1.282e-05,1749109500,1280
1.282e-05,1.282e-05,1.282e-05,1.282e-05,1749108600,1280
1.274e-05,1.274e-05,1.274e-05,1.274e-05,1749107700,0
1.274e-05,1.274e-05,1.274e-05,1.274e-05,1749106800,1293
1.276e-05,1.276e-05,1.276e-05,1.276e-05,1749105900,0
1.276e-05,1.28e-05,1.276e-05,1.28e-05,1749105000,2940
1.284e-05,1.284e-05,1.278e-05,1.278e-05,1749104100,1100
1.278e-05,1.282e-05,1.278e-05,1.282e-05,1749103200,402
1.278e-05,1.278e-05,1.278e-05,1.278e-05,1749102300,5
1.274e-05,1.274e-05,1.274e-05,1.274e-05,1749101400,351
1.282e-05,1.284e-05,1.282e-05,1.284e-05,1749100500,340
1.29e-05,1.29e-05,1.29e-05,1.29e-05,1749099600,0
1.29e-05,1.29e-05,1.29e-05,1.29e-05,1749098700,168
1.29e-05,1.29e-05,1.29e-05,1.29e-05,1749097800,0
1.29e-05,1.29e-05,1.288e-05,1.288e-05,1749096900,89
1.286e-05,1.286e-05,1.286e-05,1.286e-05,1749096000,0
1.286e-05,1.286e-05,1.286e-05,1.286e-05,1749095100,0
1.286e-05,1.286e-05,1.286e-05,1.286e-05,1749094200,7
1.284e-05,1.284e-05,1.284e-05,1.284e-05,1749093300,35
1.286e-05,1.286e-05,1.286e-05,1.286e-05,1749092400,0
1.286e-05,1.286e-05,1.286e-05,1.286e-05,1749091500,20
1.29e-05,1.29e-05,1.29e-05,1.29e-05,1749090600,0
1.29e-05,1.29e-05,1.29e-05,1.29e-05,1749089700,200
1.282e-05,1.282e-05,1.282e-05,1.282e-05,1749088800,0
1.282e-05,1.282e-05,1.282e-05,1.282e-05,1749087900,15
1.292e-05,1.292e-05,1.292e-05,1.292e-05,1749087000,0
1.292e-05,1.292e-05,1.292e-05,1.292e-05,1749086100,0
1.292e-05,1.292e-05,1.29e-05,1.29e-05,1749085200,310
1.282e-05,1.284e-05,1.282e-05,1.284e-05,1749084300,206
1.28e-05,1.28e-05,1.28e-05,1.28e-05,1749083400,0
1.28e-05,1.28e-05,1.28e-05,1.28e-05,1749082500,0
1.28e-05,1.28e-05,1.28e-05,1.28e-05,1749081600,0
1.28e-05,1.28e-05,1.28e-05,1.28e-05,1749080700,0
1.28e-05,1.28e-05,1.28e-05,1.28e-05,1749079800,0
1.28e-05,1.28e-05,1.28e-05,1.28e-05,1749078900,0
1.28e-05,1.28e-05,1.28e-05,1.28e-05,1749078000,0
1.28e-05,1.28e-05,1.28e-05,1.28e-05,1749077100,0
1.28e-05,1.28e-05,1.28e-05,1.28e-05,1749076200,50
1.278e-05,1.278e-05,1.278e-05,1.278e-05,1749075300,50
1.286e-05,1.286e-05,1.286e-05,1.286e-05,1749074400,0
1.286e-05,1.286e-05,1.286e-05,1.286e-05,1749073500,0
1.286e-05,1.286e-05,1.286e-05,1.286e-05,1749072600,2
1.276e-05,1.278e-05,1.276e-05,1.278e-05,1749071700,2
1.268e-05,1.272e-05,1.268e-05,1.272e-05,1749070800,2852
1.272e-05,1.272e-05,1.272e-05,1.272e-05,1749069900,0
1.272e-05,1.272e-05,1.272e-05,1.272e-05,1749069000,0
1.272e-05,1.274e-05,1.272e-05,1.274e-05,1749068100,619
1.284e-05,1.284e-05,1.284e-05,1.284e-05,1749067200,154
1.288e-05,1.288e-05,1.288e-05,1.288e-05,1749066300,50
1.298e-05,1.298e-05,1.298e-05,1.298e-05,1749065400,0
1.298e-05,1.298e-05,1.296e-05,1.296e-05,1749064500,2573
1.296e-05,1.296e-05,1.296e-05,1.296e-05,1749063600,0
1.296e-05,1.296e-05,1.296e-05,1.296e-05,1749062700,2315
1.298e-05,1.298e-05,1.298e-05,1.298e-05,1749061800,77
1.3e-05,1.3e-05,1.298e-05,1.298e-05,1749060900,2858
1.298e-05,1.298e-05,1.298e-05,1.298e-05,1749060000,23
1.296e-05,1.296e-05,1.296e-05,1.296e-05,1749059100,11
1.294e-05,1.294e-05,1.288e-05,1.29e-05,1749058200,212
1.298e-05,1.3e-05,1.296e-05,1.296e-05,1749057300,123
1.298e-05,1.298e-05,1.298e-05,1.298e-05,1749056400,377
1.302e-05,1.302e-05,1.302e-05,1.302e-05,1749055500,0
1.302e-05,1.302e-05,1.302e-05,1.302e-05,1749054600,0
1.302e-05,1.302e-05,1.302e-05,1.302e-05,1749053700,0
1.302e-05,1.304e-05,1.3e-05,1.304e-05,1749052800,3423
1.302e-05,1.302e-05,1.302e-05,1.302e-05,1749051900,20
1.306e-05,1.306e-05,1.3e-05,1.3e-05,1749051000,4753
1.304e-05,1.304e-05,1.304e-05,1.304e-05,1749050100,200
1.294e-05,1.294e-05,1.294e-05,1.294e-05,1749049200,8
1.294e-05,1.294e-05,1.294e-05,1.294e-05,1749048300,7
1.286e-05,1.286e-05,1.286e-05,1.286e-05,1749047400,1500
1.284e-05,1.284e-05,1.284e-05,1.284e-05,1749046500,50
1.284e-05,1.284e-05,1.276e-05,1.284e-05,1749045600,8347
1.292e-05,1.292e-05,1.292e-05,1.292e-05,1749044700,0
1.292e-05,1.294e-05,1.292e-05,1.294e-05,1749043800,1700
1.286e-05,1.286e-05,1.286e-05,1.286e-05,1749042900,0
1.286e-05,1.29e-05,1.286e-05,1.29e-05,1749042000,13
1.294e-05,1.294e-05,1.292e-05,1.292e-05,1749041100,3362
1.289e-05,1.294e-05,1.289e-05,1.292e-05,1749040200,2437
1.292e-05,1.298e-05,1.29e-05,1.296e-05,1749039300,2003
1.298e-05,1.3e-05,1.298e-05,1.298e-05,1749038400,14201
1.3e-05,1.302e-05,1.3e-05,1.302e-05,1749037500,1813
1.3e-05,1.3e-05,1.3e-05,1.3e-05,1749036600,0
1.3e-05,1.3e-05,1.3e-05,1.3e-05,1749035700,10
1.302e-05,1.302e-05,1.302e-05,1.302e-05,1749034800,20
1.304e-05,1.306e-05,1.302e-05,1.306e-05,1749033900,1693
1.304e-05,1.304e-05,1.304e-05,1.304e-05,1749033000,189
1.31e-05,1.31e-05,1.31e-05,1.31e-05,1749032100,11
1.312e-05,1.312e-05,1.312e-05,1.312e-05,1749031200,20
1.31e-05,1.31e-05,1.31e-05,1.31e-05,1749030300,1471
1.306e-05,1.306e-05,1.306e-05,1.306e-05,1749029400,0
1.306e-05,1.31e-05,1.306e-05,1.31e-05,1749028500,200
1.31e-05,1.312e-05,1.308e-05,1.312e-05,1749027600,6041
1.308e-05,1.312e-05,1.308e-05,1.312e-05,1749026700,152
1.314e-05,1.314e-05,1.314e-05,1.314e-05,1749025800,758
1.313e-05,1.313e-05,1.313e-05,1.313e-05,1749024900,15
1.312e-05,1.312e-05,1.31e-05,1.31e-05,1749024000,4926
1.308e-05,1.308e-05,1.306e-05,1.306e-05,1749023100,1650
1.306e-05,1.306e-05,1.306e-05,1.306e-05,1749022200,150
1.308e-05,1.308e-05,1.308e-05,1.308e-05,1749021300,0
1.308e-05,1.31e-05,1.308e-05,1.31e-05,1749020400,4000
1.31e-05,1.31e-05,1.31e-05,1.31e-05,1749019500,2245
1.312e-05,1.312e-05,1.306e-05,1.306e-05,1749018600,10493
1.306e-05,1.306e-05,1.306e-05,1.306e-05,1749017700,15
1.308e-05,1.308e-05,1.308e-05,1.308e-05,1749016800,1441
1.306e-05,1.312e-05,1.306e-05,1.31e-05,1749015900,2284
1.308e-05,1.31e-05,1.308e-05,1.31e-05,1749015000,786
1.31e-05,1.312e-05,1.31e-05,1.312e-05,1749014100,269
1.312e-05,1.312e-05,1.312e-05,1.312e-05,1749013200,0
1.312e-05,1.312e-05,1.312e-05,1.312e-05,1749012300,31
1.314e-05,1.314e-05,1.314e-05,1.314e-05,1749011400,0
1.314e-05,1.314e-05,1.314e-05,1.314e-05,1749010500,0
1.314e-05,1.314e-05,1.314e-05,1.314e-05,1749009600,0
1.314e-05,1.314e-05,1.314e-05,1.314e-05,1749008700,0
1.314e-05,1.318e-05,1.314e-05,1.316e-05,1749007800,1034
1.314e-05,1.316e-05,1.314e-05,1.316e-05,1749006900,2500
1.31e-05,1.31e-05,1.31e-05,1.31e-05,1749006000,0
1.31e-05,1.31e-05,1.308e-05,1.308e-05,1749005100,2447
1.312e-05,1.312e-05,1.312e-05,1.312e-05,1749004200,0
1.312e-05,1.312e-05,1.312e-05,1.312e-05,1749003300,0
1.312e-05,1.312e-05,1.312e-05,1.312e-05,1749002400,0
1.312e-05,1.312e-05,1.312e-05,1.312e-05,1749001500,0
1.312e-05,1.312e-05,1.312e-05,1.312e-05,1749000600,0
1.312e-05,1.312e-05,1.312e-05,1.312e-05,1748999700,87
1.306e-05,1.306e-05,1.306e-05,1.306e-05,1748998800,0
1.306e-05,1.306e-05,1.3e-05,1.3e-05,1748997900,3062
1.296e-05,1.296e-05,1.296e-05,1.296e-05,1748997000,0
1.296e-05,1.296e-05,1.296e-05,1.296e-05,1748996100,0
1.296e-05,1.296e-05,1.296e-05,1.296e-05,1748995200,0
1.296e-05,1.296e-05,1.296e-05,1.296e-05,1748994300,0
1.296e-05,1.296e-05,1.296e-05,1.296e-05,1748993400,0
1.296e-05,1.296e-05,1.296e-05,1.296e-05,1748992500,0
1.296e-05,1.296e-05,1.296e-05,1.296e-05,1748991600,0
1.296e-05,1.296e-05,1.296e-05,1.296e-05,1748990700,0
1.296e-05,1.296e-05,1.296e-05,1.296e-05,1748989800,0
1.296e-05,1.296e-05,1.296e-05,1.296e-05,1748988900,0
1.296e-05,1.296e-05,1.296e-05,1.296e-05,1748988000,0
1.296e-05,1.298e-05,1.296e-05,1.298e-05,1748987100,16169
1.312e-05,1.312e-05,1.312e-05,1.312e-05,1748986200,0
1.312e-05,1.312e-05,1.312e-05,1.312e-05,1748985300,0
1.312e-05,1.312e-05,1.312e-05,1.312e-05,1748984400,0
1.312e-05,1.312e-05,1.312e-05,1.312e-05,1748983500,0
1.312e-05,1.312e-05,1.306e-05,1.306e-05,1748982600,159
1.304e-05,1.308e-05,1.304e-05,1.308e-05,1748981700,1429
1.322e-05,1.322e-05,1.322e-05,1.322e-05,1748980800,0
1.322e-05,1.322e-05,1.318e-05,1.32e-05,1748979900,43
1.322e-05,1.322e-05,1.32e-05,1.32e-05,1748979000,20
1.32e-05,1.32e-05,1.32e-05,1.32e-05,1748978100,0
1.32e-05,1.32e-05,1.318e-05,1.318e-05,1748977200,874
1.316e-05,1.316e-05,1.316e-05,1.316e-05,1748976300,0
1.316e-05,1.316e-05,1.314e-05,1.314e-05,1748975400,120
1.316e-05,1.318e-05,1.316e-05,1.318e-05,1748974500,2088
1.318e-05,1.318e-05,1.318e-05,1.318e-05,1748973600,0
1.318e-05,1.318e-05,1.318e-05,1.318e-05,1748972700,2870
1.326e-05,1.326e-05,1.324e-05,1.324e-05,1748971800,2870
1.326e-05,1.326e-05,1.326e-05,1.326e-05,1748970900,20
1.32e-05,1.32e-05,1.32e-05,1.32e-05,1748970000,1418
1.316e-05,1.32e-05,1.316e-05,1.318e-05,1748969100,5736
1.324e-05,1.324e-05,1.318e-05,1.318e-05,1748968200,2152
1.322e-05,1.322e-05,1.322e-05,1.322e-05,1748967300,5
1.338e-05,1.338e-05,1.338e-05,1.338e-05,1748966400,0
1.338e-05,1.338e-05,1.33e-05,1.332e-05,1748965500,10012
1.33e-05,1.33e-05,1.326e-05,1.33e-05,1748964600,4067
1.334e-05,1.334e-05,1.328e-05,1.328e-05,1748963700,4601
1.332e-05,1.332e-05,1.332e-05,1.332e-05,1748962800,0
1.332e-05,1.332e-05,1.324e-05,1.326e-05,1748961900,7178
1.318e-05,1.318e-05,1.318e-05,1.318e-05,1748961000,100
1.318e-05,1.318e-05,1.318e-05,1.318e-05,1748960100,327
1.312e-05,1.316e-05,1.312e-05,1.316e-05,1748959200,301
1.32e-05,1.32e-05,1.32e-05,1.32e-05,1748958300,5
1.322e-05,1.322e-05,1.32e-05,1.32e-05,1748957400,235
1.324e-05,1.324e-05,1.324e-05,1.324e-05,1748956500,1
1.322e-05,1.322e-05,1.318e-05,1.318e-05,1748955600,6013
1.316e-05,1.316e-05,1.316e-05,1.316e-05,1748954700,0
1.316e-05,1.316e-05,1.316e-05,1.316e-05,1748953800,1193
1.314e-05,1.314e-05,1.314e-05,1.314e-05,1748952900,0
1.314e-05,1.314e-05,1.31e-05,1.31e-05,1748952000,1927
1.314e-05,1.314e-05,1.314e-05,1.314e-05,1748951100,0
1.314e-05,1.314e-05,1.314e-05,1.314e-05,1748950200,155
1.318e-05,1.318e-05,1.318e-05,1.318e-05,1748949300,0
1.318e-05,1.318e-05,1.318e-05,1.318e-05,1748948400,1
1.314e-05,1.318e-05,1.314e-05,1.318e-05,1748947500,2506
1.316e-05,1.318e-05,1.316e-05,1.318e-05,1748946600,10
1.32e-05,1.32e-05,1.318e-05,1.318e-05,1748945700,3000
1.316e-05,1.32e-05,1.316e-05,1.318e-05,1748944800,6649
1.316e-05,1.318e-05,1.316e-05,1.316e-05,1748943900,508
1.31e-05,1.31e-05,1.31e-05,1.31e-05,1748943000,0
1.31e-05,1.31e-05,1.31e-05,1.31e-05,1748942100,5
1.31e-05,1.314e-05,1.31e-05,1.314e-05,1748941200,4738
1.312e-05,1.312e-05,1.306e-05,1.308e-05,1748940300,2081
1.308e-05,1.31e-05,1.306e-05,1.31e-05,1748939400,7391
1.312e-05,1.312e-05,1.304e-05,1.304e-05,1748938500,2598
1.312e-05,1.314e-05,1.312e-05,1.314e-05,1748937600,2008
1.316e-05,1.32e-05,1.316e-05,1.32e-05,1748936700,1082
1.318e-05,1.32e-05,1.318e-05,1.32e-05,1748935800,3235
1.32e-05,1.32e-05,1.318e-05,1.318e-05,1748934900,874
1.322e-05,1.323e-05,1.32e-05,1.323e-05,1748934000,1310
1.322e-05,1.322e-05,1.322e-05,1.322e-05,1748933100,0
1.322e-05,1.322e-05,1.316e-05,1.316e-05,1748932200,770
1.316e-05,1.32e-05,1.316e-05,1.318e-05,1748931300,1728
1.324e-05,1.324e-05,1.324e-05,1.324e-05,1748930400,0
1.324e-05,1.336e-05,1.32e-05,1.336e-05,1748929500,1152
1.336e-05,1.336e-05,1.314e-05,1.314e-05,1748928600,4155
1.314e-05,1.334e-05,1.314e-05,1.314e-05,1748927700,2623
1.334e-05,1.334e-05,1.334e-05,1.334e-05,1748926800,1000
1.314e-05,1.334e-05,1.314e-05,1.314e-05,1748925900,4
1.314e-05,1.334e-05,1.314e-05,1.314e-05,1748925000,1288
1.314e-05,1.334e-05,1.314e-05,1.314e-05,1748924100,337
1.334e-05,1.334e-05,1.314e-05,1.314e-05,1748923200,1520
1.334e-05,1.334e-05,1.334e-05,1.334e-05,1748922300,850
1.314e-05,1.324e-05,1.314e-05,1.324e-05,1748921400,2303
1.334e-05,1.334e-05,1.324e-05,1.334e-05,1748920500,2397
1.314e-05,1.334e-05,1.314e-05,1.332e-05,1748919600,2493
1.314e-05,1.332e-05,1.314e-05,1.332e-05,1748918700,3617
1.332e-05,1.332e-05,1.314e-05,1.314e-05,1748917800,4453
1.33e-05,1.33e-05,1.314e-05,1.33e-05,1748916900,2887
1.314e-05,1.33e-05,1.314e-05,1.33e-05,1748916000,1708
1.33e-05,1.33e-05,1.314e-05,1.314e-05,1748915100,7577
1.328e-05,1.328e-05,1.314e-05,1.314e-05,1748914200,10437
1.328e-05,1.328e-05,1.32e-05,1.32e-05,1748913300,11875
1.32e-05,1.32e-05,1.314e-05,1.314e-05,1748912400,1520
1.318e-05,1.318e-05,1.318e-05,1.318e-05,1748911500,627
1.318e-05,1.318e-05,1.318e-05,1.318e-05,1748910600,0
1.318e-05,1.318e-05,1.318e-05,1.318e-05,1748909700,0
1.318e-05,1.318e-05,1.318e-05,1.318e-05,1748908800,0
1.318e-05,1.318e-05,1.318e-05,1.318e-05,1748907900,0
1.318e-05,1.318e-05,1.318e-05,1.318e-05,1748907000,230
1.318e-05,1.318e-05,1.318e-05,1.318e-05,1748906100,0
1.318e-05,1.318e-05,1.318e-05,1.318e-05,1748905200,0
1.318e-05,1.318e-05,1.318e-05,1.318e-05,1748904300,0
1.318e-05,1.318e-05,1.314e-05,1.314e-05,1748903400,5896
1.314e-05,1.316e-05,1.314e-05,1.316e-05,1748902500,20
1.304e-05,1.304e-05,1.304e-05,1.304e-05,1748901600,0
1.304e-05,1.304e-05,1.304e-05,1.304e-05,1748900700,0
1.304e-05,1.304e-05,1.304e-05,1.304e-05,1748899800,0
1.304e-05,1.304e-05,1.304e-05,1.304e-05,1748898900,0
1.304e-05,1.304e-05,1.3e-05,1.3e-05,1748898000,241
1.282e-05,1.282e-05,1.282e-05,1.282e-05,1748897100,0
1.282e-05,1.282e-05,1.282e-05,1.282e-05,1748896200,0
1.282e-05,1.282e-05,1.282e-05,1.282e-05,1748895300,0
1.282e-05,1.282e-05,1.282e-05,1.282e-05,1748894400,0
1.282e-05,1.282e-05,1.282e-05,1.282e-05,1748893500,0
1.282e-05,1.284e-05,1.282e-05,1.284e-05,1748892600,86
1.29e-05,1.29e-05,1.286e-05,1.286e-05,1748891700,164
1.296e-05,1.296e-05,1.294e-05,1.294e-05,1748890800,76
1.288e-05,1.288e-05,1.288e-05,1.288e-05,1748889900,35
1.292e-05,1.292e-05,1.292e-05,1.292e-05,1748889000,35
1.294e-05,1.294e-05,1.294e-05,1.294e-05,1748888100,400
1.288e-05,1.292e-05,1.288e-05,1.292e-05,1748887200,1025
1.29e-05,1.29e-05,1.29e-05,1.29e-05,1748886300,7
1.288e-05,1.288e-05,1.288e-05,1.288e-05,1748885400,85
1.29e-05,1.29e-05,1.29e-05,1.29e-05,1748884500,600
1.28e-05,1.28e-05,1.28e-05,1.28e-05,1748883600,0
1.28e-05,1.28e-05,1.28e-05,1.28e-05,1748882700,10
1.28e-05,1.28e-05,1.28e-05,1.28e-05,1748881800,574
1.28e-05,1.28e-05,1.28e-05,1.28e-05,1748880900,25
1.286e-05,1.286e-05,1.286e-05,1.286e-05,1748880000,40
1.29e-05,1.29e-05,1.288e-05,1.288e-05,1748879100,210
1.286e-05,1.288e-05,1.286e-05,1.288e-05,1748878200,225
1.278e-05,1.278e-05,1.278e-05,1.278e-05,1748877300,0
1.278e-05,1.278e-05,1.278e-05,1.278e-05,1748876400,1
1.286e-05,1.286e-05,1.286e-05,1.286e-05,1748875500,0
1.286e-05,1.286e-05,1.286e-05,1.286e-05,1748874600,633
1.28e-05,1.28e-05,1.28e-05,1.28e-05,1748873700,306
1.28e-05,1.282e-05,1.28e-05,1.282e-05,1748872800,1872
1.276e-05,1.284e-05,1.276e-05,1.284e-05,1748871900,2199
1.28e-05,1.286e-05,1.28e-05,1.284e-05,1748871000,1656
1.28e-05,1.286e-05,1.278e-05,1.284e-05,1748870100,2335
1.282e-05,1.282e-05,1.282e-05,1.282e-05,1748869200,0
1.282e-05,1.284e-05,1.282e-05,1.284e-05,1748868300,1919
1.272e-05,1.272e-05,1.272e-05,1.272e-05,1748867400,0
1.272e-05,1.272e-05,1.268e-05,1.272e-05,1748866500,3
1.278e-05,1.278e-05,1.278e-05,1.278e-05,1748865600,0
1.278e-05,1.278e-05,1.278e-05,1.278e-05,1748864700,0
1.278e-05,1.278e-05,1.278e-05,1.278e-05,1748863800,0
1.278e-05,1.278e-05,1.278e-05,1.278e-05,1748862900,0
1.278e-05,1.278e-05,1.268e-05,1.268e-05,1748862000,6559
1.27e-05,1.27e-05,1.27e-05,1.27e-05,1748861100,918
1.266e-05,1.268e-05,1.266e-05,1.268e-05,1748860200,9968
1.27e-05,1.27e-05,1.27e-05,1.27e-05,1748859300,0
1.27e-05,1.27e-05,1.262e-05,1.262e-05,1748858400,1157
1.266e-05,1.27e-05,1.264e-05,1.268e-05,1748857500,12225
1.268e-05,1.268e-05,1.268e-05,1.268e-05,1748856600,1421
1.27e-05,1.272e-05,1.27e-05,1.272e-05,1748855700,203
1.27e-05,1.274e-05,1.27e-05,1.274e-05,1748854800,1424
1.284e-05,1.284e-05,1.284e-05,1.284e-05,1748853900,0
1.284e-05,1.284e-05,1.284e-05,1.284e-05,1748853000,0
1.284e-05,1.284e-05,1.284e-05,1.284e-05,1748852100,200
1.282e-05,1.282e-05,1.282e-05,1.282e-05,1748851200,0
1.282e-05,1.282e-05,1.282e-05,1.282e-05,1748850300,658
1.284e-05,1.284e-05,1.282e-05,1.284e-05,1748849400,203
1.282e-05,1.29e-05,1.282e-05,1.29e-05,1748848500,2688
1.274e-05,1.276e-05,1.274e-05,1.276e-05,1748847600,2106
1.274e-05,1.274e-05,1.274e-05,1.274e-05,1748846700,703
1.276e-05,1.276e-05,1.276e-05,1.276e-05,1748845800,700
1.276e-05,1.276e-05,1.276e-05,1.276e-05,1748844900,0
1.276e-05,1.276e-05,1.274e-05,1.274e-05,1748844000,170
1.272e-05,1.272e-05,1.272e-05,1.272e-05,1748843100,0
1.272e-05,1.276e-05,1.272e-05,1.276e-05,1748842200,206
1.276e-05,1.278e-05,1.276e-05,1.278e-05,1748841300,2803
1.278e-05,1.278e-05,1.274e-05,1.274e-05,1748840400,3102
1.278e-05,1.278e-05,1.278e-05,1.278e-05,1748839500,11
1.276e-05,1.278e-05,1.276e-05,1.278e-05,1748838600,799
1.276e-05,1.276e-05,1.276e-05,1.276e-05,1748837700,797
1.274e-05,1.276e-05,1.274e-05,1.276e-05,1748836800,722
1.28e-05,1.28e-05,1.278e-05,1.278e-05,1748835900,2957
1.278e-05,1.278e-05,1.278e-05,1.278e-05,1748835000,692
1.27e-05,1.272e-05,1.268e-05,1.272e-05,1748834100,2400
1.274e-05,1.274e-05,1.274e-05,1.274e-05,1748833200,1
1.276e-05,1.278e-05,1.276e-05,1.278e-05,1748832300,502
1.284e-05,1.284e-05,1.282e-05,1.282e-05,1748831400,1600
1.28e-05,1.28e-05,1.28e-05,1.28e-05,1748830500,0
1.28e-05,1.282e-05,1.28e-05,1.282e-05,1748829600,4
1.284e-05,1.284e-05,1.284e-05,1.284e-05,1748828700,37
1.288e-05,1.288e-05,1.286e-05,1.286e-05,1748827800,140
1.29e-05,1.29e-05,1.29e-05,1.29e-05,1748826900,0
1.29e-05,1.29e-05,1.29e-05,1.29e-05,1748826000,0
1.29e-05,1.29e-05,1.29e-05,1.29e-05,1748825100,0
1.29e-05,1.29e-05,1.288e-05,1.288e-05,1748824200,2028
1.298e-05,1.298e-05,1.298e-05,1.298e-05,1748823300,0
1.298e-05,1.298e-05,1.298e-05,1.298e-05,1748822400,0
1.298e-05,1.298e-05,1.298e-05,1.298e-05,1748821500,0
1.298e-05,1.298e-05,1.298e-05,1.298e-05,1748820600,0
1.298e-05,1.298e-05,1.298e-05,1.298e-05,1748819700,0
1.298e-05,1.298e-05,1.298e-05,1.298e-05,1748818800,0
1.298e-05,1.298e-05,1.298e-05,1.298e-05,1748817900,0
1.298e-05,1.298e-05,1.298e-05,1.298e-05,1748817000,0
1.298e-05,1.298e-05,1.298e-05,1.298e-05,1748816100,0
1.298e-05,1.298e-05,1.298e-05,1.298e-05,1748815200,0
1.298e-05,1.298e-05,1.298e-05,1.298e-05,1748814300,1
1.294e-05,1.298e-05,1.294e-05,1.296e-05,1748813400,2286
1.294e-05,1.294e-05,1.294e-05,1.294e-05,1748812500,1
1.292e-05,1.292e-05,1.292e-05,1.292e-05,1748811600,0
1.292e-05,1.292e-05,1.292e-05,1.292e-05,1748810700,0
1.292e-05,1.292e-05,1.292e-05,1.292e-05,1748809800,0
1.292e-05,1.292e-05,1.292e-05,1.292e-05,1748808900,3963
1.292e-05,1.292e-05,1.292e-05,1.292e-05,1748808000,0
1.292e-05,1.292e-05,1.288e-05,1.29e-05,1748807100,117
1.288e-05,1.292e-05,1.288e-05,1.292e-05,1748806200,4116
1.286e-05,1.288e-05,1.286e-05,1.288e-05,1748805300,40
1.288e-05,1.288e-05,1.288e-05,1.288e-05,1748804400,4
1.28e-05,1.28e-05,1.28e-05,1.28e-05,1748803500,4957
1.284e-05,1.288e-05,1.284e-05,1.288e-05,1748802600,795
1.286e-05,1.292e-05,1.286e-05,1.292e-05,1748801700,672
1.296e-05,1.3e-05,1.294e-05,1.3e-05,1748800800,4198
1.3e-05,1.306e-05,1.298e-05,1.298e-05,1748799900,22965
1.296e-05,1.3e-05,1.296e-05,1.296e-05,1748799000,202
1.296e-05,1.296e-05,1.292e-05,1.294e-05,1748798100,2050
1.298e-05,1.3e-05,1.296e-05,1.296e-05,1748797200,15
1.296e-05,1.302e-05,1.296e-05,1.302e-05,1748796300,4848
1.304e-05,1.304e-05,1.298e-05,1.302e-05,1748795400,4469
1.302e-05,1.308e-05,1.302e-05,1.308e-05,1748794500,514
1.306e-05,1.306e-05,1.292e-05,1.292e-05,1748793600,2311
1.294e-05,1.294e-05,1.294e-05,1.294e-05,1748792700,476
1.294e-05,1.3e-05,1.294e-05,1.294e-05,1748791800,42395
1.294e-05,1.294e-05,1.29e-05,1.292e-05,1748790900,2379
1.292e-05,1.294e-05,1.291e-05,1.294e-05,1748790000,1553
1.298e-05,1.298e-05,1.292e-05,1.296e-05,1748789100,12945
1.29e-05,1.296e-05,1.29e-05,1.292e-05,1748788200,11388
1.292e-05,1.296e-05,1.286e-05,1.286e-05,1748787300,11102
1.286e-05,1.286e-05,1.282e-05,1.282e-05,1748786400,2170
1.278e-05,1.282e-05,1.276e-05,1.28e-05,1748785500,3247
1.28e-05,1.28e-05,1.276e-05,1.278e-05,1748784600,5211
1.276e-05,1.278e-05,1.276e-05,1.276e-05,1748783700,594
1.272e-05,1.272e-05,1.272e-05,1.272e-05,1748782800,78
1.268e-05,1.272e-05,1.268e-05,1.268e-05,1748781900,2757
1.272e-05,1.272e-05,1.268e-05,1.272e-05,1748781000,4918
1.273e-05,1.282e-05,1.273e-05,1.278e-05,1748780100,52326
1.278e-05,1.282e-05,1.274e-05,1.28e-05,1748779200,32503
1.276e-05,1.28e-05,1.276e-05,1.28e-05,1748778300,5556
1.28e-05,1.28e-05,1.274e-05,1.278e-05,1748777400,2710
1.274e-05,1.276e-05,1.272e-05,1.274e-05,1748776500,613
1.272e-05,1.272e-05,1.272e-05,1.272e-05,1748775600,457
1.268e-05,1.268e-05,1.266e-05,1.266e-05,1748774700,1030
1.266e-05,1.27e-05,1.264e-05,1.268e-05,1748773800,4841
1.268e-05,1.27e-05,1.268e-05,1.27e-05,1748772900,4226
1.268e-05,1.268e-05,1.262e-05,1.264e-05,1748772000,6304
1.262e-05,1.264e-05,1.256e-05,1.262e-05,1748771100,4555
1.258e-05,1.264e-05,1.258e-05,1.262e-05,1748770200,2209
1.262e-05,1.266e-05,1.262e-05,1.264e-05,1748769300,13550
1.268e-05,1.272e-05,1.268e-05,1.27e-05,1748768400,606
1.272e-05,1.278e-05,1.272e-05,1.274e-05,1748767500,12102
1.278e-05,1.278e-05,1.272e-05,1.274e-05,1748766600,5875
1.276e-05,1.28e-05,1.274e-05,1.276e-05,1748765700,2912
1.278e-05,1.278e-05,1.274e-05,1.274e-05,1748764800,165
1.278e-05,1.28e-05,1.276e-05,1.278e-05,1748763900,5146
1.276e-05,1.278e-05,1.276e-05,1.278e-05,1748763000,1787
1.282e-05,1.282e-05,1.282e-05,1.282e-05,1748762100,1500
1.282e-05,1.282e-05,1.274e-05,1.282e-05,1748761200,9163
1.28e-05,1.284e-05,1.28e-05,1.28e-05,1748760300,8803
1.284e-05,1.288e-05,1.284e-05,1.286e-05,1748759400,4226
1.284e-05,1.288e-05,1.278e-05,1.282e-05,1748758500,28336
1.282e-05,1.288e-05,1.282e-05,1.288e-05,1748757600,572
1.286e-05,1.288e-05,1.284e-05,1.284e-05,1748756700,509
1.29e-05,1.29e-05,1.286e-05,1.286e-05,1748755800,6016
1.286e-05,1.29e-05,1.284e-05,1.29e-05,1748754900,589
1.29e-05,1.292e-05,1.288e-05,1.29e-05,1748754000,2609
1.286e-05,1.29e-05,1.286e-05,1.29e-05,1748753100,281
1.286e-05,1.286e-05,1.284e-05,1.284e-05,1748752200,4560
1.284e-05,1.284e-05,1.276e-05,1.276e-05,1748751300,252
1.28e-05,1.28e-05,1.28e-05,1.28e-05,1748750400,1623
1.278e-05,1.28e-05,1.276e-05,1.276e-05,1748749500,4169
1.276e-05,1.276e-05,1.274e-05,1.274e-05,1748748600,5110
1.272e-05,1.274e-05,1.268e-05,1.274e-05,1748747700,532
1.272e-05,1.272e-05,1.272e-05,1.272e-05,1748746800,62
1.278e-05,1.282e-05,1.276e-05,1.276e-05,1748745900,13961
1.276e-05,1.276e-05,1.276e-05,1.276e-05,1748745000,232
1.27e-05,1.27e-05,1.266e-05,1.266e-05,1748744100,2395
1.266e-05,1.268e-05,1.266e-05,1.266e-05,1748743200,3408
1.274e-05,1.274e-05,1.272e-05,1.272e-05,1748742300,222
1.28e-05,1.28e-05,1.28e-05,1.28e-05,1748741400,0
1.28e-05,1.28e-05,1.28e-05,1.28e-05,1748740500,1536
1.286e-05,1.286e-05,1.28e-05,1.282e-05,1748739600,2840
1.274e-05,1.274e-05,1.274e-05,1.274e-05,1748738700,0
1.274e-05,1.274e-05,1.274e-05,1.274e-05,1748737800,2
1.274e-05,1.274e-05,1.274e-05,1.274e-05,1748736900,3743
1.282e-05,1.282e-05,1.282e-05,1.282e-05,1748736000,0
1.282e-05,1.282e-05,1.282e-05,1.282e-05,1748735100,0
1.282e-05,1.282e-05,1.28e-05,1.28e-05,1748734200,1414
1.284e-05,1.284e-05,1.284e-05,1.284e-05,1748733300,1000
1.284e-05,1.286e-05,1.282e-05,1.282e-05,1748732400,2192
1.28e-05,1.284e-05,1.28e-05,1.284e-05,1748731500,98
1.288e-05,1.288e-05,1.288e-05,1.288e-05,1748730600,0
1.288e-05,1.288e-05,1.288e-05,1.288e-05,1748729700,0
1.288e-05,1.288e-05,1.288e-05,1.288e-05,1748728800,0
1.288e-05,1.288e-05,1.288e-05,1.288e-05,1748727900,0
1.288e-05,1.288e-05,1.288e-05,1.288e-05,1748727000,0
1.288e-05,1.288e-05,1.288e-05,1.288e-05,1748726100,0
1.288e-05,1.288e-05,1.288e-05,1.288e-05,1748725200,0
1.288e-05,1.288e-05,1.286e-05,1.286e-05,1748724300,472
1.282e-05,1.282e-05,1.282e-05,1.282e-05,1748723400,0
1.282e-05,1.282e-05,1.282e-05,1.282e-05,1748722500,0
1.282e-05,1.282e-05,1.282e-05,1.282e-05,1748721600,0
1.282e-05,1.286e-05,1.28e-05,1.286e-05,1748720700,3920
1.284e-05,1.284e-05,1.284e-05,1.284e-05,1748719800,1145
1.282e-05,1.282e-05,1.282e-05,1.282e-05,1748718900,231
1.284e-05,1.284e-05,1.282e-05,1.282e-05,1748718000,5299
1.276e-05,1.276e-05,1.276e-05,1.276e-05,1748717100,16
1.274e-05,1.274e-05,1.274e-05,1.274e-05,1748716200,16
1.272e-05,1.276e-05,1.272e-05,1.276e-05,1748715300,263
1.274e-05,1.274e-05,1.274e-05,1.274e-05,1748714400,192
1.268e-05,1.276e-05,1.268e-05,1.274e-05,1748713500,3839
1.272e-05,1.274e-05,1.272e-05,1.274e-05,1748712600,3
1.276e-05,1.278e-05,1.276e-05,1.278e-05,1748711700,14152
1.274e-05,1.28e-05,1.274e-05,1.28e-05,1748710800,84
1.274e-05,1.276e-05,1.274e-05,1.276e-05,1748709900,1520
1.278e-05,1.278e-05,1.278e-05,1.278e-05,1748709000,0
1.278e-05,1.278e-05,1.276e-05,1.276e-05,1748708100,1497
1.272e-05,1.274e-05,1.262e-05,1.262e-05,1748707200,786
1.266e-05,1.27e-05,1.266e-05,1.266e-05,1748706300,11074
1.268e-05,1.276e-05,1.268e-05,1.276e-05,1748705400,31
1.276e-05,1.276e-05,1.27e-05,1.27e-05,1748704500,1810
1.262e-05,1.262e-05,1.262e-05,1.262e-05,1748703600,0
1.262e-05,1.266e-05,1.262e-05,1.264e-05,1748702700,12184
1.264e-05,1.264e-05,1.264e-05,1.264e-05,1748701800,32
1.26e-05,1.26e-05,1.258e-05,1.258e-05,1748700900,801
1.266e-05,1.266e-05,1.262e-05,1.262e-05,1748700000,2597
1.256e-05,1.256e-05,1.256e-05,1.256e-05,1748699100,5
1.254e-05,1.254e-05,1.254e-05,1.254e-05,1748698200,0
1.254e-05,1.258e-05,1.254e-05,1.258e-05,1748697300,128
1.258e-05,1.266e-05,1.252e-05,1.254e-05,1748696400,1568
1.254e-05,1.254e-05,1.246e-05,1.248e-05,1748695500,13730
1.244e-05,1.244e-05,1.238e-05,1.238e-05,1748694600,12312
1.238e-05,1.238e-05,1.238e-05,1.238e-05,1748693700,0
1.238e-05,1.238e-05,1.234e-05,1.236e-05,1748692800,909
1.232e-05,1.232e-05,1.232e-05,1.232e-05,1748691900,0
1.232e-05,1.234e-05,1.232e-05,1.234e-05,1748691000,174
1.234e-05,1.238e-05,1.232e-05,1.238e-05,1748690100,3287
1.232e-05,1.238e-05,1.232e-05,1.238e-05,1748689200,197
1.238e-05,1.24e-05,1.23e-05,1.232e-05,1748688300,5000
1.234e-05,1.242e-05,1.232e-05,1.24e-05,1748687400,7952
1.24e-05,1.246e-05,1.24e-05,1.246e-05,1748686500,1335
1.24e-05,1.24e-05,1.238e-05,1.238e-05,1748685600,2894
1.242e-05,1.244e-05,1.242e-05,1.244e-05,1748684700,8261
1.244e-05,1.244e-05,1.24e-05,1.242e-05,1748683800,3027
1.242e-05,1.248e-05,1.242e-05,1.248e-05,1748682900,257
1.25e-05,1.256e-05,1.25e-05,1.254e-05,1748682000,1500
1.254e-05,1.254e-05,1.25e-05,1.25e-05,1748681100,351
1.246e-05,1.254e-05,1.246e-05,1.254e-05,1748680200,2290
1.25e-05,1.25e-05,1.25e-05,1.25e-05,1748679300,1293
1.256e-05,1.256e-05,1.256e-05,1.256e-05,1748678400,0
1.256e-05,1.26e-05,1.254e-05,1.254e-05,1748677500,4555
1.254e-05,1.258e-05,1.254e-05,1.258e-05,1748676600,5939
1.254e-05,1.254e-05,1.248e-05,1.25e-05,1748675700,1650
1.254e-05,1.254e-05,1.252e-05,1.252e-05,1748674800,2417
1.254e-05,1.258e-05,1.254e-05,1.258e-05,1748673900,1840
1.256e-05,1.258e-05,1.256e-05,1.258e-05,1748673000,928
1.256e-05,1.256e-05,1.256e-05,1.256e-05,1748672100,850
1.248e-05,1.252e-05,1.246e-05,1.246e-05,1748671200,2580
1.248e-05,1.252e-05,1.248e-05,1.252e-05,1748670300,2391
1.258e-05,1.258e-05,1.256e-05,1.256e-05,1748669400,751
1.252e-05,1.252e-05,1.252e-05,1.252e-05,1748668500,0
1.252e-05,1.252e-05,1.25e-05,1.25e-05,1748667600,402
1.256e-05,1.256e-05,1.25e-05,1.25e-05,1748666700,9749
1.254e-05,1.254e-05,1.254e-05,1.254e-05,1748665800,1
1.246e-05,1.248e-05,1.228e-05,1.228e-05,1748664900,10163
1.23e-05,1.23e-05,1.228e-05,1.228e-05,1748664000,4106
1.234e-05,1.234e-05,1.232e-05,1.232e-05,1748663100,2780
1.224e-05,1.228e-05,1.224e-05,1.228e-05,1748662200,2214
1.232e-05,1.238e-05,1.23e-05,1.238e-05,1748661300,525
1.234e-05,1.242e-05,1.234e-05,1.242e-05,1748660400,3041
1.242e-05,1.246e-05,1.242e-05,1.246e-05,1748659500,601
1.248e-05,1.248e-05,1.248e-05,1.248e-05,1748658600,1000
1.252e-05,1.256e-05,1.252e-05,1.256e-05,1748657700,569
1.242e-05,1.242e-05,1.242e-05,1.242e-05,1748656800,270
1.25e-05,1.25e-05,1.25e-05,1.25e-05,1748655900,0
1.25e-05,1.25e-05,1.238e-05,1.244e-05,1748655000,3843
1.252e-05,1.252e-05,1.252e-05,1.252e-05,1748654100,100
1.262e-05,1.262e-05,1.262e-05,1.262e-05,1748653200,0
1.262e-05,1.262e-05,1.262e-05,1.262e-05,1748652300,40
1.26e-05,1.26e-05,1.26e-05,1.26e-05,1748651400,0
1.26e-05,1.26e-05,1.256e-05,1.256e-05,1748650500,1400
1.274e-05,1.274e-05,1.274e-05,1.274e-05,1748649600,0
1.274e-05,1.274e-05,1.274e-05,1.274e-05,1748648700,0
1.274e-05,1.274e-05,1.274e-05,1.274e-05,1748647800,50
1.29e-05,1.29e-05,1.29e-05,1.29e-05,1748646900,0
1.29e-05,1.29e-05,1.29e-05,1.29e-05,1748646000,0
1.29e-05,1.29e-05,1.29e-05,1.29e-05,1748645100,0
1.29e-05,1.294e-05,1.29e-05,1.292e-05,1748644200,1329
1.304e-05,1.304e-05,1.304e-05,1.304e-05,1748643300,0
1.304e-05,1.304e-05,1.304e-05,1.304e-05,1748642400,1660
1.31e-05,1.31e-05,1.31e-05,1.31e-05,1748641500,0
1.31e-05,1.31e-05,1.31e-05,1.31e-05,1748640600,0
1.31e-05,1.31e-05,1.31e-05,1.31e-05,1748639700,0
1.31e-05,1.31e-05,1.31e-05,1.31e-05,1748638800,100
1.31e-05,1.314e-05,1.31e-05,1.312e-05,1748637900,548
1.312e-05,1.312e-05,1.312e-05,1.312e-05,1748637000,0
1.312e-05,1.312e-05,1.312e-05,1.312e-05,1748636100,0
1.312e-05,1.312e-05,1.312e-05,1.312e-05,1748635200,3
1.324e-05,1.324e-05,1.324e-05,1.324e-05,1748634300,0
1.324e-05,1.324e-05,1.32e-05,1.32e-05,1748633400,1206
1.32e-05,1.32e-05,1.32e-05,1.32e-05,1748632500,106
1.312e-05,1.312e-05,1.312e-05,1.312e-05,1748631600,0
1.312e-05,1.312e-05,1.312e-05,1.312e-05,1748630700,0
1.312e-05,1.312e-05,1.312e-05,1.312e-05,1748629800,2
1.302e-05,1.302e-05,1.302e-05,1.302e-05,1748628900,75
1.296e-05,1.296e-05,1.296e-05,1.296e-05,1748628000,0
1.296e-05,1.296e-05,1.296e-05,1.296e-05,1748627100,2
1.29e-05,1.29e-05,1.29e-05,1.29e-05,1748626200,9
1.292e-05,1.292e-05,1.29e-05,1.29e-05,1748625300,1634
1.294e-05,1.294e-05,1.29e-05,1.292e-05,1748624400,6466
1.288e-05,1.29e-05,1.284e-05,1.29e-05,1748623500,1128
1.29e-05,1.3e-05,1.276e-05,1.3e-05,1748622600,4006
1.306e-05,1.316e-05,1.306e-05,1.316e-05,1748621700,1607
1.318e-05,1.318e-05,1.318e-05,1.318e-05,1748620800,75
1.318e-05,1.328e-05,1.318e-05,1.328e-05,1748619900,878
1.326e-05,1.328e-05,1.324e-05,1.326e-05,1748619000,171
1.328e-05,1.328e-05,1.322e-05,1.322e-05,1748618100,19
1.326e-05,1.326e-05,1.326e-05,1.326e-05,1748617200,128
1.328e-05,1.33e-05,1.322e-05,1.326e-05,1748616300,7043
1.328e-05,1.328e-05,1.328e-05,1.328e-05,1748615400,37
1.316e-05,1.316e-05,1.316e-05,1.316e-05,1748614500,0
1.316e-05,1.316e-05,1.316e-05,1.316e-05,1748613600,0
1.316e-05,1.328e-05,1.316e-05,1.328e-05,1748612700,2291
1.328e-05,1.332e-05,1.328e-05,1.328e-05,1748611800,1514
1.336e-05,1.336e-05,1.336e-05,1.336e-05,1748610900,0
1.336e-05,1.336e-05,1.334e-05,1.334e-05,1748610000,724
1.33e-05,1.33e-05,1.33e-05,1.33e-05,1748609100,0
1.33e-05,1.33e-05,1.33e-05,1.33e-05,1748608200,100
1.32e-05,1.32e-05,1.32e-05,1.32e-05,1748607300,9
1.316e-05,1.32e-05,1.316e-05,1.32e-05,1748606400,403
1.334e-05,1.334e-05,1.334e-05,1.334e-05,1748605500,37
1.334e-05,1.336e-05,1.334e-05,1.336e-05,1748604600,332
1.33e-05,1.338e-05,1.33e-05,1.338e-05,1748603700,346
1.336e-05,1.338e-05,1.334e-05,1.336e-05,1748602800,2004
1.332e-05,1.332e-05,1.33e-05,1.33e-05,1748601900,1109
1.33e-05,1.33e-05,1.33e-05,1.33e-05,1748601000,250
1.326e-05,1.33e-05,1.326e-05,1.33e-05,1748600100,2000
1.332e-05,1.332e-05,1.332e-05,1.332e-05,1748599200,2
1.328e-05,1.328e-05,1.324e-05,1.328e-05,1748598300,127
1.318e-05,1.33e-05,1.318e-05,1.328e-05,1748597400,2503
1.332e-05,1.334e-05,1.332e-05,1.334e-05,1748596500,2
1.332e-05,1.332e-05,1.332e-05,1.332e-05,1748595600,491
1.34e-05,1.34e-05,1.34e-05,1.34e-05,1748594700,99
1.334e-05,1.34e-05,1.334e-05,1.34e-05,1748593800,2180
1.336e-05,1.336e-05,1.336e-05,1.336e-05,1748592900,1338
1.338e-05,1.34e-05,1.328e-05,1.334e-05,1748592000,1688
1.338e-05,1.338e-05,1.338e-05,1.338e-05,1748591100,14
1.34e-05,1.342e-05,1.34e-05,1.34e-05,1748590200,1053
1.34e-05,1.34e-05,1.34e-05,1.34e-05,1748589300,2474
1.334e-05,1.336e-05,1.334e-05,1.336e-05,1748588400,516
1.33e-05,1.334e-05,1.328e-05,1.334e-05,1748587500,2317
1.334e-05,1.338e-05,1.334e-05,1.338e-05,1748586600,5
1.34e-05,1.344e-05,1.34e-05,1.344e-05,1748585700,7
1.348e-05,1.354e-05,1.348e-05,1.352e-05,1748584800,412
1.354e-05,1.354e-05,1.354e-05,1.354e-05,1748583900,0
1.354e-05,1.358e-05,1.354e-05,1.358e-05,1748583000,401
1.352e-05,1.352e-05,1.352e-05,1.352e-05,1748582100,0
1.352e-05,1.356e-05,1.352e-05,1.356e-05,1748581200,1210
1.352e-05,1.356e-05,1.352e-05,1.356e-05,1748580300,2294
1.35e-05,1.35e-05,1.35e-05,1.35e-05,1748579400,300
1.348e-05,1.352e-05,1.348e-05,1.352e-05,1748578500,300
1.344e-05,1.344e-05,1.344e-05,1.344e-05,1748577600,2030
1.352e-05,1.352e-05,1.352e-05,1.352e-05,1748576700,0
1.352e-05,1.354e-05,1.35e-05,1.352e-05,1748575800,2992
1.354e-05,1.354e-05,1.352e-05,1.354e-05,1748574900,3504
1.354e-05,1.36e-05,1.35e-05,1.352e-05,1748574000,7633
1.35e-05,1.35e-05,1.35e-05,1.35e-05,1748573100,1
1.35e-05,1.35e-05,1.35e-05,1.35e-05,1748572200,0
1.35e-05,1.35e-05,1.35e-05,1.35e-05,1748571300,0
1.35e-05,1.35e-05,1.346e-05,1.346e-05,1748570400,1511
1.346e-05,1.352e-05,1.346e-05,1.352e-05,1748569500,6695
1.358e-05,1.358e-05,1.352e-05,1.352e-05,1748568600,6742
1.348e-05,1.348e-05,1.342e-05,1.342e-05,1748567700,2885
1.344e-05,1.344e-05,1.34e-05,1.34e-05,1748566800,10007
1.304e-05,1.378e-05,1.304e-05,1.378e-05,1748565900,8600
1.38e-05,1.38e-05,1.376e-05,1.376e-05,1748565000,811
1.388e-05,1.388e-05,1.388e-05,1.388e-05,1748564100,0
1.388e-05,1.388e-05,1.388e-05,1.388e-05,1748563200,0
1.388e-05,1.388e-05,1.382e-05,1.388e-05,1748562300,8255
1.408e-05,1.408e-05,1.408e-05,1.408e-05,1748561400,0
1.408e-05,1.408e-05,1.408e-05,1.408e-05,1748560500,0
1.408e-05,1.408e-05,1.408e-05,1.408e-05,1748559600,0
1.408e-05,1.408e-05,1.408e-05,1.408e-05,1748558700,0
1.408e-05,1.408e-05,1.408e-05,1.408e-05,1748557800,0
1.408e-05,1.408e-05,1.408e-05,1.408e-05,1748556900,0
1.408e-05,1.408e-05,1.408e-05,1.408e-05,1748556000,0
1.408e-05,1.408e-05,1.408e-05,1.408e-05,1748555100,0
1.408e-05,1.408e-05,1.408e-05,1.408e-05,1748554200,2389
1.41e-05,1.41e-05,1.408e-05,1.408e-05,1748553300,2170
1.402e-05,1.402e-05,1.402e-05,1.402e-05,1748552400,0
1.402e-05,1.402e-05,1.402e-05,1.402e-05,1748551500,0
1.402e-05,1.406e-05,1.402e-05,1.406e-05,1748550600,5598
1.406e-05,1.406e-05,1.406e-05,1.406e-05,1748549700,2431
1.404e-05,1.404e-05,1.404e-05,1.404e-05,1748548800,1000
1.404e-05,1.404e-05,1.404e-05,1.404e-05,1748547900,557
1.402e-05,1.402e-05,1.402e-05,1.402e-05,1748547000,2000
1.398e-05,1.398e-05,1.398e-05,1.398e-05,1748546100,557
1.396e-05,1.408e-05,1.396e-05,1.408e-05,1748545200,3037
1.408e-05,1.408e-05,1.408e-05,1.408e-05,1748544300,5
1.42e-05,1.42e-05,1.42e-05,1.42e-05,1748543400,0
1.42e-05,1.42e-05,1.42e-05,1.42e-05,1748542500,0
1.42e-05,1.42e-05,1.42e-05,1.42e-05,1748541600,5202
1.424e-05,1.424e-05,1.414e-05,1.414e-05,1748540700,8317
1.41e-05,1.41e-05,1.41e-05,1.41e-05,1748539800,1000
1.408e-05,1.408e-05,1.408e-05,1.408e-05,1748538900,0
1.408e-05,1.408e-05,1.408e-05,1.408e-05,1748538000,0
1.408e-05,1.414e-05,1.408e-05,1.414e-05,1748537100,116
1.412e-05,1.414e-05,1.412e-05,1.412e-05,1748536200,701
1.416e-05,1.416e-05,1.416e-05,1.416e-05,1748535300,0
1.416e-05,1.422e-05,1.412e-05,1.418e-05,1748534400,7383
1.42e-05,1.42e-05,1.416e-05,1.418e-05,1748533500,3250
1.418e-05,1.422e-05,1.418e-05,1.422e-05,1748532600,5210
1.426e-05,1.428e-05,1.422e-05,1.424e-05,1748531700,8670
1.425e-05,1.425e-05,1.424e-05,1.424e-05,1748530800,1780
1.428e-05,1.428e-05,1.422e-05,1.422e-05,1748529900,1875
1.416e-05,1.416e-05,1.414e-05,1.414e-05,1748529000,151
1.408e-05,1.41e-05,1.402e-05,1.408e-05,1748528100,6599
1.416e-05,1.424e-05,1.416e-05,1.424e-05,1748527200,359
1.424e-05,1.426e-05,1.42e-05,1.422e-05,1748526300,3237
1.422e-05,1.432e-05,1.422e-05,1.432e-05,1748525400,3250
1.434e-05,1.44e-05,1.43e-05,1.44e-05,1748524500,2830
1.438e-05,1.438e-05,1.438e-05,1.438e-05,1748523600,18
1.428e-05,1.428e-05,1.428e-05,1.428e-05,1748522700,1993
1.43e-05,1.434e-05,1.43e-05,1.434e-05,1748521800,91
1.44e-05,1.446e-05,1.438e-05,1.438e-05,1748520900,13352
1.44e-05,1.444e-05,1.44e-05,1.444e-05,1748520000,132
1.444e-05,1.444e-05,1.444e-05,1.444e-05,1748519100,3118
1.444e-05,1.444e-05,1.444e-05,1.444e-05,1748518200,0
1.444e-05,1.444e-05,1.444e-05,1.444e-05,1748517300,20
1.442e-05,1.444e-05,1.442e-05,1.444e-05,1748516400,1147
1.448e-05,1.45e-05,1.448e-05,1.448e-05,1748515500,2130
1.44e-05,1.44e-05,1.44e-05,1.44e-05,1748514600,200
1.444e-05,1.444e-05,1.444e-05,1.444e-05,1748513700,0
1.444e-05,1.444e-05,1.444e-05,1.444e-05,1748512800,1392
1.448e-05,1.448e-05,1.444e-05,1.444e-05,1748511900,1048
1.444e-05,1.444e-05,1.444e-05,1.444e-05,1748511000,0
1.444e-05,1.444e-05,1.444e-05,1.444e-05,1748510100,1
1.444e-05,1.444e-05,1.444e-05,1.444e-05,1748509200,0
1.444e-05,1.446e-05,1.442e-05,1.442e-05,1748508300,6815
1.444e-05,1.444e-05,1.444e-05,1.444e-05,1748507400,11
1.444e-05,1.446e-05,1.44e-05,1.44e-05,1748506500,1100
1.442e-05,1.442e-05,1.44e-05,1.44e-05,1748505600,450
1.438e-05,1.44e-05,1.438e-05,1.44e-05,1748504700,800
1.44e-05,1.44e-05,1.44e-05,1.44e-05,1748503800,100
1.44e-05,1.442e-05,1.438e-05,1.438e-05,1748502900,322
1.438e-05,1.438e-05,1.434e-05,1.434e-05,1748502000,669
1.438e-05,1.44e-05,1.438e-05,1.44e-05,1748501100,501
1.44e-05,1.444e-05,1.438e-05,1.444e-05,1748500200,3709
1.442e-05,1.442e-05,1.442e-05,1.442e-05,1748499300,233
1.438e-05,1.44e-05,1.438e-05,1.44e-05,1748498400,145
1.444e-05,1.444e-05,1.444e-05,1.444e-05,1748497500,500
1.442e-05,1.442e-05,1.442e-05,1.442e-05,1748496600,64
1.44e-05,1.44e-05,1.44e-05,1.44e-05,1748495700,1226
1.436e-05,1.442e-05,1.436e-05,1.442e-05,1748494800,448
1.45e-05,1.45e-05,1.436e-05,1.436e-05,1748493900,6323
1.442e-05,1.442e-05,1.44e-05,1.442e-05,1748493000,2146
1.45e-05,1.452e-05,1.448e-05,1.448e-05,1748492100,2682
1.452e-05,1.46e-05,1.452e-05,1.46e-05,1748491200,150
1.456e-05,1.456e-05,1.454e-05,1.456e-05,1748490300,1680
1.458e-05,1.462e-05,1.458e-05,1.462e-05,1748489400,75
1.462e-05,1.466e-05,1.462e-05,1.466e-05,1748488500,81
1.47e-05,1.47e-05,1.47e-05,1.47e-05,1748487600,689
1.462e-05,1.462e-05,1.462e-05,1.462e-05,1748486700,0
1.462e-05,1.462e-05,1.456e-05,1.456e-05,1748485800,3081
1.454e-05,1.454e-05,1.444e-05,1.444e-05,1748484900,2031
1.444e-05,1.444e-05,1.444e-05,1.444e-05,1748484000,1000
1.444e-05,1.444e-05,1.444e-05,1.444e-05,1748483100,0
1.444e-05,1.444e-05,1.444e-05,1.444e-05,1748482200,1
1.448e-05,1.458e-05,1.448e-05,1.456e-05,1748481300,1401
1.448e-05,1.448e-05,1.448e-05,1.448e-05,1748480400,600
1.448e-05,1.448e-05,1.446e-05,1.446e-05,1748479500,1700
1.44e-05,1.44e-05,1.44e-05,1.44e-05,1748478600,400
1.436e-05,1.436e-05,1.436e-05,1.436e-05,1748477700,0
1.436e-05,1.436e-05,1.436e-05,1.436e-05,1748476800,0
1.436e-05,1.436e-05,1.436e-05,1.436e-05,1748475900,0
1.436e-05,1.436e-05,1.436e-05,1.436e-05,1748475000,500
1.422e-05,1.422e-05,1.422e-05,1.422e-05,1748474100,2
1.418e-05,1.418e-05,1.418e-05,1.418e-05,1748473200,0
1.418e-05,1.418e-05,1.418e-05,1.418e-05,1748472300,2
1.412e-05,1.412e-05,1.412e-05,1.412e-05,1748471400,0
1.412e-05,1.412e-05,1.412e-05,1.412e-05,1748470500,0
1.412e-05,1.412e-05,1.412e-05,1.412e-05,1748469600,0
1.412e-05,1.412e-05,1.412e-05,1.412e-05,1748468700,0
1.412e-05,1.412e-05,1.412e-05,1.412e-05,1748467800,0
1.412e-05,1.412e-05,1.41e-05,1.41e-05,1748466900,2493
1.4e-05,1.4e-05,1.4e-05,1.4e-05,1748466000,0
1.4e-05,1.4e-05,1.4e-05,1.4e-05,1748465100,0
1.4e-05,1.4e-05,1.4e-05,1.4e-05,1748464200,0
1.4e-05,1.402e-05,1.4e-05,1.402e-05,1748463300,200
1.396e-05,1.396e-05,1.396e-05,1.396e-05,1748462400,1
1.394e-05,1.396e-05,1.394e-05,1.396e-05,1748461500,880
1.404e-05,1.404e-05,1.404e-05,1.404e-05,1748460600,600
1.404e-05,1.408e-05,1.404e-05,1.406e-05,1748459700,333
1.406e-05,1.406e-05,1.406e-05,1.406e-05,1748458800,1
1.408e-05,1.414e-05,1.408e-05,1.412e-05,1748457900,2303
1.412e-05,1.412e-05,1.412e-05,1.412e-05,1748457000,100
1.416e-05,1.418e-05,1.416e-05,1.418e-05,1748456100,1014
1.418e-05,1.418e-05,1.414e-05,1.414e-05,1748455200,616
1.412e-05,1.412e-05,1.412e-05,1.412e-05,1748454300,208
1.408e-05,1.414e-05,1.408e-05,1.414e-05,1748453400,464
1.418e-05,1.418e-05,1.418e-05,1.418e-05,1748452500,207
1.418e-05,1.42e-05,1.418e-05,1.42e-05,1748451600,828
1.412e-05,1.412e-05,1.412e-05,1.412e-05,1748450700,208
1.412e-05,1.412e-05,1.41e-05,1.41e-05,1748449800,528
1.406e-05,1.406e-05,1.406e-05,1.406e-05,1748448900,0
1.406e-05,1.408e-05,1.406e-05,1.408e-05,1748448000,11
1.404e-05,1.404e-05,1.404e-05,1.404e-05,1748447100,21
1.404e-05,1.404e-05,1.404e-05,1.404e-05,1748446200,0
1.404e-05,1.406e-05,1.402e-05,1.402e-05,1748445300,511
1.402e-05,1.41e-05,1.402e-05,1.41e-05,1748444400,756
1.414e-05,1.414e-05,1.41e-05,1.41e-05,1748443500,2046
1.414e-05,1.414e-05,1.41e-05,1.41e-05,1748442600,40
1.416e-05,1.416e-05,1.414e-05,1.414e-05,1748441700,1673
1.432e-05,1.432e-05,1.432e-05,1.432e-05,1748440800,0
1.432e-05,1.432e-05,1.432e-05,1.432e-05,1748439900,0
1.432e-05,1.432e-05,1.432e-05,1.432e-05,1748439000,0
1.432e-05,1.432e-05,1.432e-05,1.432e-05,1748438100,0
1.432e-05,1.432e-05,1.432e-05,1.432e-05,1748437200,0
1.432e-05,1.432e-05,1.432e-05,1.432e-05,1748436300,0
1.432e-05,1.432e-05,1.432e-05,1.432e-05,1748435400,0
1.432e-05,1.432e-05,1.432e-05,1.432e-05,1748434500,0
1.432e-05,1.432e-05,1.432e-05,1.432e-05,1748433600,0
1.432e-05,1.432e-05,1.432e-05,1.432e-05,1748432700,0
1.432e-05,1.432e-05,1.432e-05,1.432e-05,1748431800,0
1.432e-05,1.432e-05,1.432e-05,1.432e-05,1748430900,0
1.432e-05,1.432e-05,1.432e-05,1.432e-05,1748430000,0
1.432e-05,1.432e-05,1.432e-05,1.432e-05,1748429100,0
1.432e-05,1.432e-05,1.432e-05,1.432e-05,1748428200,0
1.432e-05,1.432e-05,1.432e-05,1.432e-05,1748427300,0
1.432e-05,1.432e-05,1.432e-05,1.432e-05,1748426400,0
1.432e-05,1.432e-05,1.432e-05,1.432e-05,1748425500,0
1.432e-05,1.432e-05,1.432e-05,1.432e-05,1748424600,0
1.432e-05,1.432e-05,1.432e-05,1.432e-05,1748423700,0
1.432e-05,1.432e-05,1.432e-05,1.432e-05,1748422800,0
1.432e-05,1.432e-05,1.432e-05,1.432e-05,1748421900,0
1.432e-05,1.432e-05,1.432e-05,1.432e-05,1748421000,0
1.432e-05,1.432e-05,1.432e-05,1.432e-05,1748420100,0
1.432e-05,1.432e-05,1.432e-05,1.432e-05,1748419200,0
1.432e-05,1.432e-05,1.432e-05,1.432e-05,1748418300,0
1.432e-05,1.434e-05,1.43e-05,1.43e-05,1748417400,7764
1.424e-05,1.424e-05,1.424e-05,1.424e-05,1748416500,0
1.424e-05,1.424e-05,1.424e-05,1.424e-05,1748415600,100
1.424e-05,1.428e-05,1.424e-05,1.424e-05,1748414700,25
1.424e-05,1.426e-05,1.424e-05,1.426e-05,1748413800,64
1.424e-05,1.428e-05,1.424e-05,1.424e-05,1748412900,610
1.426e-05,1.43e-05,1.424e-05,1.43e-05,1748412000,8145
1.436e-05,1.436e-05,1.436e-05,1.436e-05,1748411100,0
1.436e-05,1.436e-05,1.436e-05,1.436e-05,1748410200,599
1.436e-05,1.436e-05,1.436e-05,1.436e-05,1748409300,100
1.43e-05,1.436e-05,1.43e-05,1.434e-05,1748408400,2200
1.44e-05,1.44e-05,1.438e-05,1.438e-05,1748407500,3345
1.436e-05,1.438e-05,1.43e-05,1.43e-05,1748406600,1267
1.44e-05,1.44e-05,1.436e-05,1.436e-05,1748405700,3445
1.436e-05,1.436e-05,1.436e-05,1.436e-05,1748404800,600
1.44e-05,1.442e-05,1.44e-05,1.442e-05,1748403900,588
1.438e-05,1.438e-05,1.438e-05,1.438e-05,1748403000,0
1.438e-05,1.438e-05,1.438e-05,1.438e-05,1748402100,0
1.438e-05,1.438e-05,1.438e-05,1.438e-05,1748401200,1
1.442e-05,1.444e-05,1.442e-05,1.444e-05,1748400300,185
1.44e-05,1.44e-05,1.434e-05,1.434e-05,1748399400,2700
1.432e-05,1.44e-05,1.432e-05,1.438e-05,1748398500,1703
1.442e-05,1.442e-05,1.438e-05,1.442e-05,1748397600,1292
1.442e-05,1.442e-05,1.442e-05,1.442e-05,1748396700,0
1.442e-05,1.442e-05,1.442e-05,1.442e-05,1748395800,0
1.442e-05,1.442e-05,1.442e-05,1.442e-05,1748394900,0
1.442e-05,1.442e-05,1.442e-05,1.442e-05,1748394000,0
1.442e-05,1.442e-05,1.442e-05,1.442e-05,1748393100,0
1.442e-05,1.442e-05,1.442e-05,1.442e-05,1748392200,0
1.442e-05,1.442e-05,1.442e-05,1.442e-05,1748391300,0
1.442e-05,1.442e-05,1.442e-05,1.442e-05,1748390400,0
1.442e-05,1.442e-05,1.442e-05,1.442e-05,1748389500,0
1.442e-05,1.442e-05,1.442e-05,1.442e-05,1748388600,0
1.442e-05,1.442e-05,1.442e-05,1.442e-05,1748387700,0
1.442e-05,1.442e-05,1.442e-05,1.442e-05,1748386800,0
1.442e-05,1.444e-05,1.44e-05,1.442e-05,1748385900,296
1.442e-05,1.442e-05,1.442e-05,1.442e-05,1748385000,6
1.448e-05,1.448e-05,1.448e-05,1.448e-05,1748384100,0
1.448e-05,1.448e-05,1.448e-05,1.448e-05,1748383200,0
1.448e-05,1.448e-05,1.448e-05,1.448e-05,1748382300,0
1.448e-05,1.448e-05,1.448e-05,1.448e-05,1748381400,0
1.448e-05,1.456e-05,1.448e-05,1.456e-05,1748380500,134
1.454e-05,1.454e-05,1.454e-05,1.454e-05,1748379600,0
1.454e-05,1.454e-05,1.452e-05,1.452e-05,1748378700,136
1.45e-05,1.45e-05,1.45e-05,1.45e-05,1748377800,0
1.45e-05,1.45e-05,1.45e-05,1.45e-05,1748376900,0
1.45e-05,1.45e-05,1.45e-05,1.45e-05,1748376000,4
1.45e-05,1.45e-05,1.448e-05,1.45e-05,1748375100,9
1.452e-05,1.452e-05,1.452e-05,1.452e-05,1748374200,137
1.448e-05,1.448e-05,1.448e-05,1.448e-05,1748373300,100
1.452e-05,1.452e-05,1.452e-05,1.452e-05,1748372400,0
1.452e-05,1.452e-05,1.452e-05,1.452e-05,1748371500,137
1.454e-05,1.458e-05,1.454e-05,1.458e-05,1748370600,988
1.458e-05,1.46e-05,1.456e-05,1.46e-05,1748369700,502
1.462e-05,1.462e-05,1.462e-05,1.462e-05,1748368800,0
1.462e-05,1.462e-05,1.462e-05,1.462e-05,1748367900,100
1.46e-05,1.46e-05,1.46e-05,1.46e-05,1748367000,1308
1.458e-05,1.458e-05,1.458e-05,1.458e-05,1748366100,400
1.462e-05,1.464e-05,1.46e-05,1.462e-05,1748365200,4366
1.458e-05,1.464e-05,1.456e-05,1.462e-05,1748364300,1718
1.46e-05,1.462e-05,1.456e-05,1.456e-05,1748363400,866
